CAL,DT,GR,NPHI,ILD,RHOB,SP,porosite,K,Well Name,logK
11.35504,144.35498,85.66113,0.50875,0.67578,2.1385,7.3613,0.211634235299052,1496.22552938727,p5,3.1749970606315214
11.42816,143.9624,83.76367,0.5061,0.67456,2.15252,7.34058,0.217966816698396,1568.458647672,p5,3.195473073034014
11.43793,143.90991,83.50977,0.50575,0.6744,2.1544,7.3378,0.218750312985321,1577.54369308649,p5,3.197981396698152
11.43799,143.90967,83.50879,0.50575,0.6744,2.1544,7.33778,0.218754545283843,1577.59285755294,p5,3.1979949313621163
11.462,143.78101,82.887,0.50488,0.674,2.159,7.331,0.220609604138241,1599.23359664699,p5,3.20391190485014
11.46915,143.68042,82.63086,0.50445,0.67495,2.15745,7.32336,0.22175865931173,1612.72999841564,p5,3.207561664342814
11.46915,143.68042,82.63086,0.50445,0.67495,2.15745,7.32336,0.22175865931173,1612.72999841564,p5,3.207561664342814
11.48169,143.50366,82.18359,0.5037,0.67662,2.15474,7.31,0.223741426015722,1636.183764836,p5,3.213832079024993
11.49799,143.27393,81.60059,0.50272,0.6788,2.1512,7.2926,0.226281695035903,1666.53719444256,p5,3.221815010862376
11.51825,142.98877,80.87793,0.5015,0.6815,2.14681,7.271,0.229361258248029,1703.79412396007,p5,3.2314171161174134
11.522,142.936,80.744,0.50127,0.682,2.146,7.267,0.229922472459949,1710.6380140135,p5,3.2331581187470384
11.50299,143.04785,81.15723,0.49963,0.682,2.14255,7.26038,0.228344476929526,1691.43734402058,p5,3.2282559148345484
11.50299,143.04785,81.15723,0.49963,0.682,2.14255,7.26038,0.228344476929526,1691.43734402058,p5,3.2282559148345484
11.46716,143.25952,81.93945,0.49653,0.682,2.13601,7.24782,0.225286645922655,1654.60677671358,p5,3.2186947987193184
11.4671,143.26001,81.94141,0.49652,0.682,2.13599,7.24779,0.225278750146332,1654.51231738898,p5,3.218670004710833
11.44696,143.37891,82.38086,0.49478,0.682,2.13232,7.24074,0.223517270819733,1633.52201740632,p5,3.2131249924837118
11.385,143.745,83.734,0.48941,0.682,2.121,7.219,0.217887216454959,1567.53759090347,p5,3.1952179643838994
11.33911,143.93555,83.82446,0.48919,0.67982,2.11882,7.23618,0.217758618164196,1566.05006696011,p5,3.194805642432602
11.33911,143.93555,83.82446,0.48919,0.67982,2.11882,7.23618,0.217758618164196,1566.05006696011,p5,3.194805642432602
11.33887,143.93604,83.82471,0.48919,0.67981,2.11881,7.23624,0.217758895445856,1566.05327334236,p5,3.1948065316204524
11.32617,143.98926,83.8501,0.48913,0.6792,2.1182,7.241,0.21772247993538,1565.63220640437,p5,3.1946897465537747
11.15967,144.68018,84.17847,0.48835,0.67127,2.11027,7.30331,0.21723887245752,1560.04700452849,p5,3.193137683931262
11.091,144.965,84.314,0.48803,0.668,2.107,7.329,0.217029700735345,1557.63511976725,p5,3.192465730595421
11.07492,144.96133,83.87988,0.4897,0.66537,2.1063,7.31766,0.219491857760128,1586.17248337149,p5,3.2003504115461885
11.07492,144.96133,83.87988,0.4897,0.66537,2.1063,7.31766,0.219491857760128,1586.17248337149,p5,3.2003504115461885
11.0564,144.95709,83.37988,0.49163,0.66236,2.1055,7.30457,0.222298053562193,1619.08993275518,p5,3.2092709724189534
11.01743,144.94821,82.32617,0.49569,0.656,2.1038,7.27704,0.228109267487539,1688.5867174667,p5,3.227523368761905
11.01736,144.9482,82.3252,0.49569,0.65599,2.1038,7.27701,0.22811340888523,1688.63688399101,p5,3.2275362711025593
11.00031,144.94431,81.86426,0.49747,0.65321,2.10306,7.26492,0.230613884063165,1719.0926505713,p5,3.2352992836373358
10.999,144.944,81.829,0.4976,0.653,2.103,7.264,0.230803003811801,1721.40963309164,p5,3.235884228969387
10.97571,144.82031,81.59814,0.49982,0.65203,2.10358,7.24374,0.232224928363915,1738.89106587109,p5,3.2402723761528476
10.97571,144.82031,81.59814,0.49982,0.65203,2.10358,7.24374,0.232224928363915,1738.89106587109,p5,3.2402723761528476
10.927,144.56201,81.11572,0.50447,0.65002,2.10478,7.20151,0.2351859350461,1775.63887941005,p5,3.2493546457745865
10.92639,144.55884,81.10986,0.50452,0.65,2.1048,7.20099,0.235219384010224,1776.05665981249,p5,3.2494568165390905
10.878,144.302,80.63,0.50914,0.648,2.106,7.159,0.238142878619261,1812.80090005818,p5,3.2583501081471926
10.95227,144.22339,80.75781,0.50932,0.65189,2.10518,7.1637,0.237754547392016,1807.89411015403,p5,3.2571729898990087
10.95496,144.22058,80.76221,0.50933,0.65203,2.10515,7.16387,0.237742315582341,1807.73968488446,p5,3.257135892091939
10.95496,144.22058,80.76221,0.50933,0.65203,2.10515,7.16387,0.237742315582341,1807.73968488446,p5,3.257135892091939
11.02319,144.14844,80.87988,0.5095,0.6556,2.1044,7.1682,0.237382520956223,1803.20084917435,p5,3.256044103222688
11.02332,144.14819,80.88013,0.5095,0.65561,2.1044,7.16821,0.237381420462639,1803.18697682346,p5,3.256040762103688
11.17358,143.98914,81.13892,0.50987,0.66348,2.10274,7.17773,0.236581190515367,1793.11670276802,p5,3.2536085559976575
11.241,143.918,81.255,0.51004,0.667,2.102,7.182,0.236218598092018,1788.56494890281,p5,3.2525047154874733
11.27985,144.04858,81.60498,0.51023,0.667,2.103,7.20538,0.234707394499963,1769.6690179556,p5,3.247892047651706
11.28583,144.0686,81.65918,0.51026,0.667,2.10316,7.20898,0.234471092987948,1766.72529283184,p5,3.2471690265401354
11.28583,144.0686,81.65918,0.51026,0.667,2.10316,7.20898,0.234471092987948,1766.72529283184,p5,3.2471690265401354
11.32324,144.19434,81.99658,0.51044,0.667,2.10412,7.23157,0.232993093429789,1748.38039494506,p5,3.2426359279852455
11.435,144.57001,83.006,0.51098,0.667,2.107,7.299,0.228461585397619,1692.85847815424,p5,3.2286206528958763
11.435,144.58765,83.06836,0.51116,0.6667,2.1076,7.3002,0.228157430062416,1689.17088373197,p5,3.227673586875816
11.435,144.69995,83.4707,0.51232,0.66476,2.11148,7.30795,0.226178451459833,1665.29761782626,p5,3.221491860802709
11.435,144.69995,83.4707,0.51232,0.66476,2.11148,7.30795,0.226178451459833,1665.29761782626,p5,3.221491860802709
11.435,144.90552,84.20703,0.51445,0.66121,2.11858,7.32214,0.222491015909724,1621.36929756025,p5,3.2098819449077225
11.435,144.98755,84.5,0.51529,0.6598,2.1214,7.32777,0.220997741776161,1603.78537546833,p5,3.2051462489316993
11.435,144.98779,84.50098,0.51529,0.6598,2.12141,7.3278,0.220991963421554,1603.71756296972,p5,3.2051278853669447
11.435,145.092,84.874,0.51637,0.658,2.125,7.335,0.219071983685077,1581.2836003141,p5,3.1990097668367103
11.42969,145.13245,85.56738,0.51909,0.658,2.13107,7.335,0.215637356618246,1541.64018330447,p5,3.18798302180824
11.42938,145.13477,85.60742,0.51925,0.658,2.13142,7.335,0.215436946439338,1539.34633650197,p5,3.1873363424499757
11.42938,145.13477,85.60742,0.51925,0.658,2.13142,7.335,0.215436946439338,1539.34633650197,p5,3.1873363424499757
11.4224,145.18799,86.51855,0.52283,0.658,2.1394,7.335,0.210774182795323,1486.57954375472,p5,3.172188152349905
11.41689,145.22992,87.2373,0.52565,0.658,2.1457,7.335,0.206973805921718,1444.42605371181,p5,3.159695313375133
11.414,145.252,87.614,0.52713,0.658,2.149,7.335,0.204938430284571,1422.16520284194,p5,3.152950048232943
11.38342,145.13489,86.64453,0.52959,0.66171,2.15242,7.33385,0.210142701867694,1479.52214936017,p5,3.170121471201887
11.38342,145.13489,86.64453,0.52959,0.66171,2.15242,7.33385,0.210142701867694,1479.52214936017,p5,3.170121471201887
11.37122,145.08801,86.25684,0.53057,0.6632,2.15379,7.3334,0.212167607333523,1502.2275705119,p5,3.1767357283613396
11.37115,145.08789,86.25488,0.53057,0.6632,2.1538,7.3334,0.212176282002882,1502.3253083334,p5,3.1767639834783417
11.36346,145.05847,86.01172,0.53119,0.66414,2.15466,7.33311,0.21343180932914,1516.51357035894,p5,3.1808463009016354
11.307,144.842,84.22,0.53574,0.671,2.161,7.331,0.22232694417453,1619.43169738624,p5,3.209362635536191
11.2951,144.67285,83.71484,0.53542,0.67222,2.16174,7.32324,0.224435215016481,1644.44063606903,p5,3.216018200170154
11.27777,144.42871,82.98242,0.53495,0.674,2.1628,7.31198,0.227403679228021,1680.05358259001,p5,3.225323133066383
11.26251,144.21289,82.33594,0.53454,0.67557,2.16374,7.30203,0.229940293936007,1710.85636449858,p5,3.2332135497373775
11.26251,144.21289,82.33594,0.53454,0.67557,2.16374,7.30203,0.229940293936007,1710.85636449858,p5,3.2332135497373775
11.20605,143.41406,79.94336,0.53301,0.68137,2.16722,7.26529,0.238686025167834,1819.67800370144,p5,3.259994545354556
11.161,142.778,78.035,0.5318,0.686,2.17,7.236,0.245006254861699,1900.84780137789,p5,3.278947344814996
11.17363,142.70215,77.22852,0.52468,0.6848,2.15677,7.22757,0.247781914041198,1937.16550052619,p5,3.287166725982327
11.17458,142.69641,77.16797,0.52415,0.68471,2.15578,7.22694,0.247987683520707,1939.87414973678,p5,3.2877735557819046
11.17458,142.69641,77.16797,0.52415,0.68471,2.15578,7.22694,0.247987683520707,1939.87414973678,p5,3.2877735557819046
11.19458,142.57629,75.88965,0.51287,0.6828,2.13481,7.2136,0.252210140727443,1995.95297610001,p5,3.300150305257539
11.19461,142.57617,75.8877,0.51286,0.6828,2.1348,7.21358,0.252215328201315,1996.02245358718,p5,3.30016542242939
11.19922,142.54858,75.59375,0.51025,0.68236,2.12996,7.21051,0.253156200133213,2008.64750316144,p5,3.302903729250131
11.203,142.526,75.352,0.50813,0.682,2.126,7.208,0.253926915797446,2019.02434421811,p5,3.3051415554448043
11.1907,143.11182,75.90234,0.50971,0.67311,2.12019,7.21757,0.253542352344982,2013.84263914214,p5,3.304025531946381
11.1907,143.11182,75.90234,0.50971,0.67311,2.12019,7.21757,0.253542352344982,2013.84263914214,p5,3.304025531946381
11.18428,143.41748,76.18945,0.51054,0.66848,2.11716,7.22256,0.253320797850089,2010.86092382013,p5,3.303382034740878
11.1814,143.55469,76.31836,0.51091,0.6664,2.1158,7.2248,0.253215429469394,2009.44377408088,p5,3.303075858774863
11.167,144.24001,76.962,0.51276,0.656,2.109,7.236,0.252643557838097,2001.76268218014,p5,3.301412588663362
11.14716,144.31421,77.24609,0.50968,0.6525,2.10991,7.2435,0.250675885239151,1975.46648543509,p5,3.2956696661034837
11.11188,144.44653,77.75195,0.5042,0.64629,2.11152,7.25687,0.247168977056515,1929.10954421602,p5,3.2853568896956014
11.11188,144.44653,77.75195,0.5042,0.64629,2.11152,7.25687,0.247168977056515,1929.10954421602,p5,3.2853568896956014
11.10577,144.46948,77.83984,0.50325,0.6452,2.1118,7.25919,0.246559413228916,1921.1184984232,p5,3.283554153838321
11.10571,144.46973,77.84082,0.50324,0.64519,2.1118,7.25922,0.246553207849822,1921.03725086004,p5,3.2835357863536814
11.05383,144.66431,78.58496,0.49519,0.63604,2.11417,7.27887,0.241380969151409,1854.02779856601,p5,3.2681162414985083
11.014,144.814,79.157,0.489,0.629,2.116,7.294,0.237391449941771,1803.31169526316,p5,3.256070799286618
10.98175,145.25,79.66699,0.4881,0.6268,2.1178,7.27979,0.235117026058445,1774.77690358913,p5,3.2491437683040054
10.95782,145.57324,80.04395,0.48743,0.62516,2.11914,7.26923,0.233414228799916,1753.59352800237,p5,3.243928933954113
10.95312,145.6377,80.11816,0.4873,0.62484,2.1194,7.26715,0.233078291228022,1749.4325360894,p5,3.2428971993087616
10.95312,145.6377,80.11816,0.4873,0.62484,2.1194,7.26715,0.233078291228022,1749.4325360894,p5,3.2428971993087616
10.85962,146.90137,81.59375,0.48469,0.61846,2.12463,7.22595,0.226238402323149,1666.01548989764,p5,3.221679034973408
10.853,146.992,81.699,0.4845,0.618,2.125,7.223,0.225739592630474,1660.02936707913,p5,3.220115771080779
10.853,148.97852,80.91699,0.48616,0.62634,2.12381,7.20157,0.230067096265653,1712.40307677088,p5,3.2336059994842845
10.853,148.97852,80.91699,0.48616,0.62634,2.12381,7.20157,0.230067096265653,1712.40307677088,p5,3.2336059994842845
10.853,149.83398,80.58008,0.48688,0.62992,2.1233,7.19234,0.231914050143635,1735.05867772026,p5,3.239314166722976
10.853,150.99414,80.12402,0.48785,0.63479,2.1226,7.17982,0.234397949447781,1765.81298375974,p5,3.2469447057976044
10.853,150.99609,80.12305,0.48785,0.6348,2.1226,7.17979,0.234402313824106,1765.86730941422,p5,3.2469580667646283
10.853,151.994,79.729,0.48869,0.639,2.122,7.169,0.236531540886142,1792.49155453957,p5,3.253457118133142
10.8988,152.01801,79.71088,0.48876,0.64024,2.11987,7.16598,0.236914218173157,1797.30218849332,p5,3.2546211031310333
10.95996,152.05017,79.68655,0.48886,0.64191,2.11701,7.16193,0.237429829363213,1803.79623168428,p5,3.2561874753049134
10.95996,152.05017,79.68655,0.48886,0.64191,2.11701,7.16193,0.237429829363213,1803.79623168428,p5,3.2561874753049134
11.00732,152.07501,79.66779,0.48893,0.6432,2.1148,7.1588,0.237826344809553,1808.7998855463,p5,3.2573905218568675
11.0553,152.10028,79.64871,0.489,0.64451,2.11256,7.15562,0.238228422462149,1813.88225492152,p5,3.258609092152123
11.11,152.129,79.627,0.48909,0.646,2.11,7.152,0.238690354108052,1819.73179167259,p5,3.260007382501444
11.12944,147.30078,80.49902,0.49272,0.64997,2.11079,7.16907,0.23465727955745,1769.04339813225,p5,3.247738487142722
11.12959,147.26562,80.50586,0.49274,0.65,2.1108,7.16919,0.234623383273942,1768.62104362034,p5,3.2476347880848713
11.12961,147.26172,80.50684,0.49275,0.65,2.1108,7.1692,0.234620921149243,1768.5903676488,p5,3.247627255368492
11.13127,146.85156,80.58105,0.49306,0.65034,2.11087,7.17065,0.234273512900028,1764.26515690525,p5,3.246563857171518
11.13127,146.85156,80.58105,0.49306,0.65034,2.11087,7.17065,0.234273512900028,1764.26515690525,p5,3.246563857171518
11.159,139.97099,81.825,0.49823,0.656,2.112,7.195,0.228343978604299,1691.4310625331,p5,3.2282543019930054
11.1579,140.00977,81.83545,0.49826,0.65603,2.11199,7.19617,0.22832089888869,1691.15121937619,p5,3.228182443082272
11.12378,141.18359,82.13965,0.49924,0.657,2.1116,7.23242,0.227691041184131,1683.5250856645,p5,3.226219592054371
11.07935,142.71289,82.53662,0.50051,0.65826,2.11109,7.27966,0.226832952780436,1673.1694913932,p5,3.2235399370463043
11.07935,142.71289,82.53662,0.50051,0.65826,2.11109,7.27966,0.226832952780436,1673.1694913932,p5,3.2235399370463043
11.05054,143.70312,82.79346,0.50134,0.65908,2.11077,7.31024,0.226258342457467,1666.2568245192,p5,3.22174194117358
10.983,146.02901,83.396,0.50328,0.661,2.11,7.382,0.224847132251801,1649.35410061363,p5,3.217313904542871
10.9491,147.61719,82.83105,0.50063,0.65897,2.11,7.39035,0.227147640468108,1676.96295683375,p5,3.224523469391788
10.91235,149.3457,82.2168,0.49774,0.65676,2.11,7.39943,0.229581006537738,1706.47211575319,p5,3.2320991961754775
10.91235,149.3457,82.2168,0.49774,0.65676,2.11,7.39943,0.229581006537738,1706.47211575319,p5,3.2320991961754775
10.86298,151.66406,81.3916,0.49386,0.6538,2.11,7.41161,0.232745059097289,1745.31246289002,p5,3.2418731898974675
10.86292,151.66602,81.39062,0.49385,0.6538,2.11,7.41162,0.232747126623582,1745.33801642557,p5,3.241879548459889
10.85773,151.91016,81.30371,0.49345,0.65348,2.11,7.4129,0.233075785302509,1749.40298265162,p5,3.2428898626421017
10.833,153.07401,80.889,0.4915,0.652,2.11,7.419,0.23461576111474,1768.52634954302,p5,3.247611534818503
10.85437,154.13672,79.92773,0.48795,0.6431,2.11356,7.40877,0.237356977786334,1802.87799610805,p5,3.2559663382532844
10.85652,154.24316,79.83105,0.48759,0.6422,2.11392,7.40773,0.237622163002251,1806.2223382332,p5,3.2567712090585905
10.85652,154.24316,79.83105,0.48759,0.6422,2.11392,7.40773,0.237622163002251,1806.2223382332,p5,3.2567712090585905
10.86182,154.50684,79.5918,0.48671,0.64,2.1148,7.40519,0.238275662010051,1814.47977954126,p5,3.25875213281071
10.881,155.461,78.729,0.48352,0.632,2.118,7.396,0.240542486767438,1843.29851560161,p5,3.2655956733527196
10.881,155.29785,78.93359,0.48369,0.63227,2.11909,7.39339,0.239626737983735,1831.623343955,p5,3.262836169954064
10.881,154.26074,80.24023,0.48475,0.634,2.126,7.3768,0.233668345322704,1756.74543952918,p5,3.2447088347922177
10.881,154.25879,80.24219,0.48475,0.634,2.12601,7.37677,0.23365877143998,1756.62664344433,p5,3.244679465580575
10.881,153.93359,80.65234,0.48509,0.63454,2.12817,7.37157,0.231750378790789,1733.0438537065,p5,3.2388095524321945
10.881,153.93359,80.65234,0.48509,0.63454,2.12817,7.37157,0.231750378790789,1733.0438537065,p5,3.2388095524321945
10.881,153.46777,81.24023,0.48556,0.63532,2.13128,7.36412,0.228972897526414,1699.06694948227,p5,3.2302104920049266
10.881,152.46001,82.512,0.4866,0.637,2.138,7.348,0.222820831358169,1625.26740748923,p5,3.210924826264221
10.85431,150.28516,83.06152,0.48816,0.6362,2.14581,7.33859,0.219248121648765,1583.33191943833,p5,3.199571967086001
10.8446,149.49219,83.2627,0.48873,0.6359,2.14867,7.33514,0.217934810611062,1568.08701522187,p5,3.1953701585921475
10.81091,146.73828,83.95898,0.4907,0.63489,2.15855,7.32324,0.213363285846769,1515.73511431919,p5,3.1806233118231977
10.81091,146.73828,83.95898,0.4907,0.63489,2.15855,7.32324,0.213363285846769,1515.73511431919,p5,3.1806233118231977
10.76349,142.86719,84.9375,0.49347,0.63346,2.17245,7.30649,0.206868600608829,1443.26802360475,p5,3.159346989696192
10.748,141.597,85.258,0.49438,0.633,2.177,7.301,0.204723672330084,1419.82716046238,p5,3.1522354797167975
10.68201,141.21899,85.96338,0.49114,0.63349,2.17158,7.35519,0.201240618501715,1382.28322207285,p5,3.140597036657097
10.67499,141.17896,86.03809,0.4908,0.63354,2.17101,7.36093,0.200866824849878,1378.29236812979,p5,3.13934135138687
10.67499,141.17896,86.03809,0.4908,0.63354,2.17101,7.36093,0.200866824849878,1378.29236812979,p5,3.13934135138687
10.64081,140.9834,86.40283,0.48913,0.6338,2.1682,7.38898,0.199028280319889,1358.77092022433,p5,3.1331462437313657
10.64075,140.98315,86.40381,0.48912,0.6338,2.16819,7.38901,0.199022394179139,1358.70871000387,p5,3.133126359456858
10.614,140.83,86.69,0.48781,0.634,2.166,7.411,0.197561052308928,1343.32085106646,p5,3.1281797559339948
10.59534,140.93115,86.64087,0.48559,0.63369,2.16457,7.42291,0.197482121128599,1342.49288808411,p5,3.1279119936833193
10.51147,141.38672,86.42114,0.47559,0.63231,2.15811,7.47638,0.197105929528522,1338.55131537942,p5,3.1266350251747483
10.51147,141.38672,86.42114,0.47559,0.63231,2.15811,7.47638,0.197105929528522,1338.55131537942,p5,3.1266350251747483
10.50482,141.42285,86.40356,0.47479,0.6322,2.1576,7.48059,0.197073886430475,1338.2159299059,p5,3.126526195345424
10.48444,141.5332,86.35034,0.47237,0.63186,2.15603,7.49359,0.196979693103978,1337.23035100791,p5,3.1262062251787324
10.432,141.81799,86.213,0.46611,0.631,2.152,7.527,0.196723976740393,1334.55707990037,p5,3.1253371535867105
10.3905,142.10254,85.40625,0.46413,0.62811,2.15361,7.54179,0.199841216919418,1367.37977452978,p5,3.135889151785262
10.38037,142.17163,85.20996,0.46365,0.6274,2.154,7.54538,0.200578770008609,1375.22125871923,p5,3.138372577228366
10.38031,142.17212,85.20898,0.46364,0.6274,2.154,7.54541,0.20058089783301,1375.24392279722,p5,3.1383797344787645
10.35693,142.33252,84.75293,0.46252,0.62576,2.15491,7.55376,0.202261216154152,1393.21671590962,p5,3.1440186765124096
10.35693,142.33252,84.75293,0.46252,0.62576,2.15491,7.55376,0.202261216154152,1393.21671590962,p5,3.1440186765124096
10.31189,142.64111,83.87695,0.46037,0.62262,2.15666,7.56982,0.205369050992963,1426.85341091467,p5,3.154379357767076
10.303,142.702,83.704,0.45995,0.622,2.157,7.573,0.205966341446405,1433.37675802287,p5,3.1563603581743678
10.29919,143.17969,84.13281,0.45901,0.622,2.1606,7.54456,0.20361669756864,1407.82407119442,p5,3.148548386565153
10.29272,143.99316,84.8623,0.4574,0.622,2.16674,7.49615,0.199566212046777,1364.46283046124,p5,3.1349617094852507
10.29158,144.13672,84.99023,0.45711,0.622,2.16782,7.48761,0.198847396756287,1356.85879847433,p5,3.132534655151177
10.29158,144.13672,84.99023,0.45711,0.622,2.16782,7.48761,0.198847396756287,1356.85879847433,p5,3.132534655151177
10.284,145.088,85.844,0.45523,0.622,2.175,7.431,0.194013489164122,1306.43570042615,p5,3.116088039675821
10.26987,145.54395,86.05908,0.45491,0.62996,2.17455,7.38135,0.19314465651832,1297.5045771786,p5,3.11310889857437
10.2258,146.96484,86.72754,0.45392,0.6548,2.17314,7.22668,0.190385453131563,1269.40721099831,p5,3.1036009610394473
10.2258,146.96484,86.72754,0.45392,0.6548,2.17314,7.22668,0.190385453131563,1269.40721099831,p5,3.1036009610394473
10.21259,147.3916,86.92822,0.45362,0.66226,2.17272,7.1803,0.18953729424382,1260.85150571026,p5,3.100663941412031
10.20883,147.51367,86.98535,0.45353,0.66438,2.1726,7.16711,0.18929337277844,1258.39804701905,p5,3.0998180356089464
10.20877,147.51465,86.98633,0.45353,0.6644,2.1726,7.16687,0.18928900080073,1258.35410038262,p5,3.099802868615469
10.19,148.121,87.271,0.45311,0.675,2.172,7.101,0.18806891726548,1246.12972017506,p5,3.095563254059775
10.19369,146.06445,88.19336,0.45504,0.68461,2.16756,7.04333,0.183968994200577,1205.62999090392,p5,3.081214042825219
10.196,144.7832,88.76758,0.45624,0.69061,2.1648,7.00739,0.181313841893397,1179.87815549046,p5,3.0718371605854866
10.19637,144.57422,88.86133,0.45644,0.69158,2.16435,7.00153,0.180873553807742,1175.64406762571,p5,3.070275856720057
10.19637,144.57422,88.86133,0.45644,0.69158,2.16435,7.00153,0.180873553807742,1175.64406762571,p5,3.070275856720057
10.19979,142.67773,89.71289,0.45822,0.70045,2.16025,6.9483,0.176766219099786,1136.6412784296,p5,3.055623423896529
10.2,142.561,89.765,0.45833,0.701,2.16,6.945,0.176508748143704,1134.22620132871,p5,3.054699675537746
10.14526,142.15088,91.38672,0.46396,0.6994,2.168,6.945,0.167699445641233,1053.71533024671,p5,3.022723298541227
10.1452,142.15039,91.38867,0.46397,0.6994,2.16801,6.945,0.167689041327931,1053.62267864486,p5,3.0226851100026257
10.11938,141.95703,92.15234,0.46662,0.69864,2.17178,6.945,0.163292709763627,1014.98720059749,p5,3.0064605656532413
10.11023,141.88867,92.42188,0.46757,0.69838,2.17312,6.945,0.161702760738594,1001.26725774195,p5,3.0005500146129007
10.11023,141.88867,92.42188,0.46757,0.69838,2.17312,6.945,0.161702760738594,1001.26725774195,p5,3.0005500146129007
10.063,141.535,93.816,0.47241,0.697,2.18,6.945,0.15311568548814,929.48828409628,p5,2.968243919998823
10.07843,141.16699,94.42578,0.47333,0.69324,2.18238,6.9448,0.148962686497642,896.178335696081,p5,2.9523944410260663
10.07858,141.16309,94.43164,0.47334,0.6932,2.1824,6.9448,0.148922610433447,895.861359529794,p5,2.95224080491888
10.1156,140.28125,95.89258,0.47553,0.68418,2.1881,6.94433,0.138482150534576,816.189313141773,p5,2.9117909039952745
10.1156,140.28125,95.89258,0.47553,0.68418,2.1881,6.94433,0.138482150534576,816.189313141773,p5,2.9117909039952745
10.12601,140.03418,96.30371,0.47614,0.68165,2.1897,6.94419,0.135412076585713,793.862641245652,p5,2.8997453647575604
10.141,139.677,96.894,0.47703,0.678,2.192,6.944,0.130898163387458,761.944816468387,p5,2.881923518884075
10.11218,139.81897,96.6062,0.46932,0.678,2.19033,6.92522,0.131992397262108,769.58266823728,p5,2.8862552783986897
10.09311,139.91296,96.41553,0.46422,0.678,2.18922,6.91278,0.132682083827814,774.42940477747,p5,2.8889818346027023
10.09311,139.91296,96.41553,0.46422,0.678,2.18922,6.91278,0.132682083827814,774.42940477747,p5,2.8889818346027023
10.08582,139.94897,96.34229,0.46227,0.678,2.1888,6.90802,0.13294024081678,776.25008539555,p5,2.8900016609615307
10.08578,139.9491,96.34204,0.46226,0.678,2.1888,6.90799,0.132940456032147,776.25160457304,p5,2.890002510906372
10.072,140.017,96.204,0.45857,0.678,2.188,6.899,0.133413845674352,779.599435169224,p5,2.891871515793226
10.06042,140.06299,96.28418,0.45797,0.67797,2.18762,6.89539,0.132781035980734,775.126786636034,p5,2.8893727453874556
9.81702,141.02881,97.95996,0.44531,0.6774,2.1796,6.81976,0.119087716539033,683.552217630845,p5,2.8347716966108116
9.80139,141.09033,98.06641,0.4445,0.67736,2.17909,6.81494,0.118186256585526,677.873002781545,p5,2.8311483378827784
9.76941,141.21729,98.28711,0.44285,0.67729,2.17804,6.80505,0.116308517324708,666.181773439018,p5,2.8235927463330275
9.76941,141.21729,98.28711,0.44285,0.67729,2.17804,6.80505,0.116308517324708,666.181773439018,p5,2.8235927463330275
9.647,141.703,99.13,0.43648,0.677,2.174,6.767,0.108970637501587,622.289985267723,p5,2.7939928117863935
9.65243,142.06201,98.42969,0.43186,0.68365,2.16858,6.7074,0.114436453504061,654.712265473275,p5,2.816050477133184
9.6558,142.28516,97.99512,0.42899,0.6878,2.16521,6.67029,0.117709477601508,674.886725884367,p5,2.8292308862361217
9.65582,142.28564,97.99316,0.42898,0.68781,2.1652,6.67017,0.117723993274579,674.977465456462,p5,2.8292892738809874
9.66307,142.76611,97.05664,0.42279,0.69672,2.15794,6.59021,0.124483314176851,718.446702214859,p5,2.85639455563999
9.66307,142.76611,97.05664,0.42279,0.69672,2.15794,6.59021,0.124483314176851,718.446702214859,p5,2.85639455563999
9.66583,142.94873,96.7002,0.42044,0.70011,2.15517,6.55981,0.12695720272501,734.96278911964,p5,2.866265351479978
9.669,143.158,96.291,0.41774,0.704,2.152,6.525,0.129731025353141,753.867778522238,p5,2.8772951812893695
9.70447,143.57422,96.55518,0.41736,0.71643,2.1506,6.4491,0.12799180414468,741.966465446207,p5,2.870384276976088
9.75146,144.12598,96.90527,0.41686,0.73291,2.14874,6.34839,0.125641665974924,726.139867792228,p5,2.861020281801749
9.80151,144.71289,97.27832,0.41633,0.75043,2.14676,6.24133,0.123077822932218,709.208605249163,p5,2.8507739965137
9.80151,144.71289,97.27832,0.41633,0.75043,2.14676,6.24133,0.123077822932218,709.208605249163,p5,2.8507739965137
9.846,145.23399,97.61,0.41585,0.766,2.145,6.146,0.120743650224681,694.097595899716,p5,2.8414205401676735
9.84871,145.13672,97.63818,0.4187,0.77179,2.14583,6.10913,0.120877379746302,694.955593212816,p5,2.8419570546062527
9.87064,144.35205,97.86731,0.44185,0.8187,2.15253,5.80981,0.121907834841089,701.598752600488,p5,2.846088808209742
9.87363,144.24512,97.89856,0.44499,0.8251,2.15345,5.76904,0.122037263947207,702.437145696115,p5,2.8466074695043924
9.87363,144.24512,97.89856,0.44499,0.8251,2.15345,5.76904,0.122037263947207,702.437145696115,p5,2.8466074695043924
9.87479,144.20361,97.91064,0.44623,0.82758,2.1538,5.75317,0.122091034599346,702.785711671201,p5,2.84682292327654
9.8748,144.20312,97.91089,0.44624,0.82761,2.1538,5.75293,0.122090441708935,702.781867955322,p5,2.846820548001782
9.882,143.946,97.986,0.45382,0.843,2.156,5.655,0.122397347259514,704.77430686369,p5,2.848050063124318
9.88523,143.74902,97.21973,0.45344,0.85478,2.15423,5.67325,0.128470470740515,745.227284105779,p5,2.8722887468142053
9.8886,143.54443,96.42383,0.45305,0.867,2.1524,5.6922,0.134526980009917,787.520183374157,p5,2.8962616931482357
9.89064,143.42017,95.93945,0.45281,0.87445,2.15128,5.70374,0.138094261868519,813.34223454711,p5,2.9102733245619423
9.89064,143.42017,95.93945,0.45281,0.87445,2.15128,5.70374,0.138094261868519,813.34223454711,p5,2.9102733245619423
9.89194,143.34131,95.63281,0.45266,0.87915,2.15058,5.71103,0.14030748825462,829.702542333561,p5,2.9189224208370814
9.893,143.27699,95.382,0.45254,0.883,2.15,5.717,0.142093867855534,843.097280788296,p5,2.925877688589198
9.8974,143.35095,94.1543,0.45956,0.845,2.1464,5.82532,0.152050050038847,920.855241113604,p5,2.9641913642611835
9.8974,143.35101,94.15234,0.45957,0.84497,2.1464,5.82556,0.152064920747231,920.975318721713,p5,2.9642479916663453
9.89865,143.37201,93.80469,0.46156,0.8342,2.14538,5.8562,0.154824625388432,943.462585791604,p5,2.974724682342572
9.90185,143.42584,92.91113,0.46667,0.80655,2.14276,5.93506,0.161802672501685,1002.12691105851,p5,3.0009227248068906
9.90185,143.42584,92.91113,0.46667,0.80655,2.14276,5.93506,0.161802672501685,1002.12691105851,p5,3.0009227248068906
9.904,143.46201,92.312,0.47011,0.788,2.141,5.988,0.166396431806755,1042.15798679893,p5,3.017933561184254
9.91739,143.55493,92.35913,0.47157,0.78726,2.14149,5.99379,0.166359645660222,1041.83298863639,p5,3.017798104830145
9.92581,143.61328,92.38867,0.47249,0.7868,2.1418,5.99742,0.166336487988386,1041.62843215742,p5,3.0177128258329406
9.98389,144.01587,92.59265,0.47881,0.7836,2.14393,6.02246,0.166154460290711,1040.02152407966,p5,3.0170423274644476
9.99365,144.08398,92.62708,0.47988,0.78306,2.14429,6.02669,0.166121442635161,1039.73023762571,p5,3.0169206743876136
9.99365,144.08398,92.62708,0.47988,0.78306,2.14429,6.02669,0.166121442635161,1039.73023762571,p5,3.0169206743876136
10.013,144.218,92.695,0.48198,0.782,2.145,6.035,0.166051704857279,1039.11518936849,p5,3.0166636932109085
10.19922,144.28204,92.57898,0.48057,0.77378,2.15082,6.05896,0.165962783426402,1038.33114034081,p5,3.016335879031008
10.448,144.36755,92.42383,0.47869,0.7628,2.15859,6.091,0.165828466615523,1037.14764274467,p5,3.015840584610032
10.44824,144.36768,92.42371,0.47869,0.76279,2.1586,6.09103,0.165828256737924,1037.14579435556,p5,3.015839810616173
10.4707,144.37537,92.40979,0.47852,0.76181,2.1593,6.0939,0.165814684326657,1037.02626011805,p5,3.0157897539589205
10.4707,144.37537,92.40979,0.47852,0.76181,2.1593,6.0939,0.165814684326657,1037.02626011805,p5,3.0157897539589205
10.53101,144.39606,92.37219,0.47807,0.75915,2.16119,6.10165,0.165779057409372,1036.71253333776,p5,3.0156583489710074
10.557,144.405,92.356,0.47787,0.758,2.162,6.105,0.165762530322968,1036.56702201234,p5,3.0155973878086546
10.557,142.88477,91.89478,0.46958,0.72881,2.15077,6.20721,0.167735626268793,1054.03826295492,p5,3.0228563766152026
10.557,142.78027,91.86328,0.46902,0.72679,2.15,6.21423,0.167868504044987,1055.22228800505,p5,3.0233439556385564
10.557,142.07715,91.6499,0.46519,0.71329,2.14481,6.26147,0.16874912036013,1063.09282372222,p5,3.02657118650857
10.557,142.07715,91.6499,0.46519,0.71329,2.14481,6.26147,0.16874912036013,1063.09282372222,p5,3.02657118650857
10.557,141.69701,91.535,0.46312,0.706,2.142,6.287,0.169215292382707,1067.27591335375,p5,3.0282767082311186
10.51367,141.76379,91.03418,0.46245,0.70343,2.14131,6.32281,0.172089159429464,1093.31945081003,p5,3.0387470745332883
10.45581,141.85291,90.36621,0.46155,0.7,2.1404,6.37061,0.175814384170681,1127.73087214257,p5,3.0522054696040355
10.45569,141.85315,90.36523,0.46155,0.7,2.1404,6.37073,0.175819922261445,1127.7825784264,p5,3.0522253814815246
10.3595,142.00146,89.25391,0.46006,0.69429,2.13888,6.4502,0.181765896739666,1184.23655126691,p5,3.073438461380797
10.33459,142.03979,88.9668,0.45967,0.69282,2.13848,6.4707,0.183252587923413,1198.64531519356,p5,3.0786906923213353
10.33459,142.03979,88.9668,0.45967,0.69282,2.13848,6.4707,0.183252587923413,1198.64531519356,p5,3.0786906923213353
10.304,142.08701,88.613,0.4592,0.691,2.138,6.496,0.185058761488705,1216.30836311744,p5,3.0850436928831697
10.25952,142.47656,88.02148,0.46446,0.6918,2.1388,6.52618,0.189256440787513,1258.02797502275,p5,3.0996902987109403
10.21722,142.84668,87.45898,0.46946,0.69256,2.13956,6.55493,0.193211785198488,1298.19533553016,p5,3.11334004435977
10.10486,143.83203,85.96191,0.48277,0.69459,2.14159,6.63141,0.20357703889825,1407.39797824033,p5,3.1484169228177805
10.10486,143.83203,85.96191,0.48277,0.69459,2.14159,6.63141,0.20357703889825,1407.39797824033,p5,3.1484169228177805
10.082,144.032,85.657,0.48547,0.695,2.142,6.647,0.205658397957528,1430.01389229625,p5,3.155340256568765
10.09541,146.07031,86.15674,0.49583,0.71146,2.14931,6.53119,0.205375714089446,1426.92933362042,p5,3.1544024659116814
10.09959,146.70703,86.31274,0.49908,0.71659,2.1516,6.495,0.205270114712958,1425.7781132724,p5,3.1540519436930183
10.0996,146.70898,86.31323,0.49908,0.71661,2.1516,6.49487,0.205268236605911,1425.75764137675,p5,3.1540457078733897
10.10214,147.09375,86.40771,0.50105,0.71972,2.15298,6.47302,0.205200477832984,1425.01926179573,p5,3.1538207346849223
10.10214,147.09375,86.40771,0.50105,0.71972,2.15298,6.47302,0.205200477832984,1425.01926179573,p5,3.1538207346849223
10.104,147.37601,86.477,0.50248,0.722,2.154,6.457,0.205144154358107,1424.405669235,p5,3.1536336935283162
10.16614,147.78027,86.7334,0.50533,0.72419,2.15575,6.41553,0.204424971803437,1416.5848302393,p5,3.151242586764475
10.2738,148.48242,87.17822,0.51029,0.728,2.1588,6.34357,0.203129931338247,1402.57100151246,p5,3.146924855514345
10.3385,148.90332,87.44531,0.51326,0.73029,2.16063,6.30035,0.202319635186164,1393.84795189229,p5,3.1442154012686787
10.36829,149.09668,87.56836,0.51463,0.73133,2.16146,6.28052,0.201940159548858,1389.77478367915,p5,3.1429444274985987
10.36829,149.09668,87.56836,0.51463,0.73133,2.16146,6.28052,0.201940159548858,1389.77478367915,p5,3.1429444274985987
10.387,149.21899,87.646,0.51549,0.732,2.162,6.268,0.201695346347408,1387.15109527297,p5,3.1421237691261656
10.4801,148.64062,88.18457,0.51719,0.7268,2.158,6.24121,0.199506541900423,1363.83462819339,p5,3.134761713123122
10.48022,148.64014,88.18555,0.51719,0.72679,2.15799,6.24118,0.199502249612107,1363.78915405421,p5,3.1347472322641083
10.48914,148.58496,88.23682,0.51736,0.7263,2.15761,6.23865,0.19929104726216,1361.5528061457,p5,3.134034489578268
10.60889,147.84229,88.9292,0.51955,0.71961,2.15247,6.20419,0.196338117959751,1330.53335017014,p5,3.1240257647298284
10.60889,147.84229,88.9292,0.51955,0.71961,2.15247,6.20419,0.196338117959751,1330.53335017014,p5,3.1240257647298284
10.62,147.774,88.993,0.51975,0.719,2.152,6.201,0.196057740321507,1327.61215469434,p5,3.123071219853256
10.64551,147.7002,88.75391,0.51945,0.71809,2.15258,6.20703,0.197248001508863,1340.04195851133,p5,3.127118396920519
10.72632,147.46436,87.99414,0.51848,0.7152,2.1544,6.22638,0.200924785795811,1378.91346414886,p5,3.1395370122078496
10.96924,146.75732,85.71289,0.51558,0.7065,2.15989,6.28448,0.211076136264605,1489.96214334398,p5,3.1731752340863175
11.13599,146.27197,84.14648,0.51358,0.70054,2.16366,6.3244,0.217342846451679,1561.24734112664,p5,3.193471711760087
11.13599,146.27197,84.14648,0.51358,0.70054,2.16366,6.3244,0.217342846451679,1561.24734112664,p5,3.193471711760087
11.151,146.228,84.006,0.5134,0.7,2.164,6.328,0.21787862644855,1567.43872417154,p5,3.1951905719752682
11.13712,146.22906,83.45703,0.51091,0.7,2.15572,6.39075,0.220752680786539,1600.91119679319,p5,3.204367242092735
11.10941,146.2312,82.3623,0.50594,0.7,2.13921,6.51599,0.226356875825944,1667.44164328682,p5,3.222050643522918
11.10939,146.2312,82.36133,0.50594,0.7,2.13919,6.51611,0.226363571789969,1667.52213247852,p5,3.2220716068761446
11.10539,146.23151,82.2041,0.50522,0.7,2.13681,6.53406,0.227154732929736,1677.04906410902,p5,3.2245457686049552
11.09953,146.23195,81.97266,0.50417,0.7,2.13332,6.56067,0.228314168653346,1691.07070053978,p5,3.2281617650267354
11.09953,146.23195,81.97266,0.50417,0.7,2.13332,6.56067,0.228314168653346,1691.07070053978,p5,3.2281617650267354
11.099,146.23199,81.951,0.50407,0.7,2.133,6.563,0.228421021046321,1692.36651249117,p5,3.2284944231918824
11.08246,146.03345,82.58252,0.50576,0.68201,2.13251,6.74683,0.226173630871247,1665.23958361387,p5,3.2214767257438996
11.0786,145.98706,82.73047,0.50615,0.6778,2.1324,6.78979,0.225634146612454,1658.76770643253,p5,3.2197855717518586
11.065,145.82401,83.249,0.50754,0.663,2.132,6.941,0.223717387858703,1635.89848052726,p5,3.213756349020621
11.0649,145.81738,83.2334,0.50751,0.6629,2.13213,6.94257,0.223760510641682,1636.41082945361,p5,3.21389234491359
11.0649,145.81738,83.2334,0.50751,0.6629,2.13213,6.94257,0.223760510641682,1636.41082945361,p5,3.21389234491359
11.06365,145.74463,83.05469,0.50711,0.66175,2.13354,6.96082,0.224247376089445,1642.20220769931,p5,3.2154266316392084
11.0594,145.49438,82.44043,0.50575,0.6578,2.1384,7.02338,0.225865941467724,1661.54588873555,p5,3.2205123401674984
11.05939,145.4939,82.43945,0.50575,0.65779,2.1384,7.02344,0.225869974541313,1661.59426258911,p5,3.220524983930153
11.05512,145.24243,81.82129,0.50438,0.65383,2.14329,7.0863,0.227412103922078,1680.15417213121,p5,3.225349134722163
11.051,145.0,81.225,0.50307,0.65,2.148,7.147,0.228824229661995,1697.26020088225,p5,3.229748427553268
11.04926,144.9906,81.19922,0.50272,0.65013,2.14821,7.14554,0.228807441287761,1697.05619303583,p5,3.2296962229430966
11.04926,144.9906,81.19922,0.50272,0.65013,2.14821,7.14554,0.228807441287761,1697.05619303583,p5,3.2296962229430966
11.03778,144.92859,81.02734,0.50037,0.651,2.1496,7.1358,0.228687441146317,1695.59842518548,p5,3.2293230045383314
11.03018,144.88745,80.91357,0.49881,0.65158,2.15052,7.12933,0.228601739865883,1694.55779419759,p5,3.229056385373499
10.98996,144.66992,80.31201,0.49058,0.65462,2.1554,7.09521,0.22808505039606,1688.29217842806,p5,3.2274476084616666
10.985,144.64301,80.238,0.48956,0.655,2.156,7.091,0.228011943808161,1687.40680448597,p5,3.227219796071857
10.99658,144.67358,80.28223,0.48893,0.655,2.15604,7.09421,0.227682431087347,1683.41985842724,p5,3.226192446015893
10.99658,144.67358,80.28223,0.48893,0.655,2.15604,7.09421,0.227682431087347,1683.41985842724,p5,3.226192446015893
11.1228,145.00684,80.7666,0.48203,0.655,2.15653,7.12894,0.224063982770724,1640.01767643825,p5,3.2148485289856374
11.19128,145.1875,81.0293,0.47829,0.655,2.1568,7.1478,0.222099712398614,1616.74802287193,p5,3.2086423385189002
11.19141,145.18799,81.02979,0.47828,0.655,2.1568,7.14783,0.222095377840437,1616.69690021316,p5,3.208628605618459
11.243,145.32401,81.228,0.47546,0.655,2.157,7.162,0.220613353707119,1599.2761139845,p5,3.2039234508804713
11.21289,145.37402,81.28467,0.47568,0.655,2.15674,7.15436,0.220498555696269,1597.93158615293,p5,3.203558181490927
11.21289,145.37402,81.28467,0.47568,0.655,2.15674,7.15436,0.220498555696269,1597.93158615293,p5,3.203558181490927
11.17505,145.43677,81.35571,0.47596,0.655,2.15642,7.14484,0.220354009618028,1596.23964067945,p5,3.2030980917841734
10.95972,145.79321,81.75977,0.47752,0.655,2.1546,7.09058,0.219502837440807,1586.29896871939,p5,3.200385041890066
10.88745,145.91333,81.89575,0.47805,0.655,2.15399,7.07233,0.219209459391085,1582.88157864196,p5,3.1994484248648103
10.771,146.106,82.114,0.4789,0.655,2.153,7.043,0.21873131635807,1577.32176229501,p5,3.1979202953170467
10.80859,146.03174,82.14441,0.48232,0.65467,2.15234,7.034,0.219538242741057,1586.71192071187,p5,3.200498084535608
10.80859,146.03174,82.14441,0.48232,0.65467,2.15234,7.034,0.219538242741057,1586.71192071187,p5,3.200498084535608
10.93628,145.77881,82.24768,0.49397,0.65355,2.15009,7.00339,0.222279584847194,1618.87104158825,p5,3.209212254462293
10.95312,145.74609,82.26123,0.49548,0.6534,2.1498,6.99939,0.222633010505338,1623.046176087,p5,3.210330875793272
10.95337,145.74561,82.26135,0.49551,0.6534,2.1498,6.99936,0.222639956272895,1623.12829518858,p5,3.2103528486557895
11.21362,145.22998,82.47192,0.51926,0.65111,2.14522,6.93698,0.228180666097144,1689.45170940042,p5,3.227745782591735
11.226,145.205,82.482,0.5204,0.651,2.145,6.934,0.228445229117141,1692.65936230757,p5,3.2285695677043975
11.25574,145.17664,82.36719,0.51779,0.6504,2.14329,6.93299,0.228493085958011,1693.23990847442,p5,3.228718495938264
11.25574,145.17664,82.36719,0.51779,0.6504,2.14329,6.93299,0.228493085958011,1693.23990847442,p5,3.228718495938264
11.28528,145.14868,82.25391,0.5152,0.6498,2.14159,6.932,0.228534216100002,1693.73894020976,p5,3.228846472368117
11.39844,145.04126,81.81836,0.50526,0.6475,2.13509,6.92817,0.228655627393073,1695.21247344479,p5,3.229224139271587
11.522,144.924,81.343,0.49439,0.645,2.128,6.924,0.22871688429343,1695.95604267523,p5,3.22941459162884
11.52128,144.97375,80.9834,0.49077,0.64452,2.12669,6.94641,0.22941624794607,1704.46312419098,p5,3.231587609769303
11.52128,144.97375,80.9834,0.49077,0.64452,2.12669,6.94641,0.22941624794607,1704.46312419098,p5,3.231587609769303
11.52085,145.00415,80.76367,0.48857,0.64423,2.12589,6.96008,0.229832533255467,1709.539160449,p5,3.2328790536392624
11.5172,145.2583,78.92676,0.47015,0.6418,2.1192,7.0744,0.232905884329774,1747.29917081328,p5,3.242367270815574
11.5172,145.25842,78.9248,0.47014,0.6418,2.11919,7.07446,0.232911724055031,1747.37139770346,p5,3.2423852225733953
11.51719,145.25903,78.9209,0.47009,0.64179,2.11918,7.07477,0.232914049070959,1747.40015243043,p5,3.2423923692604233
11.516,145.342,78.322,0.46409,0.641,2.117,7.112,0.233769709914231,1758.00261918618,p5,3.2450195177782866
11.50513,145.41406,78.42822,0.46445,0.64114,2.11783,7.13531,0.233399180291583,1753.40653357078,p5,3.2438826204962075
11.50513,145.41406,78.42822,0.46445,0.64114,2.11783,7.13531,0.233399180291583,1753.40653357078,p5,3.2438826204962075
11.48352,145.55737,78.63867,0.46516,0.64141,2.11947,7.18152,0.232660704188348,1744.26814863353,p5,3.241613250390119
11.4686,145.65649,78.78418,0.46564,0.6416,2.1206,7.21344,0.232144387444182,1737.89611011356,p5,3.2400238111500697
11.437,145.866,79.092,0.46668,0.642,2.123,7.281,0.231048282629182,1724.41563956958,p5,3.2366419530289665
11.43451,145.86453,79.09332,0.46711,0.64206,2.12319,7.28186,0.231131935359335,1725.4422123347,p5,3.2369004186930384
11.41809,145.85504,79.10172,0.46987,0.64247,2.12441,7.28743,0.231668960463265,1732.041348435,p5,3.2385582555697856
11.41809,145.85504,79.10172,0.46987,0.64247,2.12441,7.28743,0.231668960463265,1732.041348435,p5,3.2385582555697856
11.38867,145.83801,79.11679,0.47482,0.6432,2.1266,7.29739,0.232631417599364,1743.90664864326,p5,3.2415232334267103
11.38861,145.83798,79.11682,0.47482,0.6432,2.12661,7.29742,0.232629937191533,1743.88836026515,p5,3.2415186789493537
11.36078,145.82187,79.1311,0.4795,0.64389,2.12867,7.30684,0.233540739965424,1755.16208915333,p5,3.2443172297330714
11.316,145.79601,79.154,0.48702,0.645,2.132,7.322,0.235000755907062,1773.32577332962,p5,3.2487885261045806
11.32928,145.63818,79.00513,0.49028,0.645,2.12711,7.31097,0.237040297507801,1798.88855766654,p5,3.2550042593491035
11.32928,145.63818,79.00513,0.49028,0.645,2.12711,7.31097,0.237040297507801,1798.88855766654,p5,3.2550042593491035
11.33124,145.61523,78.98364,0.49075,0.645,2.1264,7.30939,0.237335393572502,1802.60546448542,p5,3.2559006832689414
11.33426,145.5791,78.94946,0.4915,0.645,2.12527,7.30685,0.237805791951022,1808.53996714759,p5,3.2573281107309597
11.38058,145.02881,78.43018,0.50285,0.645,2.10822,7.26846,0.244949472459241,1900.10821557401,p5,3.2787783357361535
11.392,144.89301,78.302,0.50564,0.645,2.104,7.259,0.246718525531944,1923.2027231819,p5,3.284025065267547
11.37442,145.06934,77.97412,0.50907,0.64113,2.10303,7.25436,0.249053563353128,1953.9402624734,p5,3.290911281964767
11.37442,145.06934,77.97412,0.50907,0.64113,2.10303,7.25436,0.249053563353128,1953.9402624734,p5,3.290911281964767
11.35022,145.31201,77.52441,0.51379,0.63582,2.10171,7.24799,0.252254224428456,1996.54297462729,p5,3.300278662610812
11.31921,145.62305,76.94678,0.51985,0.629,2.1,7.23981,0.256358114615839,2051.96414996708,p5,3.312169768911767
11.31918,145.62354,76.94629,0.51986,0.62899,2.1,7.23979,0.256362799346655,2052.0279262133,p5,3.3121832668285744
11.301,145.806,76.608,0.52341,0.625,2.099,7.235,0.258762172442167,2084.84527528752,p5,3.3190738297739357
11.28699,145.84009,76.48535,0.52422,0.62389,2.09852,7.23044,0.259505333025446,2095.07183384786,p5,3.3211989182373527
11.25793,145.91089,76.23047,0.52589,0.62161,2.09752,7.22104,0.261043718657124,2116.33459909033,p5,3.325584332101633
11.25793,145.91089,76.23047,0.52589,0.62161,2.09752,7.22104,0.261043718657124,2116.33459909033,p5,3.325584332101633
11.17865,146.10352,75.53418,0.53044,0.61539,2.0948,7.19537,0.265223061038133,2174.73378196672,p5,3.3374061007853117
11.16266,146.14233,75.39453,0.53136,0.61414,2.09425,7.19022,0.266060965339404,2186.55368870478,p5,3.339760145491516
11.097,146.302,74.818,0.53513,0.609,2.092,7.169,0.269498392878231,2235.43400693698,p5,3.3493618534274203
11.06335,145.875,74.6814,0.53165,0.609,2.09154,7.17084,0.268904720547801,2226.94698315321,p5,3.3477098779239873
11.06335,145.875,74.6814,0.53165,0.609,2.09154,7.17084,0.268904720547801,2226.94698315321,p5,3.3477098779239873
11.05493,145.76855,74.64722,0.53079,0.609,2.09142,7.1713,0.268759162256534,2224.86896690977,p5,3.347304438407395
11.03864,145.56152,74.58105,0.52911,0.609,2.0912,7.1722,0.268469957143364,2220.74356242337,p5,3.3464984118333194
11.03851,145.56055,74.58057,0.5291,0.609,2.0912,7.1722,0.268468419655522,2220.72164252484,p5,3.3464941250988587
10.96594,144.63965,74.28589,0.52161,0.609,2.09021,7.17618,0.267163556918172,2202.16359433583,p5,3.342849578703964
10.951,144.44901,74.225,0.52006,0.609,2.09,7.177,0.266890632940232,2198.29344303045,p5,3.342085664512712
10.9548,144.0459,74.69434,0.51907,0.6088,2.0888,7.1844,0.265083767984009,2172.77175108913,p5,3.337014106233571
10.95574,143.94727,74.80957,0.51883,0.60875,2.0885,7.18623,0.264638592159818,2166.51033044074,p5,3.3357607641955553
10.95574,143.94727,74.80957,0.51883,0.60875,2.0885,7.18623,0.264638592159818,2166.51033044074,p5,3.3357607641955553
10.96064,143.42871,75.41504,0.51756,0.60849,2.08696,7.19577,0.262269573204658,2133.3669757896,p5,3.3290655679913703
10.97,142.438,76.571,0.51512,0.608,2.084,7.214,0.257639213880617,2069.44726398686,p5,3.3158543636909603
10.97572,142.438,76.65454,0.51549,0.60963,2.07945,7.20557,0.258085315850104,2075.55607114628,p5,3.3171344703382406
10.98311,142.438,76.7627,0.51597,0.61175,2.07358,7.1947,0.258656345633336,2083.39103094383,p5,3.3187707901797148
10.98311,142.438,76.7627,0.51597,0.61175,2.07358,7.1947,0.258656345633336,2083.39103094383,p5,3.3187707901797148
11.0056,142.438,77.09131,0.51742,0.61817,2.05566,7.16168,0.260374105622227,2107.06438521686,p5,3.3236778064752937
11.00919,142.438,77.1438,0.51765,0.6192,2.05281,7.1564,0.260642515814281,2110.77764327354,p5,3.3244424856119865
11.00922,142.438,77.14404,0.51765,0.6192,2.0528,7.15637,0.260643026659206,2110.78471410203,p5,3.3244439404391506
11.019,142.438,77.287,0.51828,0.622,2.045,7.142,0.261375000916494,2120.93050228833,p5,3.3265264379804087
11.14819,142.438,77.57324,0.51973,0.626,2.045,7.14,0.260692128827125,2111.46486516747,p5,3.3245838591491133
11.14819,142.438,77.57324,0.51973,0.626,2.045,7.14,0.260692128827125,2111.46486516747,p5,3.3245838591491133
11.1709,142.438,77.62354,0.51998,0.6267,2.045,7.13965,0.260569358951269,2109.76571420963,p5,3.324234230333113
11.29028,142.438,77.88818,0.52132,0.6304,2.045,7.1378,0.259922918274225,2100.83209356068,p5,3.322391343336914
11.44653,142.438,78.23438,0.52307,0.63524,2.045,7.13538,0.259057797907768,2088.91109403185,p5,3.3199199564029835
11.471,142.438,78.289,0.52334,0.636,2.045,7.135,0.258917707561934,2086.98444442157,p5,3.31951921201368
11.51392,143.03125,78.92285,0.52707,0.6363,2.04865,7.11768,0.257097524629752,2062.04605432474,p5,3.3142983607126504
11.51392,143.03125,78.92285,0.52707,0.6363,2.04865,7.11768,0.257097524629752,2062.04605432474,p5,3.3142983607126504
11.5274,143.21777,79.12207,0.52824,0.6364,2.0498,7.11221,0.256509846434395,2054.03182503658,p5,3.3126071682440728
11.52747,143.21875,79.12305,0.52825,0.6364,2.0498,7.11218,0.256508859759436,2054.01838543229,p5,3.3126043266303222
11.54926,143.52051,79.44531,0.53015,0.63656,2.05166,7.10336,0.255545086311154,2040.91505623881,p5,3.3098249295693543
11.612,144.38699,80.372,0.53561,0.637,2.057,7.078,0.252666698038085,2002.07452074084,p5,3.3014802386498956
11.63513,144.48584,80.23486,0.53521,0.63551,2.05997,7.06546,0.252775900381706,2003.53995111006,p5,3.301798006800491
11.64001,144.50708,80.20581,0.53512,0.6352,2.0606,7.06277,0.252796972752928,2003.82280049248,p5,3.3018593139163244
11.65723,144.58057,80.104,0.53482,0.63409,2.06281,7.05347,0.252872503494546,2004.83682651021,p5,3.302079031205581
11.65723,144.58057,80.104,0.53482,0.63409,2.06281,7.05347,0.252872503494546,2004.83682651021,p5,3.302079031205581
11.72046,144.85156,79.72852,0.53371,0.63003,2.07094,7.01913,0.253128942871003,2008.28184600408,p5,3.302824662444447
11.752,144.987,79.541,0.53316,0.628,2.075,7.002,0.253244307153294,2009.83277689507,p5,3.303159924538456
11.79407,144.99725,77.01953,0.53223,0.63005,2.07978,6.99312,0.262143723612481,2131.6162106854,p5,3.3287090143388345
11.79407,144.99725,77.01953,0.53223,0.63005,2.07978,6.99312,0.262143723612481,2131.6162106854,p5,3.3287090143388345
11.79926,144.99852,76.71094,0.53211,0.6303,2.08037,6.99203,0.263167235701357,2145.89205322597,p5,3.3316078714661757
11.8504,145.01099,73.64453,0.53098,0.6328,2.0862,6.98121,0.27268245981887,2281.27198568605,p5,3.3581770673199456
11.85046,145.011,73.64062,0.53098,0.6328,2.08621,6.98119,0.272693886843004,2281.43745650728,p5,3.3582085674912885
11.87427,145.01682,72.21484,0.53045,0.63396,2.08891,6.97617,0.276731035955281,2340.33204222779,p5,3.369277478725139
11.875,145.017,72.172,0.53043,0.634,2.089,6.976,0.276846299820145,2342.02623810181,p5,3.369591756235491
11.87428,144.95319,73.36914,0.5278,0.63796,2.0908,6.97564,0.271971564945197,2270.99130203919,p5,3.356215470862792
11.87428,144.95319,73.36914,0.5278,0.63796,2.0908,6.97564,0.271971564945197,2270.99130203919,p5,3.356215470862792
11.8738,144.91077,74.16504,0.52604,0.6406,2.092,6.9754,0.268659795087307,2223.45185404111,p5,3.3470277298044477
11.87379,144.91022,74.1748,0.52602,0.64063,2.09201,6.9754,0.268619970446108,2222.88372755432,p5,3.3469167466386245
11.873,144.84,75.494,0.52312,0.645,2.094,6.975,0.263009755077009,2143.6916872611,p5,3.331162323861402
11.85043,144.77502,75.31934,0.52157,0.64436,2.09357,6.975,0.263216614352844,2146.58188916446,p5,3.331747460872241
11.83289,144.72461,75.18335,0.52036,0.64386,2.09324,6.975,0.263372448088216,2148.76066900553,p5,3.3321880460551907
11.83289,144.72461,75.18335,0.52036,0.64386,2.09324,6.975,0.263372448088216,2148.76066900553,p5,3.3321880460551907
11.8306,144.71802,75.16577,0.5202,0.6438,2.0932,6.975,0.263390940528034,2149.01930475164,p5,3.3322403167987744
11.83054,144.7179,75.16528,0.5202,0.6438,2.0932,6.975,0.263392574379589,2149.04215743327,p5,3.33224493506383
11.78583,144.58923,74.81885,0.51712,0.64253,2.09236,6.975,0.263774483905678,2154.38765534592,p5,3.333323851900619
11.767,144.535,74.673,0.51582,0.642,2.092,6.975,0.263929079028377,2156.55368592299,p5,3.3337602740794186
11.72168,144.43286,75.28223,0.5154,0.6394,2.09501,6.98401,0.26128620753192,2119.69771331031,p5,3.3262739313052805
11.67725,144.33276,75.88086,0.51499,0.63684,2.09795,6.99284,0.258660241286522,2083.44486260094,p5,3.3187820115439504
11.67725,144.33276,75.88086,0.51499,0.63684,2.09795,6.99284,0.258660241286522,2083.44486260094,p5,3.3187820115439504
11.66919,144.31445,75.98926,0.51492,0.63638,2.09849,6.99445,0.258181249582689,2076.8716190487,p5,3.3174096516328673
11.541,144.02499,77.72,0.51374,0.629,2.107,7.02,0.250380518219651,1971.53647395897,p5,3.294804816049154
11.5372,144.05737,77.74976,0.5139,0.62863,2.10696,7.02588,0.250330577732238,1970.87252656801,p5,3.2946585355943077
11.50317,144.34912,78.01855,0.51532,0.62526,2.10658,7.07861,0.249867513109947,1964.72249415321,p5,3.293301217424481
11.50317,144.34912,78.01855,0.51532,0.62526,2.10658,7.07861,0.249867513109947,1964.72249415321,p5,3.293301217424481
11.48172,144.53296,78.18823,0.51621,0.62314,2.10635,7.11188,0.24956493573379,1960.71006855774,p5,3.292413379014721
11.4682,144.64868,78.29492,0.51678,0.6218,2.1062,7.13281,0.249375459740267,1958.19993624565,p5,3.291857032091861
11.46817,144.64917,78.29541,0.51678,0.6218,2.1062,7.13287,0.249373769126956,1958.17754809072,p5,3.291852066762454
11.45,144.80499,78.439,0.51754,0.62,2.106,7.161,0.249113115129732,1954.72760528921,p5,3.2910862462525836
11.444,145.08984,77.7041,0.51644,0.62339,2.10313,7.17299,0.252048927818041,1993.79372214737,p5,3.2996802242027057
11.44,145.27979,77.21289,0.5157,0.62565,2.10122,7.18098,0.253971684934823,2019.62741050085,p5,3.305271256333452
11.44,145.27979,77.21289,0.5157,0.62565,2.10122,7.18098,0.253971684934823,2019.62741050085,p5,3.305271256333452
11.4362,145.46094,76.74609,0.515,0.6278,2.0994,7.1886,0.255774022765905,2044.02144342567,p5,3.3104854475842957
11.42998,145.75684,75.98242,0.51386,0.63132,2.09642,7.20105,0.258669925939412,2083.57777320591,p5,3.3188097159014203
11.427,145.89799,75.616,0.51331,0.633,2.095,7.207,0.260033619012429,2102.3592517603,p5,3.3227069304010204
11.4054,145.71313,74.81738,0.51241,0.61859,2.095,7.22578,0.262430498201151,2135.60897760832,p5,3.3295217378636943
11.40538,145.71289,74.81641,0.51241,0.61858,2.095,7.22581,0.262433666410918,2135.65312953046,p5,3.3295307164445775
11.40256,145.68872,74.71191,0.51229,0.6167,2.095,7.22827,0.262740835950054,2139.93631425303,p5,3.3304008486856183
11.40256,145.68872,74.71191,0.51229,0.6167,2.095,7.22827,0.262740835950054,2139.93631425303,p5,3.3304008486856183
11.40108,145.67627,74.65723,0.51223,0.61571,2.095,7.22955,0.262901892024159,2142.18408876198,p5,3.330856789230762
11.373,145.436,73.618,0.51105,0.597,2.095,7.254,0.265882705395354,2184.03433260374,p5,3.3392594611129005
11.36374,145.37158,73.81152,0.51122,0.59736,2.09608,7.25813,0.265128469090117,2173.40016545922,p5,3.3371396957870543
11.35239,145.29224,74.04883,0.51143,0.5978,2.0974,7.2632,0.264199938923371,2160.35007261633,p5,3.3345241318392156
11.32446,145.09741,74.63086,0.51195,0.59888,2.10066,7.27567,0.261898877654659,2128.20696336583,p5,3.328013859843467
11.32446,145.09741,74.63086,0.51195,0.59888,2.10066,7.27567,0.261898877654659,2128.20696336583,p5,3.328013859843467
11.30099,144.93335,75.12109,0.51239,0.5998,2.10339,7.28616,0.259939083495081,2101.05267150904,p5,3.322436939916186
11.27,144.717,75.767,0.51297,0.601,2.107,7.3,0.257319779151934,2065.07887651203,p5,3.31493664436032
11.2774,144.86255,76.81836,0.51344,0.60902,2.10577,7.31296,0.25399630501865,2019.95871729045,p5,3.3053424936861466
11.28175,144.948,77.43457,0.51372,0.61372,2.10504,7.32056,0.251983361286784,1992.91578222936,p5,3.2994889464245887
11.28175,144.948,77.43457,0.51372,0.61372,2.10504,7.32056,0.251983361286784,1992.91578222936,p5,3.2994889464245887
11.28919,145.09448,78.49316,0.51419,0.62179,2.1038,7.33359,0.248397941585337,1945.28031046222,p5,3.288982191016743
11.28921,145.09473,78.49512,0.51419,0.6218,2.1038,7.33362,0.248390598882901,1945.18345629579,p5,3.288960567255382
11.29205,145.15039,78.89844,0.51438,0.62488,2.10333,7.33858,0.246984826890063,1926.69336994138,p5,3.28481260290735
11.294,145.189,79.177,0.5145,0.627,2.103,7.342,0.245997665268102,1913.77197279789,p5,3.28189019004732
11.36621,145.32275,79.53076,0.51433,0.63818,2.09283,7.3176,0.24598642335862,1913.62564173227,p5,3.2818569817001553
11.36621,145.32275,79.53076,0.51433,0.63818,2.09283,7.3176,0.24598642335862,1913.62564173227,p5,3.2818569817001553
11.36896,145.32788,79.54419,0.51432,0.63861,2.09245,7.31667,0.24598359227305,1913.58867957039,p5,3.2818485931116954
11.37927,145.3468,79.59448,0.5143,0.64021,2.091,7.31319,0.24598075292614,1913.55166351263,p5,3.2818401921291414
11.436,145.452,79.873,0.51416,0.649,2.083,7.294,0.245940923415824,1913.03182822784,p5,3.2817221956983516
11.37781,145.15039,79.95825,0.51446,0.64803,2.08658,7.28036,0.24510346218236,1902.11285492545,p5,3.279236280644175
11.26697,144.57422,80.12036,0.51503,0.6462,2.0934,7.25443,0.243509248329812,1881.430134563,p5,3.27448809576929
11.26672,144.57324,80.12061,0.51503,0.64619,2.09341,7.25436,0.243506601462942,1881.39590715536,p5,3.2744801949128046
11.21301,144.29492,80.19897,0.51531,0.64531,2.09671,7.24179,0.24273719047427,1871.46225940789,p5,3.272181073397454
11.21301,144.29492,80.19897,0.51531,0.64531,2.09671,7.24179,0.24273719047427,1871.46225940789,p5,3.272181073397454
11.12012,143.8125,80.33472,0.51579,0.64377,2.10242,7.22006,0.241404422775369,1854.32966350238,p5,3.268186945726877
11.013,143.257,80.491,0.51634,0.642,2.109,7.195,0.239869534259805,1834.71569468862,p5,3.263568776057336
10.95166,143.04541,80.502,0.50853,0.642,2.1156,7.16559,0.236845374678088,1796.43669273177,p5,3.254411917069919
10.90369,142.88037,80.51062,0.50241,0.642,2.12077,7.14258,0.234476846784699,1766.79564262268,p5,3.2471863195045905
10.84607,142.68164,80.52098,0.49506,0.642,2.127,7.11487,0.231630206257906,1731.56541349201,p5,3.2384389025744866
10.84607,142.68164,80.52098,0.49506,0.642,2.127,7.11487,0.231630206257906,1731.56541349201,p5,3.2384389025744866
10.71716,142.23828,80.54414,0.47862,0.642,2.14088,7.05298,0.225274226679614,1654.45642106086,p5,3.2186553321836606
10.707,142.203,80.546,0.47731,0.642,2.142,7.048,0.224766065881701,1648.38417001058,p5,3.2170584351961176
10.6608,141.63721,78.93457,0.47339,0.642,2.14313,6.94934,0.229356734326252,1703.7369241688,p5,3.231402535734511
10.6608,141.63721,78.93457,0.47339,0.642,2.14313,6.94934,0.229356734326252,1703.7369241688,p5,3.231402535734511
10.65976,141.62451,78.89844,0.4733,0.642,2.14315,6.94714,0.229455073630798,1704.93490972775,p5,3.231707803336924
10.64142,141.3999,78.25879,0.47174,0.642,2.1436,6.90802,0.23115889743985,1725.77269570457,p5,3.236983593521705
10.64139,141.39941,78.25684,0.47174,0.642,2.1436,6.9079,0.231165532958416,1725.85414984682,p5,3.2370040911514297
10.625,141.19901,77.686,0.47035,0.642,2.144,6.873,0.232635004890068,1743.95013432286,p5,3.2415340627651084
10.63223,141.32959,77.53857,0.47472,0.64812,2.13918,6.873,0.235043086520174,1773.85328022288,p5,3.24891769541413
10.64769,141.60815,77.22388,0.48405,0.66119,2.12887,6.873,0.240205326862568,1838.99473954596,p5,3.2645804869382244
10.64769,141.60815,77.22388,0.48405,0.66119,2.12887,6.873,0.240205326862568,1838.99473954596,p5,3.2645804869382244
10.64841,141.62085,77.20947,0.48448,0.6618,2.1284,6.873,0.240442760924367,1842.02492235232,p5,3.2652955018471856
10.65602,141.7583,77.05444,0.48908,0.66824,2.12331,6.873,0.242998279387732,1874.82848869972,p5,3.2729615441606765
10.664,141.90199,76.892,0.49389,0.675,2.118,6.873,0.245676305363073,1909.57674608241,p5,3.28093711739921
10.7464,143.10645,78.51953,0.50084,0.681,2.12,6.93738,0.24185775559764,1860.14660641246,p5,3.2695471742430806
10.74652,143.10742,78.52148,0.50085,0.68101,2.12,6.93744,0.241853552665067,1860.09262731698,p5,3.269534571385128
10.74738,143.12109,78.54102,0.50092,0.68108,2.12002,6.93811,0.241801751094831,1859.42740280648,p5,3.2693792269670965
10.78772,143.70996,79.33789,0.50433,0.68401,2.121,6.96967,0.23977027255824,1833.45199065614,p5,3.2632695423489264
10.78772,143.70996,79.33789,0.50433,0.68401,2.121,6.96967,0.23977027255824,1833.45199065614,p5,3.2632695423489264
10.87,144.911,80.964,0.51126,0.69,2.123,7.034,0.235264743153148,1776.62418260124,p5,3.2495955692323593
10.86548,144.92578,80.96377,0.51116,0.68932,2.1235,7.03564,0.235178207599912,1775.54323395458,p5,3.2493312517090533
10.80591,145.11914,80.96079,0.50984,0.68019,2.13,7.05762,0.234048329510021,1761.46597948723,p5,3.245874259743406
10.67163,145.55371,80.95409,0.50686,0.65964,2.1447,7.10712,0.231493007133284,1729.87900187485,p5,3.238015727027165
10.67163,145.55371,80.95409,0.50686,0.65964,2.1447,7.10712,0.231493007133284,1729.87900187485,p5,3.238015727027165
10.67029,145.55859,80.95401,0.50683,0.65942,2.14485,7.1076,0.231467215074666,1729.56194694788,p5,3.2379361215604634
10.55,145.948,80.948,0.50416,0.641,2.158,7.152,0.229179982796584,1701.58609365186,p5,3.230853927602865
10.53506,145.04297,80.55762,0.50313,0.6382,2.1517,7.15037,0.231017020712254,1724.03283326444,p5,3.2365455324688495
10.50919,143.47461,79.88135,0.50135,0.63335,2.14078,7.14754,0.23415841361963,1762.83271094243,p5,3.246211100636378
10.50919,143.47461,79.88135,0.50135,0.63335,2.14078,7.14754,0.23415841361963,1762.83271094243,p5,3.246211100636378
10.49881,142.84766,79.61035,0.50063,0.6314,2.13641,7.1464,0.235400301416764,1778.31601132964,p5,3.2500089387387128
10.49878,142.8457,79.60986,0.50063,0.6314,2.13639,7.1464,0.23540426499952,1778.36555901171,p5,3.2500210389419446
10.49603,142.67969,79.5376,0.50044,0.63088,2.13523,7.1461,0.235734166152267,1782.4924559979,p5,3.2510277004731787
10.486,142.07201,79.276,0.49975,0.629,2.131,7.145,0.23692509543472,1797.43847073786,p5,3.2546540326981006
10.604,142.05118,78.58984,0.4976,0.65118,2.11153,7.12373,0.24156044684397,1856.32968317203,p5,3.2686551092036016
10.64258,142.0444,78.36621,0.4969,0.6584,2.10519,7.11681,0.243066627565452,1875.71101841477,p5,3.2731659295786724
10.65723,142.04181,78.28125,0.49663,0.66116,2.10277,7.11417,0.243638803862826,1883.10528314255,p5,3.274874601806164
10.65723,142.04181,78.28125,0.49663,0.66116,2.10277,7.11417,0.243638803862826,1883.10528314255,p5,3.274874601806164
10.747,142.026,77.76,0.495,0.678,2.088,7.098,0.247139780008961,1928.72721046312,p5,3.285270807546339
10.76318,142.18066,77.67383,0.49634,0.67806,2.08594,7.08905,0.248153003867203,1942.05208834167,p5,3.2882608740663137
10.85083,143.01172,77.20947,0.50352,0.6784,2.0748,7.04083,0.253620589813611,2014.89701022338,p5,3.3042528524449826
10.85095,143.0127,77.2085,0.50352,0.6784,2.07478,7.04071,0.253627219244873,2014.98629784673,p5,3.3042720972315758
10.92163,143.68164,76.83496,0.5093,0.67867,2.06583,7.00189,0.258042039218985,2074.96516087887,p5,3.317010809209518
10.92224,143.6875,76.83154,0.50935,0.67867,2.06575,7.00159,0.258081364059633,2075.50407102012,p5,3.317123589567027
10.92224,143.6875,76.83154,0.50935,0.67867,2.06575,7.00159,0.258081364059633,2075.50407102012,p5,3.317123589567027
11.007,144.49001,76.383,0.51628,0.679,2.055,6.955,0.263399420698962,2149.13956707689,p5,3.3322646198856583
11.007,144.92188,76.10645,0.5165,0.6754,2.0524,6.94679,0.26496542339628,2171.1090051296,p5,3.336681628676831
11.007,145.09668,75.99414,0.51659,0.67393,2.05134,6.94345,0.265600511680868,2180.05576892517,p5,3.3384676036168375
11.007,145.98242,75.42627,0.51704,0.66652,2.04599,6.92657,0.268796807797996,2225.40853297125,p5,3.3474097489478174
11.007,145.98242,75.42627,0.51704,0.66652,2.04599,6.92657,0.268796807797996,2225.40853297125,p5,3.3474097489478174
11.007,146.4082,75.15332,0.51726,0.66296,2.04342,6.91847,0.270326536563842,2247.30605747549,p5,3.35166222240636
11.007,146.642,75.003,0.51738,0.661,2.042,6.914,0.271167087471194,2259.39114503914,p5,3.35399142234452
11.007,146.41162,75.84619,0.50937,0.6625,2.03749,6.9631,0.266511407063281,2192.92507862124,p5,3.3410237942415013
11.007,146.31445,76.20264,0.506,0.66314,2.03559,6.98383,0.264532428783128,2165.02114043079,p5,3.335462141394979
11.007,146.31445,76.20264,0.506,0.66314,2.03559,6.98383,0.264532428783128,2165.02114043079,p5,3.335462141394979
11.007,146.27417,76.34961,0.5046,0.6634,2.0348,6.9924,0.263711842371488,2153.51172640643,p5,3.33314724094642
11.007,146.27393,76.35059,0.50459,0.6634,2.03479,6.99243,0.263706861011564,2153.44196784211,p5,3.3331331726458515
11.007,146.18201,76.687,0.5014,0.664,2.033,7.012,0.261824369172923,2127.17404657058,p5,3.3278030255740068
10.99243,145.86816,77.08789,0.5,0.664,2.03609,7.02484,0.259433062363682,2094.07754787016,p5,3.320992760431884
10.9278,144.47656,78.87305,0.49376,0.664,2.0498,7.0816,0.248665762595542,1948.81642961408,p5,3.289770932313956
10.91193,144.13477,79.31055,0.49223,0.664,2.05317,7.09558,0.24599225061499,1913.70233570576,p5,3.281874386934137
10.91058,144.10547,79.34766,0.4921,0.664,2.05346,7.09674,0.245764140036272,1910.72388986498,p5,3.2811979336423116
10.91058,144.10547,79.34766,0.4921,0.664,2.05346,7.09674,0.245764140036272,1910.72388986498,p5,3.2811979336423116
10.875,143.34,80.331,0.48867,0.664,2.061,7.128,0.239710173461273,1832.68690541425,p5,3.2630882768197242
10.77844,143.98145,80.37085,0.49166,0.65807,2.07484,7.10788,0.238679436622043,1819.59415105191,p5,3.2599745321533216
10.75793,144.11816,80.37939,0.4923,0.65681,2.0778,7.10358,0.23845903322952,1816.80183730057,p5,3.2593075604064694
10.75769,144.11914,80.37946,0.4923,0.65679,2.07782,7.10355,0.238456381506034,1816.76825789853,p5,3.2592995333979737
10.65564,144.79883,80.42163,0.49546,0.65052,2.09247,7.08228,0.237365504187059,1802.98595078771,p5,3.2559923426296984
10.65564,144.79883,80.42163,0.49546,0.65052,2.09247,7.08228,0.237365504187059,1802.98595078771,p5,3.2559923426296984
10.59998,145.16895,80.44458,0.49719,0.6471,2.10045,7.07071,0.236774056417954,1795.53992909693,p5,3.254195067381139
10.582,145.28799,80.452,0.49774,0.646,2.103,7.067,0.236584276185824,1793.15463050824,p5,3.2536177420333803
10.55511,145.11792,80.15625,0.4982,0.6454,2.10661,7.03796,0.237345145697466,1802.72905423446,p5,3.2559304582292232
10.50842,144.82202,79.64062,0.499,0.64435,2.11288,6.98743,0.238634720335144,1819.02665560415,p5,3.259839063162975
10.47919,144.63672,79.31738,0.4995,0.6437,2.11681,6.95575,0.239417586971763,1828.96357212326,p5,3.2622050556221773
10.47919,144.63672,79.31738,0.4995,0.6437,2.11681,6.95575,0.239417586971763,1828.96357212326,p5,3.2622050556221773
10.448,144.439,78.973,0.50004,0.643,2.121,6.922,0.240232122153606,1839.33700059988,p5,3.2646613073198636
10.46667,144.1582,79.50586,0.50113,0.64568,2.1172,6.90253,0.238930266678101,1822.77423332792,p5,3.2607328807823697
10.53864,143.07129,81.56055,0.50534,0.65605,2.10257,6.82751,0.23340920897724,1753.53301795103,p5,3.243913947793189
10.54077,143.03906,81.62109,0.50546,0.65636,2.10213,6.82532,0.233233996020048,1751.36211785858,p5,3.2433759516392673
10.54077,143.03906,81.62109,0.50546,0.65636,2.10213,6.82532,0.233233996020048,1751.36211785858,p5,3.2433759516392673
10.54236,143.01562,81.66797,0.50556,0.65659,2.10181,6.82361,0.233097356549721,1749.67027674777,p5,3.2429562141258366
10.54242,143.01465,81.66895,0.50556,0.6566,2.10179,6.82355,0.233095554887916,1749.64797595547,p5,3.2429506786984543
10.566,142.658,82.343,0.50694,0.66,2.097,6.799,0.231084311633938,1724.86007206722,p5,3.2367538690359825
10.66003,142.47412,83.74414,0.5112,0.66868,2.08191,6.85187,0.227732030837556,1684.02196489901,p5,3.2263477517552133
10.71558,142.36572,84.57227,0.51371,0.67381,2.073,6.883,0.225505078765154,1657.22264421104,p5,3.219380858845852
10.76648,142.26611,85.33008,0.51601,0.6785,2.06482,6.91168,0.223303583850193,1630.98849203284,p5,3.2124508967458136
10.76648,142.26611,85.33008,0.51601,0.6785,2.06482,6.91168,0.223303583850193,1630.98849203284,p5,3.2124508967458136
10.81189,142.17725,86.00781,0.51807,0.68271,2.05751,6.93726,0.221192822053281,1606.07720647224,p5,3.2057664186132238
10.815,142.17101,86.055,0.51822,0.683,2.057,6.939,0.221042343561108,1604.31028785096,p5,3.2052883684800033
10.83902,142.88672,85.66602,0.51545,0.6738,2.0626,6.9458,0.221914308114921,1614.56538338457,p5,3.2080556368837874
10.83905,142.8877,85.66553,0.51544,0.67379,2.06261,6.94581,0.221913506790543,1614.55593966672,p5,3.2080530966543312
10.8508,143.23926,85.47461,0.51408,0.66927,2.06535,6.94914,0.22232352452148,1619.39204778609,p5,3.209352002291587
10.86441,143.64551,85.25439,0.5125,0.66406,2.06853,6.953,0.222776395882391,1624.74397198565,p5,3.2107849343523105
10.86441,143.64551,85.25439,0.5125,0.66406,2.06853,6.953,0.222776395882391,1624.74397198565,p5,3.2107849343523105
10.875,143.96201,85.082,0.51128,0.66,2.071,6.956,0.223125584192019,1628.8780266346,p5,3.211888564761047
10.875,144.40332,84.26953,0.50555,0.6554,2.06819,6.9586,0.226142780442792,1664.86948126521,p5,3.221380192323947
10.875,144.41797,84.24414,0.50539,0.65526,2.06811,6.95869,0.226238425499812,1666.01831522207,p5,3.221679771474225
10.875,145.76172,81.76953,0.48801,0.64124,2.05957,6.96661,0.234500424453546,1767.08996030892,p5,3.2472586594508805
10.875,145.81836,81.66602,0.48729,0.64066,2.05922,6.96694,0.234818499576524,1771.05353100665,p5,3.2482316881632256
10.875,145.81836,81.66602,0.48729,0.64066,2.05922,6.96694,0.234818499576524,1771.05353100665,p5,3.2482316881632256
10.875,146.168,81.023,0.48277,0.637,2.057,6.969,0.236739503307365,1795.10557198429,p5,3.2540899949655757
10.75793,146.00403,79.63086,0.4763,0.6353,2.06168,6.97369,0.239939936760431,1835.61193351585,p5,3.263780872428177
10.65503,145.86011,78.4082,0.47061,0.6338,2.0658,6.9778,0.242431978980774,1867.52911738776,p5,3.2712673817978786
10.65491,145.85986,78.40723,0.4706,0.6338,2.0658,6.97781,0.242432771977874,1867.53932598703,p5,3.2712697558043513
10.63867,145.83716,78.21387,0.4697,0.63356,2.06645,6.97845,0.242801361460682,1872.28809352867,p5,3.272372675493549
10.63867,145.83716,78.21387,0.4697,0.63356,2.06645,6.97845,0.242801361460682,1872.28809352867,p5,3.272372675493549
10.6,145.783,77.754,0.46756,0.633,2.068,6.98,0.24365025011047,1883.25228849424,p5,3.2749085038517705
10.59515,145.74463,77.74701,0.46717,0.63371,2.06818,6.97913,0.243531896850932,1881.72132830857,p5,3.2745553074339635
10.51776,145.11963,77.63458,0.46091,0.64501,2.071,6.965,0.241634897126064,1857.28416667851,p5,3.2688783563939774
10.5116,145.06982,77.62567,0.46041,0.6459,2.07123,6.96388,0.241482111256764,1855.32429281088,p5,3.2684198310771864
10.47961,144.81201,77.57922,0.45782,0.65057,2.07239,6.95805,0.240695235441082,1845.25020940682,p5,3.266055263284837
10.47961,144.81201,77.57922,0.45782,0.65057,2.07239,6.95805,0.240695235441082,1845.25020940682,p5,3.266055263284837
10.463,144.677,77.555,0.45648,0.653,2.073,6.955,0.240286287782789,1840.02758617814,p5,3.264824334115588
10.44241,144.50757,78.08789,0.45492,0.66037,2.07402,6.95449,0.237789914290955,1808.33941428073,p5,3.2572799482160892
10.43063,144.41064,78.39355,0.45403,0.6646,2.0746,6.9542,0.236348479889288,1790.19301024688,p5,3.252899857106313
10.43057,144.4104,78.39453,0.45403,0.66461,2.0746,6.9542,0.236344892537271,1790.14798634965,p5,3.2528889343310015
10.39304,144.10181,79.36523,0.45119,0.67804,2.07646,6.95327,0.231702759085468,1732.45827153395,p5,3.238662782873574
10.39032,144.07935,79.43652,0.45098,0.67902,2.07659,6.95321,0.231358849752503,1728.22989611894,p5,3.2376015135912763
10.39032,144.07935,79.43652,0.45098,0.67902,2.07659,6.95321,0.231358849752503,1728.22989611894,p5,3.2376015135912763
10.382,144.011,79.651,0.45035,0.682,2.077,6.953,0.230318853867974,1715.48133013964,p5,3.234385995920928
10.34961,144.06384,79.14062,0.45092,0.682,2.079,6.953,0.232099644718819,1737.34584916217,p5,3.2398862809869367
10.3053,144.13599,78.44238,0.4517,0.682,2.08174,6.953,0.234477276034655,1766.80088536179,p5,3.2471876082157647
10.2337,144.25269,77.31348,0.45297,0.682,2.08615,6.953,0.238190367429398,1813.40060372783,p5,3.25849375598177
10.2337,144.25269,77.31348,0.45297,0.682,2.08615,6.953,0.238190367429398,1813.40060372783,p5,3.25849375598177
10.22,144.27499,77.097,0.45321,0.682,2.087,6.953,0.238882253167315,1822.16477023026,p5,3.260587645724968
10.22,144.36816,77.21387,0.45431,0.67877,2.0875,6.95341,0.238746123063581,1820.43834436268,p5,3.260175974587455
10.22,145.05029,78.07422,0.46241,0.65498,2.09116,6.95646,0.237668419881233,1806.80546819159,p5,3.2569113962583183
10.22,145.16992,78.22461,0.46383,0.65082,2.0918,6.957,0.23746687282681,1804.26275845298,p5,3.256299784999954
10.22,145.17041,78.22559,0.46384,0.65079,2.0918,6.957,0.23746623214097,1804.25467883017,p5,3.256297840192613
10.22,145.32031,78.41406,0.46561,0.64558,2.0926,6.95767,0.237205139414211,1800.9639606412,p5,3.2555050221747464
10.22,145.32031,78.41406,0.46561,0.64558,2.0926,6.95767,0.237205139414211,1800.9639606412,p5,3.2555050221747464
10.22,145.394,78.507,0.46649,0.643,2.093,6.958,0.237074946378596,1799.32440721417,p5,3.255109471050717
10.20641,145.82568,78.69678,0.4722,0.63847,2.0933,6.96495,0.238012934206163,1811.15666308291,p5,3.257956017939535
10.19301,146.25098,78.88403,0.47782,0.634,2.0936,6.9718,0.238920018065587,1822.64351854383,p5,3.2607017355401386
10.17896,146.69629,79.07983,0.48372,0.62932,2.09391,6.97898,0.239860512685369,1834.59960861019,p5,3.263541296520072
10.17715,146.75342,79.10498,0.48447,0.62872,2.09395,6.9799,0.239978060740269,1836.09724703714,p5,3.263895679443195
10.17715,146.75342,79.10498,0.48447,0.62872,2.09395,6.9799,0.239978060740269,1836.09724703714,p5,3.263895679443195
10.175,146.82201,79.135,0.48537,0.628,2.094,6.981,0.240119126650882,1837.8954867625,p5,3.2643208112868383
10.1714,146.56519,79.04736,0.49043,0.6276,2.0956,6.94461,0.24150425938274,1855.60859062732,p5,3.268486374438124
10.1714,146.56494,79.0473,0.49043,0.6276,2.0956,6.94455,0.241504409350321,1855.61051390383,p5,3.2684868245696586
10.17031,146.4873,79.02075,0.49196,0.62748,2.09608,6.93353,0.241924311011511,1861.00035251264,p5,3.2697464553952913
10.16626,146.19849,78.92224,0.49765,0.62703,2.09788,6.89261,0.243484469769474,1881.10850394356,p5,3.2744138467491504
10.16626,146.19849,78.92224,0.49765,0.62703,2.09788,6.89261,0.243484469769474,1881.10850394356,p5,3.2744138467491504
10.166,146.17999,78.916,0.49801,0.627,2.098,6.89,0.243582380015776,1882.37473341303,p5,3.2747060847943237
10.17807,146.08154,78.9444,0.49899,0.62726,2.098,6.88553,0.243706307073956,1883.97818636454,p5,3.275075870008687
10.18442,146.03003,78.95923,0.4995,0.6274,2.098,6.88319,0.243770397850563,1884.80775682036,p5,3.2752670604252097
10.23413,145.62573,79.07599,0.50352,0.62848,2.098,6.86481,0.244273624000484,1891.32893450975,p5,3.2767670666659567
10.25708,145.43921,79.12988,0.50537,0.62898,2.098,6.85634,0.244502661757106,1894.30142945108,p5,3.277449086985797
10.25708,145.43921,79.12988,0.50537,0.62898,2.098,6.85634,0.244502661757106,1894.30142945108,p5,3.277449086985797
10.258,145.43201,79.132,0.50545,0.629,2.098,6.856,0.244513617618345,1894.44368610683,p5,3.2774817000430234
10.28989,145.54382,79.66553,0.50595,0.6276,2.09695,6.856,0.242747271557716,1871.59140983346,p5,3.2722110432146883
10.33078,145.68713,80.34912,0.50659,0.6258,2.0956,6.856,0.240417145594222,1841.69861848127,p5,3.2652185623215018
10.33081,145.68726,80.3501,0.50659,0.6258,2.0956,6.856,0.240413228476321,1841.64860918807,p5,3.2652067693740876
10.34534,145.73828,80.59277,0.50682,0.62516,2.09512,6.856,0.239568167648523,1830.87888685157,p5,3.2626596165508923
10.349,145.75101,80.654,0.50688,0.625,2.095,6.856,0.239353685410387,1828.15149143635,p5,3.2620121810962996
10.34886,145.75635,80.64062,0.50691,0.625,2.09496,6.85599,0.239423065741612,1829.03347951595,p5,3.2622216550860177
10.34886,145.75635,80.64062,0.50691,0.625,2.09496,6.85599,0.239423065741612,1829.03347951595,p5,3.2622216550860177
10.33988,146.10938,79.75635,0.50892,0.625,2.09272,6.85543,0.243916810282483,1886.70405604418,p5,3.2757037830972866
10.33939,146.12842,79.7085,0.50903,0.625,2.0926,6.8554,0.244157630351762,1889.82490008389,p5,3.2764215668980197
10.333,146.38,79.079,0.51047,0.625,2.091,6.855,0.247304003165387,1930.88246149181,p5,3.2857558377984746
10.33124,146.38142,79.08496,0.51057,0.625,2.09108,6.85745,0.247297088859368,1930.79166180237,p5,3.2857354146333755
10.33124,146.38142,79.08496,0.51057,0.625,2.09108,6.85745,0.247297088859368,1930.79166180237,p5,3.2857354146333755
10.32083,146.38968,79.11963,0.51111,0.625,2.09154,6.87167,0.247246310551541,1930.12490606453,p5,3.285585414841611
10.30582,146.4016,79.16968,0.51189,0.625,2.0922,6.89221,0.247173218490118,1929.16539518724,p5,3.2853694630704866
10.30579,146.40163,79.1698,0.51189,0.625,2.0922,6.89224,0.247172759696626,1929.15937319125,p5,3.285368107394236
10.27939,146.42259,79.25793,0.51327,0.625,2.09336,6.92834,0.247044755698199,1927.47969668329,p5,3.2849898120589986
10.265,146.43401,79.306,0.51402,0.625,2.094,6.948,0.246972505291278,1926.53200553634,p5,3.2847762283567348
10.26477,146.44604,79.31073,0.51386,0.62473,2.09543,6.95003,0.246721007160643,1923.23522451151,p5,3.2840324046024314
10.26477,146.44604,79.31073,0.51386,0.62473,2.09543,6.95003,0.246721007160643,1923.23522451151,p5,3.2840324046024314
10.264,146.48767,79.32703,0.51332,0.6238,2.1004,6.95702,0.245851933341153,1911.86876686429,p5,3.2814580784303
10.26301,146.54077,79.34784,0.51262,0.62261,2.10674,6.96593,0.244740816857768,1897.39509763061,p5,3.2781577741435117
10.26,146.702,79.411,0.51051,0.619,2.126,6.993,0.241373800723977,1853.9358886753,p5,3.2680947116445274
10.25974,146.702,79.40857,0.51038,0.61892,2.12605,6.99326,0.241341871100026,1853.52664074162,p5,3.267998832525783
10.25784,146.702,79.39124,0.50944,0.61836,2.12644,6.99503,0.241106091047539,1850.50628115159,p5,3.267290563554257
10.25784,146.702,79.39124,0.50944,0.61836,2.12644,6.99503,0.241106091047539,1850.50628115159,p5,3.267290563554257
10.239,146.702,79.21777,0.50002,0.61282,2.13032,7.01277,0.238734846956883,1820.29461451894,p5,3.260141684196614
10.2328,146.702,79.16077,0.49693,0.611,2.1316,7.0186,0.237951863403022,1810.38431321091,p5,3.2577707778471052
10.23279,146.702,79.16052,0.49692,0.611,2.1316,7.01862,0.237950135322575,1810.36247677874,p5,3.2577655394570457
10.226,146.702,79.098,0.49352,0.609,2.133,7.025,0.237086415865749,1799.46813682087,p5,3.255144161005387
10.22509,146.65088,79.05371,0.49442,0.60867,2.13152,7.02853,0.237677626087719,1806.92085769226,p5,3.2569391310776754
10.22509,146.65088,79.05371,0.49442,0.60867,2.13152,7.02853,0.237677626087719,1806.92085769226,p5,3.2569391310776754
10.2235,146.56152,78.97632,0.49599,0.60809,2.12891,7.03476,0.238714019933025,1820.03029571139,p5,3.2600786171887974
10.2194,146.33105,78.77637,0.50006,0.6066,2.1222,7.0508,0.241395587067669,1854.21439984407,p5,3.2681599494879596
10.21679,146.18457,78.64941,0.50265,0.60565,2.11794,7.06097,0.243103139945174,1876.18095488613,p5,3.2732747231254358
10.215,146.084,78.562,0.50443,0.605,2.115,7.068,0.244280516093812,1891.41731972136,p5,3.276787361556024
10.21864,145.93555,78.5022,0.50507,0.60945,2.11317,7.06557,0.244881350613038,1899.22120058968,p5,3.2785755495716162
10.21864,145.93555,78.5022,0.50507,0.60945,2.11317,7.06557,0.244881350613038,1899.22120058968,p5,3.2785755495716162
10.2294,145.49609,78.3252,0.50695,0.6226,2.1078,7.0584,0.246650683584476,1922.3133514144,p5,3.2838241823429257
10.22942,145.49561,78.32495,0.50696,0.62262,2.10779,7.0584,0.246655544477063,1922.37702114953,p5,3.2838385665517715
10.23106,145.42822,78.29761,0.50725,0.62463,2.10696,7.05729,0.246929124238838,1925.96250997527,p5,3.2846478290661207
10.251,144.614,77.97,0.51074,0.649,2.097,7.044,0.2502146352711,1969.33231635428,p5,3.2943190076471427
10.25281,144.60419,77.85938,0.51083,0.64816,2.097,7.04259,0.250646088135993,1975.07006067692,p5,3.2955825057476527
10.25482,144.5932,77.73535,0.51094,0.64721,2.097,7.04102,0.251130511255427,1981.52401849092,p5,3.296999340881589
10.25482,144.5932,77.73535,0.51094,0.64721,2.097,7.04102,0.251130511255427,1981.52401849092,p5,3.296999340881589
10.25742,144.57898,77.57617,0.51107,0.646,2.097,7.03899,0.251746356082487,1989.74689506798,p5,3.2987978356728633
10.27231,144.49756,76.66211,0.51184,0.63902,2.097,7.02736,0.255229886157989,2036.63880291946,p5,3.3089140138758695
10.283,144.439,76.005,0.5124,0.634,2.097,7.019,0.257675375706331,2069.94258579283,p5,3.3159582995539414
10.26477,144.61035,75.93262,0.51191,0.63263,2.0981,7.01309,0.257688193163576,2070.11789695526,p5,3.315995080016846
10.26477,144.61035,75.93262,0.51191,0.63263,2.0981,7.01309,0.257688193163576,2070.11789695526,p5,3.315995080016846
10.24634,144.78271,75.85986,0.51141,0.63124,2.09921,7.00716,0.257697342628309,2070.24301974999,p5,3.316021329003551
10.17664,145.43799,75.5835,0.50954,0.626,2.1034,6.9846,0.257734264861039,2070.7480102433,p5,3.3161272527228527
10.17657,145.43848,75.58301,0.50953,0.626,2.1034,6.98459,0.257733285755063,2070.73460925474,p5,3.316124442147067
10.16534,145.54395,75.53857,0.50923,0.62515,2.10408,6.98096,0.257737104905969,2070.78682936581,p5,3.316135394115525
10.15,145.688,75.478,0.50882,0.624,2.105,6.976,0.257742428120378,2070.85961785337,p5,3.3161506593675933
10.1475,145.12305,75.54688,0.50727,0.62494,2.10484,6.96739,0.25691259100339,2059.51986204121,p5,3.3137659846552925
10.1475,145.12305,75.54688,0.50727,0.62494,2.10484,6.96739,0.25691259100339,2059.51986204121,p5,3.3137659846552925
10.14209,143.89844,75.69617,0.50392,0.62697,2.10451,6.94879,0.2551160669936,2035.09557328381,p5,3.308584809617811
10.1404,143.51758,75.74268,0.50288,0.6276,2.1044,6.94298,0.254559163140589,2027.55909644058,p5,3.3069735212723494
10.134,142.073,75.919,0.49892,0.63,2.104,6.921,0.252442655144385,1999.06702362656,p5,3.300827355150237
10.13567,141.9248,75.97827,0.4973,0.63166,2.10275,6.93567,0.251919286195272,1992.05824649153,p5,3.299302032762397
10.13681,141.82324,76.01904,0.49619,0.6328,2.1019,6.94574,0.251559275839668,1987.24555543418,p5,3.2982515343373247
10.13681,141.82324,76.01904,0.49619,0.6328,2.1019,6.94574,0.251559275839668,1987.24555543418,p5,3.2982515343373247
10.1404,141.50439,76.14697,0.49268,0.6364,2.09921,6.97742,0.250425622325459,1972.13560583491,p5,3.29493677411483
10.14041,141.50342,76.14722,0.49268,0.63641,2.0992,6.97748,0.250425881347039,1972.13905090644,p5,3.2949375327717116
10.14542,141.05859,76.32568,0.48779,0.64141,2.09544,7.02161,0.248848152638346,1951.22378592555,p5,3.2903070815006568
10.15,140.65199,76.489,0.48333,0.646,2.092,7.062,0.247409378569498,1932.26581790362,p5,3.286066871203554
10.14478,140.95801,76.44287,0.48849,0.646,2.09451,7.06837,0.248741667247672,1949.81710136146,p5,3.2899938751600453
10.14478,140.95801,76.44287,0.48849,0.646,2.09451,7.06837,0.248741667247672,1949.81710136146,p5,3.2899938751600453
10.1446,140.96875,76.44116,0.48867,0.646,2.0946,7.0686,0.248788185309969,1950.43162325015,p5,3.2901307297487237
10.14127,141.16357,76.41187,0.49195,0.646,2.0962,7.07266,0.249635085522048,1961.6395991464,p5,3.2926192199249775
10.12482,142.12842,76.26611,0.50819,0.646,2.10412,7.09277,0.253838549521536,2017.83240353897,p5,3.304885091910379
10.123,142.235,76.25,0.50999,0.646,2.105,7.095,0.254304622322251,2024.12075059857,p5,3.306236417137326
10.11516,142.49951,76.07031,0.50906,0.646,2.10775,7.08821,0.254360752500381,2024.87875440536,p5,3.3063990236646865
10.11516,142.49951,76.07031,0.50906,0.646,2.10775,7.08821,0.254360752500381,2024.87875440536,p5,3.3063990236646865
10.10292,142.91211,75.79004,0.50762,0.646,2.11205,7.07764,0.254436700805405,2025.90463732961,p5,3.3066189985483176
10.0934,143.23389,75.57178,0.50649,0.646,2.11539,7.0694,0.254483946663355,2026.54294973796,p5,3.306755812438202
10.09338,143.23438,75.57153,0.50649,0.646,2.1154,7.06938,0.254483513670656,2026.53709809896,p5,3.3067545584118823
10.086,143.48399,75.402,0.50561,0.646,2.118,7.063,0.254512132872303,2026.92379395616,p5,3.306837420875312
10.086,143.58667,76.08594,0.50577,0.6463,2.118,7.05341,0.252281670634627,1996.91019398548,p5,3.3003585340076333
10.086,143.63965,76.4375,0.50585,0.64646,2.118,7.04849,0.251112937775932,1981.28894542941,p5,3.29694781640415
10.086,143.63965,76.4375,0.50585,0.64646,2.118,7.04849,0.251112937775932,1981.28894542941,p5,3.29694781640415
10.086,143.89014,78.09961,0.50623,0.6472,2.118,7.02518,0.245379226471636,1905.70315215172,p5,3.2800552523239666
10.086,143.99951,78.82617,0.50639,0.64752,2.118,7.01498,0.242757657431907,1871.72537920078,p5,3.2722421290993595
10.086,144.161,79.896,0.50664,0.648,2.118,7.0,0.238767872733077,1820.71473865691,p5,3.2602419078312965
10.086,144.36792,79.62402,0.50517,0.6485,2.12248,6.99975,0.238896412055169,1822.34485458814,p5,3.2606305648833835
10.086,144.36792,79.62402,0.50517,0.6485,2.12248,6.99975,0.238896412055169,1822.34485458814,p5,3.2606305648833835
10.086,144.46924,79.49072,0.50445,0.64874,2.12468,6.99963,0.238952126821452,1823.05168553691,p5,3.260798981559681
10.086,144.49316,79.45947,0.50428,0.6488,2.1252,6.9996,0.238963702277671,1823.19855770397,p5,3.260833968610749
10.086,144.49365,79.45898,0.50427,0.6488,2.12521,6.9996,0.238961720770077,1823.17341234259,p5,3.260827978825953
10.086,144.97607,78.82471,0.50084,0.64996,2.13566,6.99902,0.239163227332492,1825.73125011267,p5,3.2614368492206944
10.086,144.992,78.804,0.50073,0.65,2.136,6.999,0.239168914787269,1825.80347423493,p5,3.261454029140991
10.13257,145.09717,78.46045,0.49759,0.6498,2.1374,6.9988,0.239427390474527,1829.08790735974,p5,3.262234578502013
10.14819,145.13257,78.34473,0.49653,0.64973,2.13787,6.99873,0.239508194648239,1830.1154039366,p5,3.2624784764586283
10.14819,145.13257,78.34473,0.49653,0.64973,2.13787,6.99873,0.239508194648239,1830.1154039366,p5,3.2624784764586283
10.22302,145.30225,77.79053,0.49146,0.64941,2.14013,6.99841,0.239855652634121,1834.53756092668,p5,3.26352660807136
10.318,145.51801,77.087,0.48503,0.649,2.143,6.998,0.240205166672312,1838.99227585194,p5,3.2645799051152253
10.28918,145.44153,77.12,0.48648,0.6476,2.1444,7.00241,0.240270409814154,1839.82459787381,p5,3.264776420940742
10.27679,145.40869,77.13422,0.48711,0.647,2.14501,7.0043,0.240298950000617,1840.18876299679,p5,3.2648623743808085
10.27679,145.40869,77.13422,0.48711,0.647,2.14501,7.0043,0.240298950000617,1840.18876299679,p5,3.2648623743808085
10.20282,145.2124,77.21893,0.49084,0.6434,2.1486,7.0156,0.240467442089381,1842.33955671115,p5,3.265369676900694
10.20276,145.21228,77.21899,0.49084,0.64339,2.1486,7.01561,0.240467197649259,1842.33643500305,p5,3.265368941020196
10.20142,145.20874,77.22058,0.49091,0.64333,2.14867,7.01582,0.240470017597453,1842.3724443975,p5,3.2653774294418425
10.174,145.136,77.252,0.49229,0.642,2.15,7.02,0.240531279143466,1843.1548268595,p5,3.2655618179247274
10.12323,145.01953,78.09277,0.49645,0.64048,2.14666,7.03188,0.23914431967517,1825.49044808409,p5,3.261379564836979
10.12323,145.01953,78.09277,0.49645,0.64048,2.14666,7.03188,0.23914431967517,1825.49044808409,p5,3.261379564836979
10.10394,144.97546,78.41211,0.49803,0.6399,2.14539,7.03636,0.238584448915705,1818.38884221737,p5,3.259686757858636
10.07379,144.90625,78.91113,0.5005,0.639,2.1434,7.04341,0.237672643988135,1806.85879650386,p5,3.256924214378682
10.007,144.75301,80.018,0.50597,0.637,2.139,7.059,0.235475647523901,1779.25843463612,p5,3.2502390332918485
10.00606,144.74646,80.12891,0.50565,0.63683,2.13891,7.059,0.234969966051689,1772.94188961216,p5,3.248694501289376
9.99635,144.67981,81.26367,0.50238,0.63506,2.13803,7.059,0.229704843683422,1707.98119073187,p5,3.2324830836794867
9.99635,144.67981,81.26367,0.50238,0.63506,2.13803,7.059,0.229704843683422,1707.98119073187,p5,3.2324830836794867
9.9938,144.66223,81.5625,0.50153,0.6346,2.1378,7.059,0.22829379267982,1690.82187692808,p5,3.2280978583713655
9.99379,144.66211,81.56445,0.50152,0.6346,2.1378,7.059,0.228283208675793,1690.69356787428,p5,3.2280649004180573
9.98595,144.60815,82.48242,0.49889,0.63317,2.13709,7.059,0.223869986469246,1637.71083243295,p5,3.2142372216215187
9.974,144.526,83.882,0.49487,0.631,2.136,7.059,0.216913794308136,1556.29852606418,p5,3.1920929061415566
9.99384,144.43909,83.72339,0.49187,0.6298,2.1394,7.04678,0.216429159427711,1550.72212834639,p5,3.190533984185453
9.99857,144.41833,83.68555,0.49115,0.62951,2.14021,7.04385,0.21631084479747,1549.36264888286,p5,3.19015308204274
10.00781,144.37781,83.61157,0.48975,0.62895,2.1418,7.03815,0.21607866035849,1546.69692380306,p5,3.1894052217698152
10.00781,144.37781,83.61157,0.48975,0.62895,2.1418,7.03815,0.21607866035849,1546.69692380306,p5,3.1894052217698152
10.0589,144.15381,83.20215,0.48199,0.62586,2.15057,7.00668,0.214747852644471,1531.47307209078,p5,3.1851093650046898
10.073,144.092,83.089,0.47984,0.625,2.153,6.998,0.214364182105578,1527.10152018904,p5,3.1838679094810125
10.10471,143.83325,82.60791,0.47221,0.62356,2.15264,6.98538,0.214418475375982,1527.71931242519,p5,3.1840435687274837
10.10471,143.83325,82.60791,0.47221,0.62356,2.15264,6.98538,0.214418475375982,1527.71931242519,p5,3.1840435687274837
10.11414,143.75635,82.46533,0.46995,0.62313,2.15253,6.98164,0.214421344868201,1527.75188583918,p5,3.1840528284802585
10.14337,143.51782,82.02197,0.46291,0.6218,2.1522,6.97,0.214385941077474,1527.34847846879,p5,3.1839381366043487
10.14343,143.51733,82.021,0.4629,0.6218,2.1522,6.96999,0.214387086023821,1527.3615128326,p5,3.183941842849651
10.161,143.37399,81.755,0.45867,0.621,2.152,6.963,0.214335902667846,1526.7786835316,p5,3.183776087818045
10.15588,143.37399,81.62695,0.45712,0.62069,2.15246,6.96262,0.214375969530755,1527.23468361845,p5,3.1839057783590676
10.13562,143.37399,81.12305,0.45098,0.61948,2.15427,6.96111,0.214479901246226,1528.41780980155,p5,3.1842420896375914
10.13562,143.37399,81.12305,0.45098,0.61948,2.15427,6.96111,0.214479901246226,1528.41780980155,p5,3.1842420896375914
10.12079,143.37399,80.75391,0.44649,0.6186,2.1556,6.96,0.214514424957646,1528.81080810316,p5,3.1843537443524053
10.11502,143.37399,80.60986,0.44473,0.61825,2.15612,6.95957,0.21451601383455,1528.82881069516,p5,3.184358858379786
10.094,143.37399,80.087,0.43837,0.617,2.158,6.958,0.214485215165002,1528.47763662735,p5,3.184259088884555
10.03601,142.64844,80.19507,0.44081,0.6244,2.16421,6.9509,0.213689595370371,1519.4325955151,p5,3.1816814388383734
10.01617,142.40039,80.23193,0.44164,0.62692,2.16634,6.94847,0.213415865093041,1516.32844967781,p5,3.1807932833755856
10.01617,142.40039,80.23193,0.44164,0.62692,2.16634,6.94847,0.213415865093041,1516.32844967781,p5,3.1807932833755856
10.01562,142.39355,80.23303,0.44166,0.62699,2.1664,6.9484,0.21340709354082,1516.22904428075,p5,3.1807648115556675
10.0155,142.39258,80.23315,0.44167,0.62701,2.1664,6.94839,0.213408992521336,1516.25056572343,p5,3.1807709759128935
9.91644,141.15332,80.4176,0.44583,0.63964,2.17702,6.93626,0.212046668970046,1500.86126454763,p5,3.1763405491212926
9.898,140.922,80.452,0.4466,0.642,2.179,6.934,0.211791082457783,1497.98504390253,p5,3.175507477326714
9.87979,140.09961,80.7207,0.4447,0.65701,2.1802,6.8418,0.209925270474262,1477.09332312949,p5,3.1694079350139166
9.86023,139.2168,81.00879,0.44265,0.67313,2.18149,6.74268,0.207919221116779,1454.83755373043,p5,3.1628145029734096
9.86023,139.2168,81.00879,0.44265,0.67313,2.18149,6.74268,0.207919221116779,1454.83755373043,p5,3.1628145029734096
9.85114,138.80469,81.14307,0.4417,0.68063,2.18209,6.69653,0.206985075398013,1444.54675292661,p5,3.159731602399985
9.807,136.812,81.793,0.43708,0.717,2.185,6.473,0.202453068186502,1395.2786310221,p5,3.144660942973205
9.80351,136.49805,81.76465,0.43709,0.72638,2.18525,6.44434,0.20243467670475,1395.08108673613,p5,3.1445994509777995
9.79485,135.72363,81.69446,0.43712,0.74957,2.18587,6.37354,0.202390171146631,1394.60311388357,p5,3.144450630566979
9.79485,135.72363,81.69446,0.43712,0.74957,2.18587,6.37354,0.202390171146631,1394.60311388357,p5,3.144450630566979
9.78644,134.97168,81.62622,0.43715,0.77209,2.18647,6.30481,0.202346372799593,1394.13280977026,p5,3.1443041480826173
9.78461,134.80762,81.61145,0.43716,0.77698,2.1866,6.28979,0.202337206702542,1394.03439774663,p5,3.144273490094303
9.78459,134.80664,81.61133,0.43716,0.77704,2.1866,6.28967,0.202337353505384,1394.03597612621,p5,3.1442739818190084
9.779,134.306,81.566,0.43718,0.792,2.187,6.244,0.202306804126127,1393.70798613893,p5,3.1441717886160596
9.75937,134.74414,82.91406,0.43826,0.80852,2.18838,6.21472,0.197505458432562,1342.73870571043,p5,3.1279915080456635
9.75314,134.88281,83.33984,0.43861,0.81375,2.18881,6.20547,0.195934749108807,1326.33038130838,p5,3.1226517178148328
9.75314,134.88281,83.33984,0.43861,0.81375,2.18881,6.20547,0.195934749108807,1326.33038130838,p5,3.1226517178148328
9.74478,135.06982,83.91406,0.43907,0.8208,2.1894,6.19299,0.193766620121293,1303.89637262404,p5,3.1152430771429196
9.72464,135.52002,85.29883,0.44018,0.83777,2.19081,6.16293,0.188314024600878,1248.58066982333,p5,3.0964166070216312
9.722,135.57899,85.479,0.44033,0.84,2.191,6.159,0.187580770043073,1241.26235001719,p5,3.093863582564976
9.722,137.09961,89.63672,0.43841,0.84959,2.189,6.01672,0.168482487165534,1060.7057286837,p5,3.0255949144055543
9.722,137.10156,89.64062,0.43841,0.8496,2.189,6.0166,0.16846318682326,1060.53305871724,p5,3.025524210801382
9.722,137.37109,90.37891,0.43807,0.8513,2.18864,5.99133,0.164688354757828,1027.14189969081,p5,3.011630445540484
9.722,137.37109,90.37891,0.43807,0.8513,2.18864,5.99133,0.164688354757828,1027.14189969081,p5,3.011630445540484
9.722,137.7207,91.33203,0.43763,0.85351,2.18818,5.95874,0.159620595956579,983.503689171262,p5,2.992775993318616
9.722,139.38699,95.876,0.43553,0.864,2.186,5.803,0.131966160013079,769.399700384505,p5,2.886152012850207
9.72131,139.27612,95.89331,0.43287,0.8614,2.18082,5.78677,0.131823491221414,768.400421500971,p5,2.8855875944190883
9.7212,139.25854,95.89603,0.43245,0.86099,2.18001,5.78421,0.131800366685269,768.238554744045,p5,2.8854960988359575
9.72004,139.07251,95.92499,0.42799,0.85665,2.17131,5.75699,0.13156265441227,766.57626625025,p5,2.8845553690585466
9.72004,139.07251,95.92499,0.42799,0.85665,2.17131,5.75699,0.13156265441227,766.57626625025,p5,2.8845553690585466
9.71887,138.88477,95.95422,0.42348,0.85226,2.16254,5.72949,0.13132021962298,764.884044576432,p5,2.883595601666593
9.718,138.745,95.976,0.42012,0.849,2.156,5.709,0.131140011808106,763.628196343215,p5,2.882881955984316
9.74268,140.01562,94.27734,0.41501,0.85213,2.14894,5.74783,0.142318055119366,844.78948484812,p5,2.926748499530577
9.74997,140.39062,93.77539,0.4135,0.85306,2.14686,5.75928,0.145442328662568,868.660587668887,p5,2.9388501174192645
9.74997,140.39062,93.77539,0.4135,0.85306,2.14686,5.75928,0.145442328662568,868.660587668887,p5,2.9388501174192645
9.76837,141.33691,92.51172,0.4097,0.8554,2.1416,5.78818,0.152980496934505,928.390285089403,p5,2.9677305872404296
9.7684,141.33887,92.50977,0.40969,0.8554,2.14159,5.78824,0.152991278891771,928.477878425382,p5,2.9677715608574506
9.781,141.98599,91.644,0.40709,0.857,2.138,5.808,0.15789830825232,968.983686732285,p5,2.9863164655731724
9.78105,141.99609,91.63867,0.40711,0.85718,2.13801,5.80786,0.157933216860995,969.276427646295,p5,2.98644765102512
9.79787,145.16602,90.02148,0.41555,0.92236,2.14274,5.7627,0.168628202746887,1062.01088556291,p5,3.026128968266802
9.79787,145.16602,90.02148,0.41555,0.92236,2.14274,5.7627,0.168628202746887,1062.01088556291,p5,3.026128968266802
9.8002,145.60938,89.79688,0.41673,0.9314,2.1434,5.75638,0.170082284057296,1075.08804845314,p5,3.0314440339180737
9.80057,145.67578,89.76172,0.41691,0.9328,2.1435,5.75543,0.170307833965829,1077.12657224048,p5,3.032266739877145
9.813,148.022,88.566,0.42315,0.981,2.147,5.722,0.177904115086332,1147.35953805041,p5,3.05969953030215
9.813,148.36035,88.6438,0.42859,10.01373,2.1534,5.53418,0.17807890103475,1149.01877367527,p5,3.0603271246299446
9.813,148.63525,88.70691,0.43301,10.04022,2.1586,5.38184,0.178218662268617,1150.34097741774,p5,3.0608265904941487
9.813,148.63574,88.70703,0.43301,10.04028,2.1586,5.38159,0.178218184489832,1150.33645567599,p5,3.0608248833730527
9.813,148.8584,88.75806,0.43659,10.06177,2.16281,5.2583,0.178330193295181,1151.39685499975,p5,3.0612250388605435
9.813,148.8584,88.75806,0.43659,10.06177,2.16281,5.2583,0.178330193295181,1151.39685499975,p5,3.0612250388605435
9.813,149.29541,88.8584,0.44362,10.10394,2.17108,5.01587,0.178544340526231,1153.42606440418,p5,3.0619897611021125
9.813,149.55499,88.918,0.44779,10.129,2.176,4.872,0.17866644833182,1154.58421995928,p5,3.0624256175732816
9.813,148.99121,89.50391,0.44973,10.11819,2.17961,4.8786,0.175520627525813,1124.99976516414,p5,3.0511524317914445
9.813,148.31543,90.20508,0.45204,10.10526,2.18392,4.88651,0.17165493229428,1089.36502192532,p5,3.037173426537722
9.813,147.9668,90.56836,0.45324,10.09856,2.18616,4.89059,0.169608206785099,1070.81920963946,p5,3.029716153480142
9.813,147.9668,90.56836,0.45324,10.09856,2.18616,4.89059,0.169608206785099,1070.81920963946,p5,3.029716153480142
9.813,146.73801,91.845,0.45746,10.075,2.194,4.905,0.162166302753482,1005.26147255274,p5,3.002279038191678
9.813,146.5293,91.9541,0.45842,10.07059,2.192,4.9198,0.161873626283289,1002.74331569924,p5,3.0011897756503325
9.813,144.30078,93.13086,0.46873,10.02322,2.17072,5.07788,0.158297080942373,972.338536900889,p5,2.9878174985789254
9.813,144.30078,93.13086,0.46873,10.02322,2.17072,5.07788,0.158297080942373,972.338536900889,p5,2.9878174985789254
9.813,143.97656,93.30176,0.47023,10.01636,2.16763,5.10083,0.157717070375304,967.47178716732,p5,2.9856383092400938
9.813,143.38867,93.6123,0.47295,10.00385,2.162,5.14258,0.156622641870526,958.337319504353,p5,2.981518400742659
9.813,143.38672,93.61328,0.47297,10.00378,2.16199,5.1427,0.156620457584651,958.319152335809,p5,2.9815101677586404
9.813,142.55,94.056,0.47684,0.986,2.154,5.202,0.154961522444443,944.589742847913,p5,2.9752432253305208
9.92078,141.36914,93.83643,0.48685,0.98116,2.14325,5.30591,0.159012325978964,978.359678180036,p5,2.990498545515593
10.05359,139.91602,93.56641,0.49916,0.9752,2.13,5.43372,0.164040668560568,1021.49114698156,p5,3.0092346070588065
10.05371,139.91406,93.56592,0.49918,0.97519,2.12999,5.43384,0.164048225407272,1021.55697753021,p5,3.0092625944994214
10.05371,139.91406,93.56592,0.49918,0.97519,2.12999,5.43384,0.164048225407272,1021.55697753021,p5,3.0092625944994214
10.16516,138.69336,93.33911,0.50951,0.97019,2.11887,5.54114,0.168306173523069,1059.13184501995,p5,3.0249500262080815
10.214,138.159,93.24,0.51403,0.968,2.114,5.588,0.17017919952507,1075.96553800078,p5,3.0317983615759307
10.46997,140.07422,92.4541,0.51981,0.9444,2.1116,5.70996,0.17725158181922,1141.20761136414,p5,3.0573646595521806
10.47021,140.07617,92.45312,0.51982,0.94437,2.1116,5.71008,0.17726049017552,1141.29146508696,p5,3.0573965694964165
10.52612,140.49414,92.28125,0.52108,0.93921,2.11107,5.73669,0.178794494534517,1155.79378092355,p5,3.0628803532919395
10.61035,141.125,92.02246,0.52298,0.93146,2.11029,5.77686,0.181095357139132,1177.78017282085,p5,3.0710642389741616
10.61035,141.125,92.02246,0.52298,0.93146,2.11029,5.77686,0.181095357139132,1177.78017282085,p5,3.0710642389741616
10.854,142.94901,91.274,0.52849,0.909,2.108,5.893,0.187703334246338,1242.48721326009,p5,3.094291927997596
10.84912,143.38867,91.16748,0.52444,0.90176,2.10957,5.893,0.187506650963162,1240.52763008693,p5,3.09360644169219
10.84399,143.84766,91.05566,0.5202,0.89417,2.11121,5.893,0.187292379547295,1238.39515456776,p5,3.092859244090916
10.8221,145.8125,90.57812,0.50206,0.86176,2.11822,5.893,0.186253485464024,1228.09046985454,p5,3.0892303611955065
10.8221,145.8125,90.57812,0.50206,0.86176,2.11822,5.893,0.186253485464024,1228.09046985454,p5,3.0892303611955065
10.81865,146.12109,90.50293,0.49921,0.85666,2.11932,5.893,0.186074280501383,1226.31875455449,p5,3.088603370142582
10.804,147.433,90.184,0.48708,0.835,2.124,5.893,0.185254069168721,1218.23149331942,p5,3.085729822548466
10.66614,146.88477,90.03394,0.4767,0.83215,2.13161,5.87747,0.182998321776017,1196.17505313692,p5,3.07779474072953
10.51855,146.29785,89.87305,0.46559,0.82909,2.13976,5.86086,0.180546352571072,1172.50647383421,p5,3.0691152492913534
10.51855,146.29785,89.87305,0.46559,0.82909,2.13976,5.86086,0.180546352571072,1172.50647383421,p5,3.0691152492913534
10.45605,146.0498,89.80493,0.46088,0.8278,2.1432,5.85382,0.179496237694398,1162.46748241703,p5,3.06538081325716
10.45581,146.04883,89.80469,0.46086,0.8278,2.14321,5.85379,0.179492010981678,1162.42719387235,p5,3.065365761312813
10.401,145.83105,89.74512,0.45674,0.82666,2.14623,5.84763,0.178566164134004,1153.62497535293,p5,3.062064649716328
10.369,145.70399,89.71,0.45432,0.826,2.148,5.844,0.178021161905588,1148.46481038289,p5,3.060117692704172
10.2345,142.7793,84.55859,0.43736,0.826,2.14907,5.75555,0.197876541957549,1346.63546441023,p5,3.129250047674519
10.21838,142.42969,83.94531,0.43535,0.826,2.1492,5.745,0.199831737510467,1367.28193406266,p5,3.1358580754917216
10.19971,142.02148,83.22656,0.43298,0.826,2.14935,5.73267,0.202023353458857,1390.66625479339,p5,3.143222916409962
10.19971,142.02148,83.22656,0.43298,0.826,2.14935,5.73267,0.202023353458857,1390.66625479339,p5,3.143222916409962
10.118,140.248,80.1,0.42271,0.826,2.15,5.679,0.210448752708101,1482.93943910247,p5,3.1711234154918615
10.08899,139.81152,79.77637,0.4171,0.83081,2.14096,5.6272,0.211173921976226,1491.05758940605,p5,3.1734944176168174
10.03839,139.0498,79.21094,0.4073,0.8392,2.12518,5.53662,0.212398270077581,1504.82734097693,p5,3.177486673243772
10.03827,139.04883,79.20996,0.40729,0.83922,2.12515,5.5365,0.212402676399756,1504.87704117341,p5,3.177501016526927
9.9801,138.17285,78.55957,0.39601,0.84886,2.10703,5.43237,0.213741382885533,1520.02435314875,p5,3.181850546072005
9.9801,138.17285,78.55957,0.39601,0.84886,2.10703,5.43237,0.213741382885533,1520.02435314875,p5,3.181850546072005
9.96765,137.98535,78.4209,0.3936,0.85094,2.10315,5.41003,0.214018958506373,1523.17700261966,p5,3.182750373982378
9.919,137.25301,77.878,0.38418,0.859,2.088,5.323,0.215076516036862,1535.2260233441,p5,3.186172323438564
9.94983,138.1875,77.28027,0.37704,0.88861,2.0824,5.13379,0.216078027296928,1546.69156768757,p5,3.1894037178323638
9.97516,138.95312,76.78809,0.37117,0.91296,2.07779,4.97852,0.216863470224235,1555.72077578117,p5,3.191931651510158
10.02863,140.57227,75.75098,0.35876,0.96436,2.06807,4.65039,0.218394847141501,1573.41921964555,p5,3.196844450863636
10.02863,140.57227,75.75098,0.35876,0.96436,2.06807,4.65039,0.218394847141501,1573.41921964555,p5,3.196844450863636
10.06909,141.79688,74.96582,0.3494,10.00323,2.06071,4.40234,0.219464096972379,1585.86223740181,p5,3.2002654578020113
10.073,141.916,74.89,0.34848,10.007,2.06,4.378,0.21955855482777,1586.96332392317,p5,3.2005668899546964
10.4187,146.07031,72.4082,0.34848,10.1098,2.03897,3.87646,0.230789775765617,1721.26225389214,p5,3.2358470450754635
10.50586,147.11719,71.7832,0.34848,10.13568,2.03368,3.75024,0.233574390658526,1755.59597532718,p5,3.2444245765616344
10.50586,147.11719,71.7832,0.34848,10.13568,2.03368,3.75024,0.233574390658526,1755.59597532718,p5,3.2444245765616344
10.54663,147.60547,71.49023,0.34848,10.14783,2.0312,3.69092,0.234873242758088,1771.75137818905,p5,3.248402779257551
10.54688,147.60938,71.48828,0.34848,10.14789,2.03119,3.69067,0.234881121882666,1771.84965381156,p5,3.2484268680644948
10.665,149.035,70.638,0.34848,10.183,2.024,3.519,0.238632546462979,1819.01529975146,p5,3.2598363519330213
10.79443,150.59375,69.99121,0.34847,10.20544,2.02129,3.31543,0.241206423949858,1851.80824425756,p5,3.267596013246331
11.06714,153.87109,68.63281,0.34845,10.25262,2.0156,2.88672,0.246550561199257,1921.01972404804,p5,3.2835318239982105
11.16675,155.07031,68.13477,0.34844,10.2699,2.01352,2.72949,0.248486769285882,1946.46967912991,p5,3.289247642942889
11.16675,155.07031,68.13477,0.34844,10.2699,2.01352,2.72949,0.248486769285882,1946.46967912991,p5,3.289247642942889
11.20312,155.50391,67.9541,0.34844,10.27618,2.01276,2.67236,0.249187959524572,1955.73538464992,p5,3.2913100934165374
11.335,157.09,67.297,0.34843,10.299,2.01,2.465,0.251726101324873,1989.49334124289,p5,3.2987424899180398
11.47778,157.98242,66.94824,0.35106,10.39734,2.0084,1.91895,0.253918916779132,2018.93383726916,p5,3.305122086858582
11.47791,157.9834,66.948,0.35106,10.39746,2.0084,1.91797,0.253919824412902,2018.94607593539,p5,3.3051247195199407
11.4823,158.01074,66.93726,0.35114,10.40039,2.00835,1.90137,0.25398711757273,2019.8535879226,p5,3.305319890109097
11.60901,158.80371,66.62769,0.35347,10.48779,2.00693,1.41699,0.255932818826346,2046.19720815744,p5,3.310947487776542
11.60901,158.80371,66.62769,0.35347,10.48779,2.00693,1.41699,0.255932818826346,2046.19720815744,p5,3.310947487776542
11.692,159.32201,66.425,0.355,10.545,2.006,1.1,0.25720805541406,2063.57220282252,p5,3.3146196691130267
11.6889,159.27148,66.26172,0.35535,10.54749,2.00578,1.07666,0.257709240945745,2070.42444956567,p5,3.3160593875863458
11.66418,158.86816,64.97266,0.35813,10.56738,2.004,0.89209,0.261627346319266,2124.45283924767,p5,3.327247094624482
11.60419,157.88672,61.83984,0.36486,10.61572,1.99968,0.44385,0.270799119517134,2254.11401173332,p5,3.3529758786197688
11.58282,157.53809,60.72656,0.36726,10.63293,1.99814,0.28369,0.273954378015817,2299.75257720051,p5,3.3616811142190546
11.58282,157.53809,60.72656,0.36726,10.63293,1.99814,0.28369,0.273954378015817,2299.75257720051,p5,3.3616811142190546
11.553,157.05,59.169,0.3706,10.657,1.996,0.061,0.278273081255147,2363.07658278063,p5,3.3734777965117986
11.46411,156.50684,58.63379,0.37325,10.66376,1.99286,-0.04712,0.280491023334036,2395.98263580138,p5,3.3794836663036807
11.25867,155.25391,57.39746,0.37937,10.67938,1.9856,-0.29663,0.285594250818082,2472.68767278654,p5,3.3931692637322968
11.25854,155.25293,57.39648,0.37937,10.6794,1.9856,-0.29688,0.285595701105004,2472.70966816139,p5,3.3931731269082017
11.25696,155.24316,57.38672,0.37942,10.67952,1.98554,-0.29883,0.285636933644709,2473.33505710783,p5,3.393282953238135
11.25696,155.24316,57.38672,0.37942,10.67952,1.98554,-0.29883,0.285636933644709,2473.33505710783,p5,3.393282953238135
11.23987,155.13867,57.28418,0.37993,10.68082,1.98494,-0.31958,0.286059073316936,2479.74299699291,p5,3.394406672450589
11.185,154.804,56.954,0.38156,10.685,1.983,-0.386,0.287415012255915,2500.38971529425,p5,3.3980077038765257
11.03345,155.10522,57.8291,0.38273,10.62646,1.99223,-0.41043,0.284720473497792,2459.45606701656,p5,3.3908390692118
10.98767,155.19629,58.09375,0.38308,10.60876,1.995,-0.41782,0.28390296254661,2447.11321662891,p5,3.3886540626169133
10.91418,155.34229,58.51758,0.38364,10.58044,1.99947,-0.42964,0.28258301673308,2427.2594735655,p5,3.3851162048092
10.91418,155.34229,58.51758,0.38364,10.58044,1.99947,-0.42964,0.28258301673308,2427.2594735655,p5,3.3851162048092
10.856,155.45799,58.853,0.38409,10.558,2.003,-0.439,0.28153766879387,2411.60169961433,p5,3.382305581269308
10.81372,154.875,59.33008,0.3849,10.53857,2.00505,-0.42212,0.280313469242304,2393.33876630292,p5,3.3790041753886686
10.61572,152.14844,61.56641,0.38871,10.44751,2.0146,-0.34302,0.274457490943726,2307.07861354524,p5,3.3630623933278603
10.61548,152.14453,61.56836,0.38872,10.44739,2.01462,-0.3429,0.274451945570856,2306.99779174214,p5,3.3630471788146945
10.44727,149.82812,63.4668,0.39196,10.37024,2.02274,-0.27576,0.26929481828037,2232.54147133921,p5,3.3487995350214987
10.3501,148.49219,64.5625,0.39383,10.32556,2.02742,-0.23694,0.266236768042949,2189.05774715865,p5,3.3402572183708323
10.3501,148.49219,64.5625,0.39383,10.32556,2.02742,-0.23694,0.266236768042949,2189.05774715865,p5,3.3402572183708323
10.255,147.18201,65.637,0.39566,10.282,2.032,-0.199,0.263175671539411,2146.02806065935,p5,3.3316353963390846
10.19495,145.71094,67.29297,0.39526,10.25372,2.0424,-0.10938,0.257009380314548,2060.85957396816,p5,3.314048400159376
10.16821,145.05469,68.03516,0.39508,10.24115,2.04706,-0.06958,0.254207024885613,2022.82093037525,p5,3.305957438681808
9.99707,140.86719,72.76172,0.39393,10.16071,2.07671,0.18555,0.235716854759286,1782.2924425788,p5,3.2509789655695114
9.99707,140.86719,72.76172,0.39393,10.16071,2.07671,0.18555,0.235716854759286,1782.2924425788,p5,3.2509789655695114
9.98523,140.57422,73.08984,0.39385,10.15515,2.07877,0.20312,0.234387002454239,1765.69297289404,p5,3.2469151886129235
9.955,139.83501,73.925,0.39365,10.141,2.084,0.248,0.230978273215521,1723.57344796581,p5,3.236429795064303
9.97993,135.23047,76.43555,0.40184,10.05756,2.0952,0.3894,0.222779633127613,1624.79482970358,p5,3.210798528420644
9.99419,132.59766,77.87109,0.40652,10.00983,2.1016,0.47034,0.217822231001556,1566.79891691151,p5,3.1950132626591334
9.99422,132.58984,77.87305,0.40653,10.0097,2.10161,0.47046,0.217814796865798,1566.71292606149,p5,3.194989426558593
9.99802,131.89062,78.25586,0.40778,0.99701,2.10332,0.49207,0.21645811299019,1551.05857445604,p5,3.1906281988985175
9.99802,131.89062,78.25586,0.40778,0.99701,2.10332,0.49207,0.21645811299019,1551.05857445604,p5,3.1906281988985175
10.004,130.784,78.857,0.40975,0.977,2.106,0.526,0.214296014406584,1526.32980112662,p5,3.183648383772224
10.03796,130.08594,79.64258,0.41147,0.96991,2.10352,0.55237,0.212220943131809,1502.83007936979,p5,3.1769098789476327
10.17676,127.24609,82.84766,0.41848,0.94098,2.0934,0.6604,0.202761205030409,1398.59788328135,p5,3.1456928666184165
10.21362,126.49219,83.69922,0.42034,0.93332,2.09071,0.68909,0.199953439622799,1368.57505809036,p5,3.1362686208331474
10.26233,125.49609,84.82227,0.4228,0.92319,2.08717,0.72693,0.196042335247093,1327.45220344132,p5,3.123018892724965
10.26233,125.49609,84.82227,0.4228,0.92319,2.08717,0.72693,0.196042335247093,1327.45220344132,p5,3.123018892724965
10.292,124.89,85.508,0.4243,0.917,2.085,0.75,0.193532458532589,1301.49030103292,p5,3.1144409360076226
10.4978,125.21436,86.65723,0.42989,0.91565,2.08871,0.8114,0.189306299723552,1258.53133384229,p5,3.099864032713464
10.53589,125.2749,86.86914,0.43093,0.9154,2.0894,0.82281,0.188495751676916,1250.40049678914,p5,3.097049137558107
10.53613,125.27539,86.87109,0.43094,0.9154,2.0894,0.82288,0.188489066434943,1250.33358041303,p5,3.097025895252445
10.85059,125.771,88.62598,0.43949,0.91334,2.09507,0.91675,0.181344629865466,1180.17726807422,p5,3.0719472452419683
10.85059,125.771,88.62598,0.43949,0.91334,2.09507,0.91675,0.181344629865466,1180.17726807422,p5,3.0719472452419683
10.86963,125.80127,88.73242,0.44001,0.91321,2.09542,0.92242,0.180885754264928,1175.76387885847,p5,3.0703201139127576
10.902,125.852,88.912,0.44088,0.913,2.096,0.932,0.180104226201871,1168.27301121242,p5,3.0675443439819525
10.76807,126.18945,88.69092,0.4435,0.911,2.10081,0.9364,0.181356552144138,1180.29209399102,p5,3.071989498077685
10.52979,126.78955,88.2959,0.44817,0.90743,2.10936,0.94424,0.183572806496464,1201.76650031129,p5,3.079820093725542
10.2771,127.42529,87.87842,0.45312,0.90366,2.11842,0.95255,0.185884486167667,1224.44345034786,p5,3.0879387324831993
10.2771,127.42529,87.87842,0.45312,0.90366,2.11842,0.95255,0.185884486167667,1224.44345034786,p5,3.0879387324831993
10.233,127.536,87.805,0.45398,0.903,2.12,0.954,0.186286632046864,1228.41736939872,p5,3.089345948588914
10.16345,128.31055,87.3125,0.45119,0.8912,2.12482,1.15918,0.187697111136753,1242.42309582921,p5,3.094269516044674
9.90881,131.15234,85.5127,0.44099,0.84793,2.14249,1.91016,0.192235437276762,1288.20422754859,p5,3.1099847200628763
9.8988,131.26367,85.44238,0.44058,0.84622,2.14319,1.93945,0.192390391968809,1289.78665980372,p5,3.110517880739334
9.89856,131.26562,85.44141,0.44057,0.84619,2.1432,1.93994,0.192391562896298,1289.79862200314,p5,3.1105219086094236
9.83484,131.97656,84.99121,0.43803,0.83539,2.14761,2.12793,0.193380197515954,1299.92485896689,p5,3.1139182490151467
9.83484,131.97656,84.99121,0.43803,0.83539,2.14761,2.12793,0.193380197515954,1299.92485896689,p5,3.1139182490151467
9.815,132.19901,84.852,0.43723,0.832,2.149,2.186,0.193669022358421,1302.89297867333,p5,3.114908743663099
9.74939,132.68066,84.80066,0.43675,0.81042,2.16251,2.5752,0.19224780545163,1288.32963860257,p5,3.1100269980468545
9.71295,132.94824,84.77216,0.43648,0.7984,2.17,2.7915,0.191457486824254,1280.27757131866,p5,3.1073041373223824
9.64996,133.41064,84.7229,0.43602,0.77765,2.18298,3.16553,0.190085911464202,1266.38215901702,p5,3.1025647834911925
9.64996,133.41064,84.7229,0.43602,0.77765,2.18298,3.16553,0.190085911464202,1266.38215901702,p5,3.1025647834911925
9.64581,133.44092,84.71967,0.43599,0.77628,2.18384,3.19043,0.189994781320471,1265.46245951238,p5,3.1022492661529486
9.645,133.44701,84.719,0.43598,0.776,2.184,3.195,0.189977171990046,1265.28479399764,p5,3.1021882887853387
9.6338,132.30078,87.16602,0.43681,0.7828,2.1924,3.42505,0.178340221684239,1151.48189955202,p5,3.061257115564287
9.63379,132.2998,87.16992,0.43681,0.78281,2.19241,3.42529,0.178321229134658,1151.30204092977,p5,3.0611892745428593
9.62807,131.71289,88.42188,0.43724,0.78629,2.1967,3.54297,0.171990033608085,1092.41337731788,p5,3.0383870097208687
9.61729,130.61035,90.77539,0.43804,0.79282,2.20478,3.76416,0.159295391676434,980.749003774677,p5,2.9915578756541046
9.61729,130.61035,90.77539,0.43804,0.79282,2.20478,3.76416,0.159295391676434,980.749003774677,p5,2.9915578756541046
9.617,130.58099,90.838,0.43806,0.793,2.205,3.77,0.158941631671936,977.759829284532,p5,2.9902321905485625
9.623,129.9043,91.85547,0.43955,0.80161,2.2036,3.87354,0.153759003624184,934.730026185531,p5,2.97068619368709
9.62343,129.85645,91.92773,0.43966,0.80222,2.2035,3.88086,0.153381189574013,931.648928918432,p5,2.9692522890095643
9.64172,127.79297,95.02734,0.44419,0.82845,2.19923,4.19678,0.135659460139887,795.643578060085,p5,2.9007185617735756
9.647,127.198,95.921,0.4455,0.836,2.198,4.288,0.129959552104506,755.444293485242,p5,2.878202444950436
9.64825,127.1969,95.90674,0.44556,0.8362,2.19772,4.29053,0.130089516678636,756.341669220007,p5,2.878718027691894
9.64825,127.1969,95.90674,0.44556,0.8362,2.19772,4.29053,0.130089516678636,756.341669220007,p5,2.878718027691894
9.71198,127.14337,95.23389,0.44869,0.84554,2.18456,4.41333,0.136244246001794,799.865722221051,p5,2.9030170857505873
9.76691,127.09723,94.65381,0.45139,0.8536,2.1732,4.51917,0.141517835713985,838.758917063452,p5,2.923637150298797
9.76697,127.09717,94.65283,0.4514,0.85361,2.17319,4.51929,0.141526854849009,838.826699032884,p5,2.923672245181622
9.797,127.072,94.337,0.45287,0.858,2.167,4.577,0.144385785326767,860.530279766783,p5,2.9347661565976426
9.797,127.15234,94.38867,0.45295,0.85719,2.16697,4.58008,0.144086447542026,858.237519718125,p5,2.9336074967386736
9.797,127.15234,94.38867,0.45295,0.85719,2.16697,4.58008,0.144086447542026,858.237519718125,p5,2.9336074967386736
9.797,127.20117,94.41992,0.453,0.8567,2.16696,4.58191,0.143904514945293,856.846342576861,p5,2.9329029472975754
9.797,128.86328,95.49414,0.45473,0.84,2.1664,4.64539,0.137437235495679,808.535033519233,p5,2.9076988424668513
9.797,129.02051,95.5957,0.45489,0.83841,2.16635,4.65143,0.136800951842687,803.901933701324,p5,2.9052030733131518
9.797,130.05499,96.265,0.45597,0.828,2.166,4.691,0.132504741894165,773.181739881096,p5,2.8882815888090216
9.80255,130.03198,96.39941,0.45601,0.82715,2.16555,4.6951,0.131578282447377,766.685538739765,p5,2.884617271649671
9.80255,130.03198,96.39941,0.45601,0.82715,2.16555,4.6951,0.131578282447377,766.685538739765,p5,2.884617271649671
9.82928,129.92017,97.05371,0.45619,0.82302,2.16338,4.71487,0.126957430503851,734.965394529981,p5,2.866266891031837
9.84619,129.84937,97.46777,0.45631,0.8204,2.162,4.72739,0.123940116236046,714.86477234054,p5,2.8542238960938566
9.84625,129.84912,97.46973,0.45631,0.8204,2.162,4.72745,0.123925077072844,714.765795945994,p5,2.854163761814397
9.9043,129.60669,98.88867,0.4567,0.81143,2.15728,4.77036,0.112985135093409,645.949496608608,p5,2.8101985641226337
9.92,129.541,99.274,0.45681,0.809,2.156,4.782,0.109845759974364,627.375254479692,p5,2.7975273848512665
9.94617,129.56091,99.43555,0.45703,0.80735,2.15498,4.80591,0.108569779748341,619.975456150944,p5,2.7923744968059983
9.94617,129.56091,99.43555,0.45703,0.80735,2.15498,4.80591,0.108569779748341,619.975456150944,p5,2.7923744968059983
10.00269,129.604,99.7832,0.45751,0.80379,2.15279,4.85742,0.105772371094782,604.05498547696,p5,2.781076473062084
10.1189,129.69263,100.49609,0.45848,0.79649,2.14829,4.9635,0.0998043319970303,571.478970235772,p5,2.757000253491402
10.333,129.856,101.812,0.46028,0.783,2.14,5.159,0.0879154753907328,512.221571243141,p5,2.7094578640086264
10.36963,130.12305,101.94873,0.46002,0.77924,2.13984,5.21851,0.0865573045278886,505.929767928378,p5,2.7040902332071326
10.36963,130.12305,101.94873,0.46002,0.77924,2.13984,5.21851,0.0865573045278886,505.929767928378,p5,2.7040902332071326
10.37378,130.15234,101.96387,0.46,0.77881,2.13982,5.2251,0.0864071830488432,505.240333756194,p5,2.703498013357053
10.64673,132.12793,102.98047,0.45809,0.75078,2.1386,5.66626,0.0759158542177422,460.023144215907,p5,2.6627796820128875
10.69116,132.44922,103.146,0.45778,0.74622,2.1384,5.73804,0.0741405465576161,452.94986329193,p5,2.6560501329163837
10.69141,132.45117,103.14648,0.45778,0.74619,2.1384,5.73853,0.0741355286271612,452.930107740343,p5,2.656031190612068
10.781,133.09801,103.48,0.45716,0.737,2.138,5.883,0.070498709285884,438.963673884155,p5,2.6424285820088236
10.78333,133.44043,103.00391,0.45628,0.73398,2.13891,5.90192,0.0756226742229785,458.843461390422,p5,2.6616645473026637
10.78333,133.44043,103.00391,0.45628,0.73398,2.13891,5.90192,0.0756226742229785,458.843461390422,p5,2.6616645473026637
10.78814,134.15137,102.01562,0.45446,0.72769,2.14079,5.9411,0.0857389953504161,502.186035906189,p5,2.7008646322853003
10.7948,135.13477,100.65234,0.45195,0.71901,2.1434,5.99524,0.0986346569326315,565.315782488789,p5,2.752291110264846
10.80215,136.2207,99.14453,0.44917,0.70941,2.14628,6.05505,0.111622910329068,637.825087126557,p5,2.804701597042972
10.804,136.493,98.768,0.44847,0.707,2.147,6.07,0.114675703957662,656.168094729158,p5,2.8170151095917295
10.70093,136.47491,98.67896,0.44812,0.71426,2.14486,6.0426,0.115512965888593,661.285402690073,p5,2.8203889361303824
10.70093,136.47491,98.67896,0.44812,0.71426,2.14486,6.0426,0.115512965888593,661.285402690073,p5,2.8203889361303824
10.45801,136.43225,98.46851,0.44729,0.73138,2.13981,5.97827,0.117481588460999,673.464203181389,p5,2.8283145165045056
10.45752,136.43213,98.46826,0.44729,0.73141,2.13979,5.97827,0.117485063149696,673.485881217027,p5,2.8283284957177903
10.3457,136.41248,98.37134,0.44691,0.73932,2.13747,5.94861,0.118387220866854,679.135975651626,p5,2.8319567368180243
9.939,136.341,98.019,0.44552,0.768,2.129,5.841,0.12164550897532,699.902140834928,p5,2.845037321919436
9.91187,135.73633,97.84717,0.44598,0.7804,2.12749,5.79541,0.12309462244585,709.318943804695,p5,2.8508415587206337
9.91187,135.73633,97.84717,0.44598,0.7804,2.12749,5.79541,0.12309462244585,709.318943804695,p5,2.8508415587206337
9.91162,135.73047,97.84521,0.44599,0.78055,2.12747,5.79492,0.123112180041731,709.433722501357,p5,2.8509118285511583
9.8996,135.46289,97.76904,0.44619,0.78604,2.1268,5.77466,0.123750520315215,713.617837820669,p5,2.853465697268099
9.79144,133.05078,97.0835,0.44803,0.83542,2.12076,5.59302,0.129406677255978,751.637454847102,p5,2.8760084132966677
9.742,131.94901,96.77,0.44887,0.858,2.118,5.51,0.131937735008415,769.200967659922,p5,2.886039821912126
9.69446,131.72803,96.47656,0.4475,0.87573,2.12157,5.30957,0.133575661495113,780.748145349942,p5,2.8925109612464657
9.69446,131.72803,96.47656,0.4475,0.87573,2.12157,5.30957,0.133575661495113,780.748145349942,p5,2.8925109612464657
9.63269,131.44043,96.0957,0.44572,0.8988,2.12624,5.0498,0.135621740645074,795.372891995806,p5,2.9005707852201694
9.49805,130.81445,95.26562,0.44184,0.94916,2.13639,4.4834,0.139795964635976,825.898389148429,p5,2.9169266190556846
9.49792,130.81348,95.26465,0.44184,0.94922,2.1364,4.48291,0.139801510583753,825.939561398763,p5,2.9169482687352133
9.44678,130.57617,94.9502,0.44036,0.96826,2.14025,4.26807,0.141281380859414,836.984244418466,p5,2.92271728281223
9.437,130.53,94.89,0.44008,0.972,2.141,4.227,0.141557954291308,839.061287867121,p5,2.923793684321403
9.41095,130.33643,94.61084,0.44172,0.97305,2.14572,4.18079,0.143226715286933,851.679668072062,p5,2.9302762795696857
9.41095,130.33643,94.61084,0.44172,0.97305,2.14572,4.18079,0.143226715286933,851.679668072062,p5,2.9302762795696857
9.35089,129.89014,93.9668,0.4455,0.97547,2.1566,4.07397,0.146963598541754,880.472559591924,p5,2.944715825489542
9.3476,129.86523,93.93066,0.44571,0.9756,2.1572,4.06812,0.14716933828356,882.079333147391,p5,2.945507646808378
9.288,129.422,93.291,0.44947,0.978,2.168,3.962,0.150723621545238,910.192196464458,p5,2.959133107761285
9.29642,129.24365,93.30804,0.45091,0.96436,2.16781,4.0293,0.150868092977367,911.349030183042,p5,2.9596847357570244
9.29672,129.2373,93.30865,0.45097,0.96387,2.16781,4.03186,0.150874194521123,911.397912215736,p5,2.959708029387725
9.29672,129.2373,93.30865,0.45097,0.96387,2.16781,4.03186,0.150874194521123,911.397912215736,p5,2.959708029387725
9.306,129.04102,93.32742,0.45256,0.94882,2.1676,4.10596,0.151033634283023,912.675938341413,p5,2.960316601003138
9.30602,129.04053,93.32745,0.45256,0.94876,2.1676,4.1062,0.151033344394422,912.673612933388,p5,2.9603154944623413
9.32385,128.6626,93.36353,0.45562,0.91983,2.1672,4.2489,0.151338550548383,915.123815449819,p5,2.96147985770447
9.333,128.46899,93.382,0.45718,0.905,2.167,4.322,0.15149235325461,916.360416177564,p5,2.96206632079786
9.38684,128.87988,94.12695,0.45459,0.896,2.16219,4.40686,0.146860986578221,879.671615005616,p5,2.944320578505604
9.39001,128.90332,94.16992,0.45443,0.89546,2.16191,4.41187,0.146586721287551,877.534661686312,p5,2.943264279647034
9.39001,128.90332,94.16992,0.45443,0.89546,2.16191,4.41187,0.146586721287551,877.534661686312,p5,2.943264279647034
9.44226,129.30176,94.89258,0.45191,0.88672,2.15725,4.49426,0.141910024667224,841.710709748399,p5,2.925162853081853
9.602,130.519,97.098,0.44421,0.86,2.143,4.746,0.126487935056711,731.80616230825,p5,2.8643960622224673
9.61377,130.61719,97.17773,0.4438,0.85953,2.14308,4.7627,0.125837777212066,727.450306117252,p5,2.861803330969015
9.76953,131.91797,98.24414,0.43849,0.85332,2.14415,4.97998,0.116961978201921,670.230176852361,p5,2.8262239778791676
9.76953,131.91797,98.24414,0.43849,0.85332,2.14415,4.97998,0.116961978201921,670.230176852361,p5,2.8262239778791676
10.05688,134.3125,100.20898,0.4287,0.84186,2.14613,5.38037,0.0995203642433329,569.976090788493,p5,2.7558566383805507
10.18359,135.36914,101.07617,0.42438,0.83681,2.147,5.55713,0.0913228955323158,528.437731791412,p5,2.7229938197747425
10.18384,135.37109,101.07812,0.42436,0.83679,2.147,5.55762,0.0913029704569279,528.341114398074,p5,2.7229144078882332
10.329,136.58099,102.071,0.41942,0.831,2.148,5.76,0.0814969332643429,483.349700053403,p5,2.6842614534240092
10.40198,137.61719,101.47363,0.41492,0.82251,2.15318,5.80969,0.0865332392185557,505.81904582707,p5,2.703995177997458
10.40601,137.67578,101.44043,0.41467,0.82204,2.15347,5.81244,0.0868047103924282,507.068465300041,p5,2.7050666025178396
10.40601,137.67578,101.44043,0.41467,0.82204,2.15347,5.81244,0.0868047103924282,507.068465300041,p5,2.7050666025178396
10.51501,139.22266,100.54785,0.40795,0.80939,2.16121,5.88666,0.0937842637390061,540.534904851323,p5,2.732823743608233
10.59082,140.30078,99.92773,0.40327,0.80058,2.16659,5.93823,0.0982865847389711,563.495763611613,p5,2.7508906553474923
10.639,140.98399,99.533,0.40031,0.795,2.17,5.971,0.101015850102378,577.938460039813,p5,2.7618815963997383
10.57129,139.32422,98.82715,0.40051,0.79473,2.16572,5.90369,0.106671597627752,609.126775809424,p5,2.784707690505681
10.57129,139.32422,98.82715,0.40051,0.79473,2.16572,5.90369,0.106671597627752,609.126775809424,p5,2.784707690505681
10.53784,138.50391,98.47852,0.40061,0.7946,2.1636,5.87048,0.109387486733656,624.707090730006,p5,2.795676435428073
10.53772,138.5,98.47656,0.40061,0.7946,2.1636,5.87036,0.109401785634013,624.790156105109,p5,2.7957341783869936
10.52393,138.16406,98.33398,0.40065,0.79455,2.16273,5.85681,0.110498020723882,631.19074919325,p5,2.8001606251763866
10.386,134.78,96.894,0.40106,0.794,2.154,5.72,0.121123519662654,696.536891980496,p5,2.842944123716547
10.35376,134.29297,96.88568,0.40178,0.79977,2.15362,5.69141,0.121236868557339,697.266340952666,p5,2.8433987010699084
10.28491,133.25,96.8681,0.40333,0.81204,2.1528,5.6311,0.121479812076549,698.832083527145,p5,2.8443728353191142
10.2417,132.59375,96.85706,0.4043,0.81976,2.15228,5.59277,0.121632083933158,699.815054905308,p5,2.8449832810905464
10.2417,132.59375,96.85706,0.4043,0.81976,2.15228,5.59277,0.121632083933158,699.815054905308,p5,2.8449832810905464
10.04639,129.625,96.80701,0.40871,0.85468,2.14996,5.42065,0.122323159023398,704.291666410839,p5,2.8477525495975002
9.882,127.125,96.765,0.41241,0.884,2.148,5.276,0.122903295736968,708.069217834958,p5,2.85007571454628
9.75342,126.24121,96.55054,0.41964,0.93695,2.14828,4.86133,0.125369102991734,724.324289983215,p5,2.8599330493713566
9.7439,126.17383,96.53418,0.42018,0.94098,2.1483,4.82959,0.125555737285726,725.567762424726,p5,2.860677978417976
9.7439,126.17383,96.53418,0.42018,0.94098,2.1483,4.82959,0.125555737285726,725.567762424726,p5,2.860677978417976
9.51904,124.62793,96.15942,0.43283,10.03351,2.1488,4.10498,0.129882009849517,754.914190268403,p5,2.877897588965791
9.5188,124.62598,96.15918,0.43285,10.03363,2.1488,4.104,0.129886577993508,754.945698467139,p5,2.877915714934896
9.47681,124.33789,96.08911,0.4352,10.0509,2.14889,3.96875,0.130695566206581,760.543066894572,p5,2.8811238116633002
9.428,124.002,96.008,0.43795,10.071,2.149,3.812,0.131636769960358,767.098970013676,p5,2.884851399617752
9.35889,124.02881,94.93066,0.44812,10.07713,2.15061,3.72327,0.140524609423068,831.326261119377,p5,2.9197714998319704
9.35889,124.02881,94.93066,0.44812,10.07713,2.15061,3.72327,0.140524609423068,831.326261119377,p5,2.9197714998319704
9.32043,124.0437,94.33105,0.45378,10.08055,2.15151,3.67383,0.145373681829972,868.136373709155,p5,2.9385879529382986
9.29956,124.05182,94.00488,0.45686,10.08241,2.152,3.64697,0.147983848632146,888.467546225109,p5,2.948641568604157
9.214,124.085,92.671,0.46947,10.09,2.154,3.537,0.158468774990418,973.782598496016,p5,2.988462009432835
9.214,124.10828,92.92188,0.47217,10.08597,2.15623,3.5791,0.157235798314119,963.447074334061,p5,2.9838278622649637
9.214,124.15601,93.43848,0.47771,10.07771,2.16083,3.66565,0.154614688808701,941.743644520292,p5,2.973932697992289
9.214,124.15601,93.43848,0.47771,10.07771,2.16083,3.66565,0.154614688808701,941.743644520292,p5,2.973932697992289
9.214,124.16821,93.57031,0.47913,10.07559,2.16199,3.68774,0.153931181973875,936.144013858541,p5,2.971342664563963
9.214,124.16827,93.57129,0.47914,10.07558,2.162,3.68787,0.153925835274928,936.100308811769,p5,2.9713223885130033
9.214,124.23511,94.29395,0.4869,10.06401,2.16843,3.80908,0.150039690065853,904.735680522791,p5,2.956521718147577
9.214,124.293,94.92,0.49362,10.054,2.174,3.914,0.146491366726953,876.798011160912,p5,2.94289955603215
9.22641,124.50146,95.7207,0.49404,10.04037,2.171,4.04688,0.141216724855402,836.503870070686,p5,2.92246795455897
9.2345,124.63721,96.24414,0.49431,10.03146,2.16904,4.13354,0.137624022002995,809.904314077185,p5,2.908433712307068
9.2363,124.66748,96.35938,0.49437,10.02951,2.1686,4.15259,0.136818106141522,804.031620597859,p5,2.905273128824478
9.2363,124.66748,96.35938,0.49437,10.02951,2.1686,4.15259,0.136818106141522,804.031620597859,p5,2.905273128824478
9.27231,125.27148,98.68359,0.49558,0.98999,2.15989,4.53784,0.119230322602153,684.456569932732,p5,2.8353458965358267
9.276,125.333,98.919,0.4957,0.986,2.159,4.577,0.117298522518487,672.324354220876,p5,2.8275788433864606
9.33588,128.42578,99.50293,0.48433,0.95831,2.15711,4.83569,0.111267384485116,635.722273476255,p5,2.803267427850734
9.33588,128.42578,99.50293,0.48433,0.95831,2.15711,4.83569,0.111267384485116,635.722273476255,p5,2.803267427850734
9.36298,129.82031,99.76709,0.47919,0.9458,2.15625,4.95264,0.108510324574864,619.633432051626,p5,2.7921348418887177
9.4024,131.85547,100.15137,0.47171,0.92758,2.155,5.12305,0.104466927367561,596.768261300204,p5,2.7758057174325708
9.40247,131.86328,100.15234,0.47169,0.92755,2.155,5.12354,0.10445671554149,596.711613194916,p5,2.7757644901608236
9.434,133.49001,100.46,0.46571,0.913,2.154,5.26,0.101190900541897,578.879206424127,p5,2.762587949813048
9.46515,134.00195,100.35107,0.46369,0.90292,2.15544,5.36108,0.101929808965395,582.864250742203,p5,2.7655674192214716
9.51105,134.75781,100.18994,0.46069,0.888,2.15757,5.51025,0.103000018630116,588.68745449346,p5,2.76988478066979
9.51105,134.75781,100.18994,0.46069,0.888,2.15757,5.51025,0.103000018630116,588.68745449346,p5,2.76988478066979
9.55048,135.40527,100.05176,0.45813,0.87521,2.1594,5.63818,0.103899214136236,593.62715394365,p5,2.7735137584067004
9.58331,135.94629,99.93652,0.45599,0.86453,2.16092,5.74487,0.10463522001383,597.70232814244,p5,2.776484947480738
9.628,136.681,99.78,0.45307,0.85,2.163,5.89,0.105612198118587,603.156164890226,p5,2.780429771127545
9.67847,136.7121,99.81717,0.45693,0.82269,2.16452,5.98865,0.10568708425105,603.576222776038,p5,2.7807321228852686
9.68121,136.71381,99.81918,0.45713,0.8212,2.1646,5.99402,0.105690071452633,603.5929836126,p5,2.7807441827337023
9.68127,136.71384,99.81921,0.45714,0.82117,2.1646,5.99414,0.105691094256805,603.598724093541,p5,2.7807483130788335
9.68329,136.71509,99.82071,0.45729,0.82007,2.16466,5.99805,0.105693389734377,603.611604336583,p5,2.7807575804257856
9.68329,136.71509,99.82071,0.45729,0.82007,2.16466,5.99805,0.105693389734377,603.611604336583,p5,2.7807575804257856
9.75952,136.76208,99.87689,0.46312,0.77881,2.16695,6.14709,0.10580004477617,604.210393509417,p5,2.7811881916505423
9.761,136.763,99.878,0.46323,0.778,2.167,6.15,0.105801105942506,604.216352707216,p5,2.781192474982947
9.77921,136.23047,99.48438,0.46718,0.79544,2.165,6.10449,0.109831086253332,627.289721975799,p5,2.7974681717621652
9.80045,135.6084,99.02441,0.47179,0.81573,2.16266,6.05151,0.114487940728292,655.026335130219,p5,2.8162587610174574
9.80045,135.6084,99.02441,0.47179,0.81573,2.16266,6.05151,0.114487940728292,655.026335130219,p5,2.8162587610174574
9.81546,135.16895,98.69922,0.47505,0.83011,2.16101,6.01404,0.117747457376077,675.125426037443,p5,2.829384464350575
9.852,134.101,97.909,0.48299,0.865,2.157,5.923,0.125562952200278,725.616213765708,p5,2.860706978393696
9.92737,133.26758,96.97461,0.48466,0.89014,2.15617,5.81982,0.133177438913358,777.927939348755,p5,2.890939369492735
10.01587,132.28711,95.87695,0.48662,0.91974,2.15519,5.69824,0.141688267170672,840.041548127782,p5,2.9243007666290177
10.01587,132.28711,95.87695,0.48662,0.91974,2.15519,5.69824,0.141688267170672,840.041548127782,p5,2.9243007666290177
10.1416,130.89648,94.31641,0.48941,0.96173,2.1538,5.52563,0.153053783515101,928.98743707493,p5,2.9680098409625053
10.14172,130.89453,94.31445,0.48941,0.96179,2.1538,5.52539,0.153066722725993,929.092607822169,p5,2.9680590046950988
10.14795,130.82617,94.23828,0.48955,0.96387,2.15373,5.51685,0.153601606929093,933.447961863421,p5,2.970090111781074
10.214,130.095,93.418,0.49101,0.986,2.153,5.426,0.159237843176335,980.265170787097,p5,2.991343572255732
10.2187,129.93176,92.91309,0.48878,0.99284,2.14104,5.45633,0.163190252639247,1014.10199237185,p5,3.0060816359605966
10.21919,129.91479,92.86084,0.48855,0.99355,2.1398,5.45947,0.163596706295159,1017.62870886338,p5,3.007589350589199
10.21919,129.91479,92.86084,0.48855,0.99355,2.1398,5.45947,0.163596706295159,1017.62870886338,p5,3.007589350589199
10.2206,129.86572,92.70898,0.48788,0.9956,2.1362,5.4686,0.164774366251459,1027.89656103528,p5,3.0119494130718514
10.225,129.713,92.237,0.4858,10.002,2.125,5.497,0.168407587847586,1060.0437286835,p5,3.0253237810517803
10.2246,129.86914,92.24756,0.48623,0.99774,2.12478,5.51758,0.168482494551874,1060.70824150574,p5,3.0255959432521267
10.2206,131.42188,92.35254,0.49044,0.95563,2.1226,5.72217,0.169206243531989,1067.19737915357,p5,3.0282447500239917
10.2206,131.42383,92.35266,0.49045,0.95557,2.1226,5.72241,0.169207861225067,1067.21191470717,p5,3.0282506652069308
10.21961,131.80469,92.37842,0.49149,0.94519,2.12206,5.77271,0.169385111389736,1068.80539294217,p5,3.0288986364854344
10.21961,131.80469,92.37842,0.49149,0.94519,2.12206,5.77271,0.169385111389736,1068.80539294217,p5,3.0288986364854344
10.21789,132.47461,92.42383,0.49331,0.927,2.12112,5.86108,0.169691408963959,1071.56293507734,p5,3.0300176831278693
10.214,133.98599,92.526,0.49741,0.886,2.119,6.06,0.17037325007076,1077.71929920346,p5,3.03250566003306
10.2122,134.69727,92.80322,0.49723,0.87497,2.118,6.22241,0.168791494553828,1063.47485522561,p5,3.026727225911654
10.2117,134.89453,92.88037,0.49718,0.87192,2.11772,6.26733,0.168346229667235,1059.48900295767,p5,3.025096453279388
10.20943,135.78906,93.22949,0.49695,0.85806,2.11646,6.47168,0.166302135016109,1041.32610733436,p5,3.0175867568277557
10.20943,135.78906,93.22949,0.49695,0.85806,2.11646,6.47168,0.166302135016109,1041.32610733436,p5,3.0175867568277557
10.20621,137.06055,93.72559,0.49663,0.83838,2.11467,6.76196,0.163317530463411,1015.20478120946,p5,3.0065536544451943
10.205,137.53799,93.912,0.49651,0.831,2.114,6.871,0.162170512468665,1005.29188586284,p5,3.0022921771941307
10.2031,138.29102,95.39355,0.49986,0.81483,2.11685,6.92609,0.151960202206962,920.130454769396,p5,2.9638494053564344
10.20289,138.37207,95.55371,0.50023,0.8131,2.11716,6.93201,0.150804901838318,910.843052107262,p5,2.9594435498863816
10.20289,138.37207,95.55371,0.50023,0.8131,2.11716,6.93201,0.150804901838318,910.843052107262,p5,2.9594435498863816
10.2018,138.80518,96.40625,0.50216,0.8038,2.1188,6.96375,0.144465568300052,861.142966393131,p5,2.935075258725802
10.2018,138.80615,96.4082,0.50216,0.80379,2.1188,6.96381,0.144450296311438,861.025811535831,p5,2.9350161707795053
10.201,139.12199,97.03,0.50357,0.797,2.12,6.987,0.139622243622261,824.609603189525,p5,2.9162483881756653
10.20015,139.11588,97.04553,0.50266,0.79649,2.12154,6.98861,0.139229812008473,821.704014057882,p5,2.9147154085252
10.19555,139.08276,97.1297,0.4977,0.79373,2.12981,6.99735,0.137111226221371,806.159119173499,p5,2.906420771034195
10.19555,139.08276,97.1297,0.4977,0.79373,2.12981,6.99735,0.137111226221371,806.159119173499,p5,2.906420771034195
10.195,139.07877,97.13977,0.4971,0.7934,2.13081,6.9984,0.136856648366735,804.307223120839,p5,2.905421968923152
10.19406,139.07199,97.15704,0.49609,0.79283,2.1325,7.00019,0.136425347813753,801.177633673644,p5,2.903728816672835
10.191,139.05,97.213,0.49279,0.791,2.138,7.006,0.135024939945029,791.084148023224,p5,2.898222682079755
10.18126,138.68164,96.66699,0.48862,0.7913,2.14043,7.00965,0.138452973456871,815.976104096912,p5,2.9116774406033614
10.17821,138.56543,96.49512,0.4873,0.7914,2.1412,7.0108,0.139492795035731,823.649904191889,p5,2.915742652247318
10.17819,138.56494,96.49414,0.4873,0.7914,2.1412,7.01081,0.139500274209689,823.705308022866,p5,2.915771864621068
10.17296,138.36719,96.20117,0.48505,0.79156,2.14251,7.01277,0.141232437947927,836.616712149688,p5,2.922526535742935
10.17296,138.36719,96.20117,0.48505,0.79156,2.14251,7.01277,0.141232437947927,836.616712149688,p5,2.922526535742935
10.16176,137.94336,95.57422,0.48026,0.79191,2.14531,7.01696,0.144777069986316,863.534724612355,p5,2.93627980618178
10.159,137.839,95.419,0.47907,0.792,2.146,7.018,0.145620290769179,870.036398557276,p5,2.9395374220001207
10.159,137.24414,95.87207,0.47804,0.7928,2.1462,7.0178,0.142013212898686,842.48853261316,p5,2.9255639982594355
10.159,136.28418,96.60449,0.47639,0.79409,2.14652,7.01748,0.136049248343114,798.456335900924,p5,2.902251171450356
10.159,136.10938,96.73828,0.47608,0.79433,2.14658,7.01742,0.134939645237213,790.47249137513,p5,2.8978867609831425
10.159,136.10938,96.73828,0.47608,0.79433,2.14658,7.01742,0.134939645237213,790.47249137513,p5,2.8978867609831425
10.159,134.87,97.684,0.47394,0.796,2.147,7.017,0.126930524624193,734.784218863051,p5,2.8661598202871548
10.14227,134.57812,98.06738,0.47256,0.80026,2.1498,7.00424,0.123358489102894,711.045879702176,p5,2.8518976241596397
10.08331,133.55176,99.41797,0.46771,0.81523,2.15961,6.95932,0.110433646175356,630.813824502315,p5,2.7999012024743686
10.08331,133.55176,99.41797,0.46771,0.81523,2.15961,6.95932,0.110433646175356,630.813824502315,p5,2.7999012024743686
10.06549,133.24121,99.82715,0.46624,0.81976,2.16259,6.94574,0.10640399765465,607.61347314081,p5,2.7836273952859334
10.05823,133.11426,99.99414,0.46565,0.82159,2.1638,6.94022,0.104745105001237,598.313103125911,p5,2.776928514045399
10.05817,133.11328,99.99512,0.46564,0.82161,2.16381,6.94016,0.104734294513126,598.252974745321,p5,2.7768848667710846
10.033,132.675,100.573,0.46357,0.828,2.168,6.921,0.0989157654624096,566.790676916832,p5,2.7534226979676695
9.92944,133.6875,100.81787,0.45595,0.84032,2.17293,6.86578,0.0955977403377657,549.65416465213,p5,2.740089522906044
9.85645,134.40039,100.99072,0.45058,0.849,2.1764,6.82684,0.093267159593188,537.967020560125,p5,2.7307556525664527
9.85095,134.45508,101.00391,0.45016,0.84967,2.17667,6.82385,0.0930882203945707,537.081618696618,p5,2.730040289155927
9.85095,134.45508,101.00391,0.45016,0.84967,2.17667,6.82385,0.0930882203945707,537.081618696618,p5,2.730040289155927
9.75024,135.43945,101.24219,0.44276,0.86165,2.18146,6.77008,0.0898905501487822,521.546042852333,p5,2.717292654611118
9.739,135.55099,101.269,0.44192,0.863,2.182,6.764,0.0895310101021738,519.833210447048,p5,2.715864021708206
9.64624,137.11523,100.66016,0.43773,0.8526,2.18759,6.67126,0.0944585432607589,543.905308084982,p5,2.7355232972059937
9.64612,137.11719,100.65918,0.43773,0.85259,2.1876,6.67114,0.0944669220286543,543.947338380131,p5,2.735556856025424
9.60645,137.78516,100.39893,0.43594,0.84814,2.18999,6.63147,0.096491217494446,554.211017862353,p5,2.7436751554217786
9.59106,138.04492,100.29785,0.43525,0.84642,2.19093,6.61609,0.0972645596582621,558.189498653759,p5,2.7467816617484107
9.59106,138.04492,100.29785,0.43525,0.84642,2.19093,6.61609,0.0972645596582621,558.189498653759,p5,2.7467816617484107
9.507,139.464,99.746,0.43145,0.837,2.196,6.532,0.101363259726951,579.805579533987,p5,2.7632823903034955
9.50682,139.47881,100.06348,0.43481,0.83971,2.19762,6.48987,0.0990079746657832,567.275035330975,p5,2.7537936715312723
9.5068,139.48042,100.09766,0.43517,0.84,2.1978,6.48535,0.0987498532362395,565.919693298921,p5,2.752754807104154
9.50634,139.51787,100.89746,0.44366,0.84685,2.20191,6.37903,0.0924963242597126,534.16490496985,p5,2.727675351153312
9.50634,139.51787,100.89746,0.44366,0.84685,2.20191,6.37903,0.0924963242597126,534.16490496985,p5,2.727675351153312
9.50621,139.52882,101.13184,0.44615,0.84885,2.20311,6.34778,0.0905785827967562,524.842878125049,p5,2.7200293084034497
9.506,139.54601,101.498,0.45004,0.852,2.205,6.299,0.0875007304946181,510.289868578825,p5,2.707816945827843
9.5044,137.69727,100.97607,0.46089,0.87199,2.19501,6.27063,0.0939369700862104,541.296469794194,p5,2.7334351947358035
9.5033,136.42578,100.6167,0.46837,0.88574,2.18813,6.2511,0.0983783313882694,563.975505159233,p5,2.751260241917396
9.5033,136.42578,100.6167,0.46837,0.88574,2.18813,6.2511,0.0983783313882694,563.975505159233,p5,2.751260241917396
9.5028,135.84766,100.45361,0.47176,0.892,2.18501,6.24222,0.100395274208572,574.620539114539,p5,2.7593811452631125
9.5028,135.84375,100.45312,0.47177,0.89201,2.185,6.24219,0.100401047361569,574.651318724217,p5,2.7594044076697406
9.502,134.91901,100.192,0.47719,0.902,2.18,6.228,0.103632551935546,592.157898243063,p5,2.772437526304367
9.50098,134.90479,100.21289,0.47727,0.90198,2.17986,6.22412,0.103459089014139,591.204088253703,p5,2.7717374286003773
9.43723,134.06885,101.44922,0.48218,0.9008,2.171,5.98926,0.0927053101918481,535.193002421188,p5,2.7285104264530924
9.43515,134.04199,101.48828,0.48233,0.90076,2.17072,5.98157,0.0923467390306897,533.43118033738,p5,2.727078397654373
9.42715,133.93701,101.64355,0.48295,0.90061,2.1696,5.95203,0.0909130637804958,526.45511086348,p5,2.721361346204493
9.42715,133.93701,101.64355,0.48295,0.90061,2.1696,5.95203,0.0909130637804958,526.45511086348,p5,2.721361346204493
9.394,133.50301,102.285,0.4855,0.9,2.165,5.83,0.0847875359837638,497.878573454086,p5,2.6971234365166996
9.38896,134.03711,103.27734,0.4798,0.88832,2.16431,5.86548,0.0736347554581855,450.965605860876,p5,2.6541434204712426
9.3852,134.43652,104.01758,0.47555,0.87961,2.1638,5.89197,0.0649445935923203,418.989932105259,p5,2.622203587444428
9.38519,134.4375,104.01953,0.47554,0.87958,2.1638,5.89209,0.0649212921456685,418.909584808627,p5,2.622120297295751
9.37835,135.16309,105.36719,0.4678,0.86372,2.16286,5.94025,0.0481995461556202,368.684880356511,p5,2.566655327700024
9.37835,135.16309,105.36719,0.4678,0.86372,2.16286,5.94025,0.0481995461556202,368.684880356511,p5,2.566655327700024
9.37556,135.45898,105.91602,0.46464,0.85724,2.16248,5.95996,0.0410260785596909,351.690249777026,p5,2.5461603281499467
9.372,135.836,106.616,0.46062,0.849,2.162,5.985,0.0315442857064167,333.420077224831,p5,2.522991747757812
9.38684,136.2832,107.04297,0.45541,0.8324,2.1612,6.07495,0.0254965405878548,324.260567302566,p5,2.5108941381760457
9.40518,136.83594,107.57324,0.44897,0.8118,2.16021,6.18652,0.0178147100155494,315.426551541877,p5,2.4988982479744357
9.42609,137.46484,108.17578,0.44163,0.78839,2.15908,6.31323,0.0088409743211272,309.075355047209,p5,2.490064376807998
9.42609,137.46484,108.17578,0.44163,0.78839,2.15908,6.31323,0.0088409743211272,309.075355047209,p5,2.490064376807998
9.446,138.06599,108.752,0.43463,0.766,2.158,6.434,0.0,307.0,p5,2.4871383754771865
9.45035,138.08569,108.53516,0.43347,0.76369,2.15863,6.44623,0.0033428287323303,307.296701772426,p5,2.487557898981655
9.49603,138.29419,106.23438,0.42124,0.73932,2.16534,6.57538,0.0349867167740636,339.501085960153,p5,2.5308411677939806
9.50223,138.32239,105.92188,0.41959,0.73602,2.16624,6.5929,0.0387993624258851,346.970595223918,p5,2.5402926711219878
9.50223,138.32239,105.92188,0.41959,0.73602,2.16624,6.5929,0.0387993624258851,346.970595223918,p5,2.5402926711219878
9.50601,138.3396,105.73242,0.41858,0.73401,2.1668,6.60358,0.041058934640865,351.761718916403,p5,2.546248574837272
9.50604,138.33972,105.73047,0.41857,0.73399,2.1668,6.60364,0.0410821645246461,351.812382823615,p5,2.5463111213560174
9.521,138.408,104.977,0.41456,0.726,2.169,6.646,0.0497019956041527,372.590193903684,p5,2.57123142063655
9.51492,137.80078,104.65039,0.41509,0.73845,2.17537,6.59778,0.0531803123669714,382.09189745545,p5,2.582167828246646
9.5078,137.09082,104.26904,0.41572,0.75299,2.1828,6.54156,0.0571014316398847,393.573576428786,p5,2.5950259332644254
9.50412,136.72363,104.07178,0.41604,0.76053,2.18665,6.51239,0.0590711269042339,399.64924915539,p5,2.601679001372011
9.50412,136.72363,104.07178,0.41604,0.76053,2.18665,6.51239,0.0590711269042339,399.64924915539,p5,2.601679001372011
9.50151,136.46387,103.93164,0.41627,0.76587,2.18938,6.49176,0.0604475375601454,404.017178101446,p5,2.6063998309424483
9.499,136.214,103.797,0.41649,0.771,2.192,6.472,0.0617519022403295,408.249318601047,p5,2.6109254685390124
9.45621,135.02539,103.46655,0.41801,0.8222,2.1872,6.28149,0.0653919825443174,420.537894361435,p5,2.6238051358546586
9.45615,135.02441,103.46606,0.41802,0.82227,2.1872,6.28125,0.0653977687205653,420.557988088819,p5,2.6238258863900197
9.44592,134.74023,103.38696,0.41838,0.83447,2.18605,6.23584,0.0662614860176889,423.577371198135,p5,2.626932750712391
9.41492,133.87988,103.14795,0.41948,0.87158,2.18258,6.0979,0.0688550794611333,432.882144846204,p5,2.6363696727739137
9.41492,133.87988,103.14795,0.41948,0.87158,2.18258,6.0979,0.0688550794611333,432.882144846204,p5,2.6363696727739137
9.392,133.244,102.971,0.4203,0.899,2.18,5.996,0.0707602758938273,439.944805809632,p5,2.643398194586452
9.39147,133.42188,103.27344,0.41914,0.89678,2.18032,5.95654,0.0676071655763812,428.360615310207,p5,2.6318095337290406
9.391,133.58203,103.54492,0.4181,0.89479,2.1806,5.92114,0.0647343246506574,418.265758257621,p5,2.6214523120860953
9.38842,134.45166,105.02344,0.41244,0.88398,2.18215,5.72839,0.048323975836275,369.003681112165,p5,2.5670306986217337
9.38798,134.60156,105.27832,0.41146,0.88211,2.18241,5.69519,0.0453557300901891,361.620598942837,p5,2.558253161162859
9.38798,134.60156,105.27832,0.41146,0.88211,2.18241,5.69519,0.0453557300901891,361.620598942837,p5,2.558253161162859
9.387,134.93201,105.841,0.40931,0.878,2.183,5.622,0.0386466590231974,346.656647130839,p5,2.5398995321983313
9.38667,135.05933,106.50977,0.40379,0.88676,2.17943,5.68304,0.0303339678730933,331.431522413107,p5,2.5203938117448157
9.3862,135.24548,107.48926,0.39572,0.8996,2.1742,5.7724,0.0175784354332679,315.204507666642,p5,2.4985924196067018
9.3862,135.24573,107.49023,0.39571,0.8996,2.1742,5.77246,0.0175653339327211,315.192282309446,p5,2.4985755749613783
9.38618,135.25452,107.53711,0.39532,0.90022,2.17395,5.77667,0.0169362989200225,314.616038124229,p5,2.497780857801941
9.38618,135.25452,107.53711,0.39532,0.90022,2.17395,5.77667,0.0169362989200225,314.616038124229,p5,2.497780857801941
9.38606,135.29834,107.76758,0.39342,0.90324,2.17272,5.79773,0.013818688894438,312.070207910216,p5,2.494252310293743
9.386,135.32401,107.902,0.39232,0.905,2.172,5.81,0.0119805738080997,310.811073529544,p5,2.49249648338211
9.43005,135.36972,106.60449,0.39784,0.89956,2.17254,5.87366,0.0290712017225691,329.43975444257,p5,2.5177760055601492
9.4346,135.37442,106.4707,0.39841,0.899,2.1726,5.88025,0.0307577737722845,332.118976034758,p5,2.5212936902678944
9.45419,135.39474,105.89355,0.40086,0.89658,2.17284,5.90851,0.0378826151892597,345.10413065202,p5,2.537950157519951
9.45419,135.39474,105.89355,0.40086,0.89658,2.17284,5.90851,0.0378826151892597,345.10413065202,p5,2.537950157519951
9.467,135.408,105.516,0.40247,0.895,2.173,5.927,0.0424162113173068,354.770073818272,p5,2.5499469783419415
9.47961,135.50415,104.47266,0.40448,0.89053,2.17285,5.89062,0.0543084868276966,385.311866090896,p5,2.5858123837818696
9.49982,135.6582,102.80469,0.40771,0.88341,2.1726,5.83252,0.0718534790353693,444.084317999649,p5,2.6474654371537074
9.49985,135.65869,102.80078,0.40772,0.88339,2.1726,5.83252,0.0718928789139094,444.234695869732,p5,2.6476124750506376
9.5296,135.88574,100.3418,0.41247,0.87286,2.17224,5.74683,0.0949534634616019,546.394298191901,p5,2.737506158688274
9.53757,135.94653,99.68359,0.41375,0.87004,2.17214,5.72388,0.100639301853349,575.922669776544,p5,2.7603641737983335
9.53757,135.94653,99.68359,0.41375,0.87004,2.17214,5.72388,0.100639301853349,575.922669776544,p5,2.7603641737983335
9.549,136.034,98.738,0.41558,0.866,2.172,5.691,0.108486323530647,619.494349894335,p5,2.7920373497421025
9.55821,136.20044,98.38477,0.41384,0.866,2.1696,5.6394,0.111172944531955,635.163593608061,p5,2.8028855971831335
9.56613,136.34399,98.08008,0.41234,0.866,2.16753,5.59497,0.113446292004205,648.721881721281,p5,2.8120585471525676
9.5894,136.76489,97.18555,0.40794,0.866,2.16146,5.46436,0.119893773796601,688.66771792008,p5,2.8380097254163226
9.5894,136.76489,97.18555,0.40794,0.866,2.16146,5.46436,0.119893773796601,688.66771792008,p5,2.8380097254163226
9.59419,136.85132,97.00195,0.40703,0.866,2.16021,5.43762,0.121176068354642,696.875441905045,p5,2.843155160124648
9.595,136.866,96.97,0.40688,0.866,2.16,5.433,0.121398491803049,698.308018643893,p5,2.84404702905634
9.73108,136.50073,96.45459,0.40523,0.88315,2.16355,5.42117,0.124374172903535,717.726405695666,p5,2.8559589245477133
9.77893,136.37256,96.27344,0.40465,0.88919,2.1648,5.417,0.125388495787104,724.45302707538,p5,2.8600102314313354
9.77905,136.37207,96.27295,0.40465,0.88919,2.1648,5.41699,0.125391726322871,724.474538041843,p5,2.860023126615692
9.80115,136.31274,96.18945,0.40438,0.89198,2.16538,5.41507,0.125853072441071,727.552173643932,p5,2.8618641425558127
9.80115,136.31274,96.18945,0.40438,0.89198,2.16538,5.41507,0.125853072441071,727.552173643932,p5,2.8618641425558127
9.825,136.24899,96.099,0.40409,0.895,2.166,5.413,0.126350209490833,730.881222194762,p5,2.863846804130578
9.825,135.20703,96.36621,0.40678,0.89863,2.16903,5.31299,0.124535249944018,718.791007130405,p5,2.856602634967163
9.825,133.14648,96.89404,0.41208,0.9058,2.175,5.11475,0.120874528756358,694.937613891454,p5,2.841945818750122
9.825,132.05664,97.17334,0.41489,0.9096,2.17817,5.01001,0.118896561886624,682.345241884643,p5,2.8340041674831324
9.825,131.51758,97.31201,0.41628,0.91148,2.17973,4.95801,0.11790437269365,676.106893153813,p5,2.830015363747689
9.825,131.51758,97.31201,0.41628,0.91148,2.17973,4.95801,0.11790437269365,676.106893153813,p5,2.830015363747689
9.825,131.08,97.424,0.4174,0.913,2.181,4.916,0.117096193802241,671.06413447377,p5,2.8267640282420623
9.8326,129.68555,96.81348,0.41362,0.94617,2.1806,4.8876,0.120597248180113,693.159962030221,p5,2.840833469258962
9.8326,129.68359,96.8125,0.41362,0.94623,2.1806,4.88754,0.120603666307966,693.201065865782,p5,2.8408592218134774
9.83299,129.61133,96.78125,0.41343,0.94791,2.18058,4.88611,0.120777919651925,694.317876412104,p5,2.8415583470615196
9.84275,127.82031,95.99756,0.40857,0.99057,2.18007,4.84964,0.124975138468441,721.705533963061,p5,2.858360035435512
9.84275,127.82031,95.99756,0.40857,0.99057,2.18007,4.84964,0.124975138468441,721.705533963061,p5,2.858360035435512
9.844,127.592,95.898,0.40795,0.996,2.18,4.845,0.125486404360623,725.105560416268,p5,2.8604012354939425
9.84015,127.62061,95.79785,0.40827,0.9973,2.18012,4.84985,0.126186788539916,729.78578560152,p5,2.863195400142712
9.81854,127.78418,95.22949,0.41005,10.00461,2.1808,4.87701,0.13010231919978,756.434964296206,p5,2.878771594802776
9.7627,128.20801,93.75781,0.41467,10.02353,2.18256,4.94739,0.139842111268204,826.245485437736,p5,2.917109099537768
9.72296,128.50879,92.71289,0.41795,10.03696,2.18381,4.99744,0.146432178582857,876.337561216732,p5,2.9426714266419314
9.72296,128.50879,92.71289,0.41795,10.03696,2.18381,4.99744,0.146432178582857,876.337561216732,p5,2.9426714266419314
9.717,128.55499,92.554,0.41845,10.039,2.184,5.005,0.147412456246324,883.985839986811,p5,2.946445308378633
9.72075,128.84033,92.63013,0.4201,10.02103,2.182,5.06616,0.147561023469645,885.149441050772,p5,2.947016599448912
9.729,129.47021,92.79797,0.42373,0.98141,2.1776,5.20093,0.147869002250315,887.559904564233,p5,2.94819767479046
9.72901,129.4707,92.7981,0.42373,0.98138,2.17759,5.20105,0.147869337100068,887.562533830467,p5,2.9481989613223547
9.72989,129.53809,92.81604,0.42412,0.97711,2.17712,5.21558,0.147901198078225,887.812729803764,p5,2.9483213678169617
9.73157,129.66602,92.85022,0.42486,0.96906,2.17623,5.24292,0.147959924774092,888.274035520402,p5,2.9485469677545577
9.73157,129.66602,92.85022,0.42486,0.96906,2.17623,5.24292,0.147959924774092,888.274035520402,p5,2.9485469677545577
9.732,129.69901,92.859,0.42505,0.967,2.176,5.25,0.147974993950053,888.392435303895,p5,2.9486048518577928
9.8479,129.57996,94.04785,0.43273,0.9314,2.16428,5.29407,0.143362965577214,852.715957518349,p5,2.9308043903403047
9.88025,129.54663,94.38086,0.43488,0.92139,2.161,5.3064,0.141950209998456,842.013541040294,p5,2.9253190757654357
9.97644,129.44775,95.36719,0.44126,0.89182,2.15127,5.34299,0.137440363044935,808.558115319927,p5,2.9077112403904732
9.97644,129.44775,95.36719,0.44126,0.89182,2.15127,5.34299,0.137440363044935,808.558115319927,p5,2.9077112403904732
9.979,129.44501,95.394,0.44144,0.891,2.151,5.344,0.137312264689785,807.623617214611,p5,2.9072090104647823
9.95837,129.28027,95.08203,0.44249,0.90063,2.15092,5.33591,0.139566754432075,824.197826653899,p5,2.916031464989026
9.87378,128.60742,93.81055,0.44678,0.94019,2.1506,5.30283,0.148471203892012,892.298513931081,p5,2.9505101696955465
9.87366,128.60645,93.80859,0.44678,0.94025,2.1506,5.30276,0.148483348917919,892.394273678429,p5,2.950556774836992
9.7981,128.00488,92.66992,0.45062,0.97559,2.15031,5.27313,0.156093914726817,953.941624751563,p5,2.9795217994169323
9.716,127.352,91.436,0.45478,10.014,2.15,5.241,0.163985341606607,1021.01428759417,p5,3.0090318194423387
9.71362,127.3125,91.42529,0.45479,10.01421,2.15025,5.24219,0.164013394187422,1021.25859768205,p5,3.009135725756045
9.424,132.839,64.945,0.453,1.127,2.232,1.977,0.297697108793054,2660.12463250141,p4,3.424901984728669
9.42488,132.79199,64.95374,0.45279,1.12912,2.2325,1.97772,0.297401771849995,2655.45801410561,p4,3.4241394391061624
9.46158,130.86328,65.3136,0.4442,1.21579,2.25279,2.00739,0.28537833534477,2469.40838836516,p4,3.3925929190719786
9.46161,130.8623,65.31384,0.4442,1.21585,2.25281,2.00742,0.28537140534066,2469.30336777571,p4,3.392574448723943
9.46452,130.70898,65.34241,0.44352,1.22272,2.25442,2.00977,0.284422613562187,2454.94899056032,p4,3.3900424726918477
9.471,130.369,65.406,0.442,1.238,2.258,2.015,0.282315308048426,2423.23832548896,p4,3.384396129100281
9.49379,128.31934,65.46481,0.4432,1.28961,2.2616,2.13025,0.277484915832929,2351.44058842523,p4,3.371334010322141
9.49832,127.91309,65.4765,0.44344,1.29987,2.26231,2.15314,0.276529905000491,2337.39224756256,p4,3.3687315992803346
9.509,126.954,65.504,0.444,1.324,2.264,2.207,0.274274741870538,2304.41070535966,p4,3.3625598841156017
9.54498,127.33887,65.4944,0.4448,1.3036,2.2556,2.24179,0.276520441845549,2337.25331277399,p4,3.3687057840131622
9.54504,127.33936,65.49439,0.4448,1.30357,2.25559,2.24182,0.276522941392922,2337.29001698197,p4,3.368712604116802
9.56155,127.51562,65.48998,0.44517,1.29422,2.25174,2.25781,0.277553233485041,2352.44744727116,p4,3.3715199302437897
9.599,127.916,65.48,0.446,1.273,2.243,2.294,0.279890957951471,2387.04858878768,p4,3.3778612592361656
9.599,127.87036,65.69336,0.4472,1.2674,2.2448,2.29761,0.277980672846671,2358.75234819914,p4,3.3726823455246238
9.599,127.81335,65.95947,0.4487,1.26039,2.24705,2.3021,0.275568171619058,2323.2938977587,p4,3.366104151729363
9.599,127.688,66.546,0.452,1.245,2.252,2.312,0.270130793111205,2244.50973382285,p4,3.3511214931577586
9.59133,126.63477,67.06348,0.45328,1.24596,2.25711,2.28775,0.262937261427075,2142.69256666078,p4,3.330959862977996
9.5798,125.0498,67.84277,0.4552,1.2474,2.26479,2.25122,0.251998840864665,1993.13647386543,p4,3.2995370366921954
9.57979,125.04785,67.84375,0.4552,1.2474,2.2648,2.25119,0.251984505910872,1992.94464733595,p4,3.299495236638074
9.575,124.389,68.168,0.456,1.248,2.268,2.236,0.247393839241396,1932.07488838936,p4,3.2860239559220896
9.57381,124.00488,68.51074,0.4576,1.25019,2.26321,2.21707,0.244290944755477,1891.56611032457,p4,3.2768215245065955
9.5714,123.2334,69.2002,0.4608,1.2546,2.25359,2.17899,0.237805033437102,1808.54282625661,p4,3.2573287973037264
9.569,122.463,69.888,0.464,1.259,2.244,2.141,0.230996959449788,1723.7987904365,p4,3.2364865716378386
9.56984,122.55225,70.07617,0.46521,1.26141,2.24214,2.13522,0.229548777947883,1706.08993453376,p4,3.232001920760154
9.5726,122.84863,70.70312,0.4692,1.2694,2.236,2.11621,0.224443624787406,1644.55068254667,p4,3.216047262319232
9.57261,122.84912,70.7041,0.4692,1.26941,2.23599,2.11618,0.224434207574786,1644.43844303504,p4,3.216017620992545
9.5779,123.41602,71.90527,0.47685,1.28471,2.22423,2.07968,0.213443634229117,1516.65682830671,p4,3.1808873247335168
9.578,123.427,71.929,0.477,1.285,2.224,2.079,0.213208731783413,1513.99575472437,p4,3.1801246573949884
9.58,123.82324,71.92479,0.4756,1.30441,2.2268,2.05396,0.213304573894097,1515.08120444625,p4,3.1804359105266373
9.58676,125.15918,71.91061,0.47087,1.36993,2.23626,1.96954,0.213623647201761,1518.69834117919,p4,3.181471518581971
9.588,125.406,71.908,0.47,1.382,2.238,1.954,0.213684027709802,1519.38344314287,p4,3.18166738954828
9.59104,124.56689,71.271,0.46772,1.39419,2.2517,1.954,0.218370099250592,1573.14133861194,p4,3.196767743488963
9.5912,124.52441,71.23853,0.4676,1.39481,2.2524,1.954,0.218593302410052,1575.73098517655,p4,3.1974820750661124
9.5912,124.52393,71.23828,0.4676,1.39481,2.2524,1.954,0.218595559641211,1575.75718754218,p4,3.197489296760869
9.592,124.304,71.071,0.467,1.398,2.256,1.954,0.21972507874683,1588.90279233844,p4,3.201097328269444
9.60821,123.14355,70.92163,0.461,1.43161,2.2632,1.9198,0.217655983556319,1564.87371434533,p4,3.194479295635876
9.60963,123.04102,70.90857,0.46047,1.43456,2.26384,1.91681,0.217467415839555,1562.6951195123,p4,3.193874255799773
9.619,122.371,70.822,0.457,1.454,2.268,1.897,0.216235689443607,1548.51096426532,p4,3.189914284735149
9.6346,121.2959,70.88879,0.4498,1.47679,2.2688,1.8934,0.212284319284166,1503.55211592772,p4,3.177118486156231
9.63463,121.29395,70.88885,0.44979,1.47682,2.2688,1.89339,0.21227860806291,1503.48773346653,p4,3.1770998891644844
9.64066,120.87793,70.91473,0.44701,1.48564,2.26911,1.892,0.210755486903068,1486.37946000481,p4,3.1721296952581484
9.658,119.683,70.989,0.439,1.511,2.27,1.888,0.206392768508611,1438.05756270317,p4,3.1577762703751038
9.66841,120.08008,71.0874,0.4374,1.51381,2.2732,1.905,0.20526433294294,1425.72344943692,p4,3.1540352926748865
9.68217,120.60547,71.21777,0.43528,1.51751,2.27744,1.92749,0.203757820155641,1409.36224705943,p4,3.1490226337616725
9.71,121.667,71.481,0.431,1.525,2.286,1.973,0.200681092966403,1376.32244044375,p4,3.1387201909494995
9.71903,121.13232,71.49794,0.43552,1.52199,2.29203,2.02234,0.199818073086843,1367.14504038497,p4,3.1358145913033093
9.72919,120.53125,71.517,0.4406,1.5186,2.2988,2.07776,0.198849735882009,1356.89477673938,p4,3.132546170686061
9.72921,120.53076,71.51701,0.44061,1.5186,2.29881,2.07782,0.198849589566981,1356.8932316989,p4,3.132545676172449
9.734,120.247,71.526,0.443,1.517,2.302,2.104,0.198392170291387,1352.0685728759,p4,3.13099871828195
9.7383,120.56006,71.0459,0.44558,1.45691,2.2854,2.104,0.206637349513462,1440.73970859342,p4,3.158585526037845
9.743,120.90381,70.51855,0.4484,1.39099,2.26718,2.104,0.215667705243189,1541.99705774707,p4,3.1880835450473435
9.749,121.341,69.847,0.452,1.307,2.244,2.104,0.227133920260423,1676.80782819212,p4,3.2244832928159806
9.75566,121.63135,69.55322,0.45317,1.30035,2.24184,2.1369,0.231240663191029,1726.78985447792,p4,3.2372394883527735
9.7626,121.93359,69.24756,0.4544,1.29341,2.2396,2.1712,0.235483589142246,1779.36998252245,p4,3.2502662598667182
9.76262,121.93408,69.24658,0.4544,1.2934,2.23959,2.17126,0.235495847638307,1779.52327998038,p4,3.2503036738801203
9.783,122.823,68.347,0.458,1.273,2.233,2.272,0.247797439756044,1937.38175973566,p4,3.2872152065789604
9.783,122.94775,68.31128,0.46146,1.27117,2.23204,2.27527,0.249245992496258,1956.49900523911,p4,3.2914796314243935
9.783,123.08203,68.27258,0.46519,1.2692,2.231,2.27881,0.250812438672752,1977.2975475993,p4,3.296072027713827
9.783,124.10059,67.97949,0.49355,1.25423,2.22312,2.30559,0.262791673119243,2140.6607499657,p4,3.3305478461398472
9.783,124.116,67.975,0.494,1.254,2.223,2.306,0.26297932940692,2143.28047947051,p4,3.3310790085199575
9.80379,126.43359,67.53271,0.4996,1.21001,2.2214,2.32279,0.273188046776283,2288.61456872854,p4,3.3595726582189305
9.8038,126.43457,67.53247,0.4996,1.20998,2.2214,2.32281,0.274052401090424,2301.17390242818,p4,3.361949440055486
9.80555,126.62988,67.49512,0.50007,1.20627,2.22126,2.32422,0.275747752465419,2325.92308383422,p4,3.3665953489054625
9.809,127.013,67.422,0.501,1.199,2.221,2.327,0.280349562328175,2393.87069169317,p4,3.3791006876740606
9.83781,127.78467,66.6875,0.4854,1.16,2.2252,2.3396,0.281336209322403,2408.58510741139,p4,3.3817619967273087
9.84438,127.96045,66.52002,0.48184,1.15112,2.22616,2.34248,0.283172587899147,2436.11007067123,p4,3.3866969071156716
9.857,128.298,66.198,0.475,1.134,2.228,2.348,0.277425164703798,2350.5597531119,p4,3.3711712957782307
9.8662,128.22198,66.47998,0.465,1.1332,2.2328,2.3532,0.277419123071652,2350.4707412192,p4,3.3711548494378487
9.86621,128.22192,66.48022,0.46499,1.1332,2.23281,2.35321,0.274541035821105,2308.29058481386,p4,3.363290480149808
9.87083,128.18378,66.62183,0.45997,1.1328,2.23521,2.35582,0.268835025236547,2225.96599595267,p4,3.3475185257296354
9.88,128.108,66.903,0.45,1.132,2.24,2.361,0.265394256195938,2177.15943866708,p4,3.3378902346441373
9.8774,128.36084,67.40918,0.4554,1.12259,2.2422,2.37399,0.260605584595877,2110.27947436602,p4,3.324339974794167
9.87399,128.69141,68.07031,0.46247,1.11029,2.24508,2.39102,0.249622495370891,1961.48590140895,p4,3.292585190894155
9.867,129.37199,69.429,0.477,1.085,2.251,2.426,0.241703421778805,1858.17645550517,p4,3.269086952937199
9.85327,129.55151,70.20996,0.47923,1.09746,2.24844,2.426,0.228748300031567,1696.34914001758,p4,3.2295152429548284
9.8326,129.82178,71.38574,0.4826,1.11621,2.2446,2.426,0.222974160883522,1627.09369778227,p4,3.2114125629295613
9.824,129.93401,71.874,0.484,1.124,2.243,2.426,0.227336976027242,1679.25827598697,p4,3.2251174973349506
9.81271,129.93765,71.59277,0.48608,1.1273,2.24058,2.439,0.237872664417452,1809.39732408853,p4,3.2575339437045403
9.78497,129.94659,70.90088,0.4912,1.13541,2.2346,2.47101,0.247493518715209,1933.38521696925,p4,3.2863183935714315
9.759,129.955,70.253,0.496,1.143,2.229,2.501,0.247993891753029,1939.96822701336,p4,3.2877946170715817
9.75305,129.95074,70.20605,0.49592,1.14339,2.22939,2.502,0.254984791697961,2033.33196319707,p4,3.308208287647095
9.66748,129.88983,69.53027,0.4948,1.149,2.23499,2.5162,0.263375235815816,2148.81337347033,p4,3.3321986982315157
9.55774,129.81171,68.66357,0.49336,1.15619,2.24219,2.53442,0.265396413595307,2177.19052374998,p4,3.3378964353767793
9.53,129.79201,68.445,0.493,1.158,2.244,2.539,0.268881101065343,2226.62437898445,p4,3.3476469597851795
9.51878,129.30371,67.65234,0.4912,1.16742,2.27045,2.539,0.275140512978721,2317.03972084412,p4,3.3649334789326404
9.4886,127.99121,65.51562,0.48635,1.19275,2.34155,2.539,0.276685807405936,2339.68120281278,p4,3.369156685918125
9.474,127.356,64.481,0.484,1.205,2.376,2.539,0.277100003432547,2345.77113317097,p4,3.370285637596398
9.47461,125.53809,63.27051,0.48278,1.25388,2.40593,2.5335,0.277003457564943,2344.35087293121,p4,3.3700226119424617
9.4748,124.97363,62.89453,0.4824,1.26901,2.41522,2.5318,0.276795794765813,2341.29723707987,p4,3.369456552624053
9.475,124.379,62.498,0.482,1.285,2.425,2.53,0.284780679615511,2460.35947511667,p4,3.3909985650928283
9.47108,125.25146,61.71191,0.48102,1.30019,2.41766,2.50894,0.286565034052644,2487.42882703037,p4,3.395750663098092
9.4702,125.44824,61.53516,0.4808,1.3036,2.416,2.5042,0.292996430021918,2586.39824268887,p4,3.412695396525095
9.467,126.161,60.893,0.48,1.316,2.41,2.487,0.295958672427769,2632.72184842694,p4,3.4204049775738103
9.4594,127.79883,61.3291,0.48289,1.31781,2.40168,2.487,0.29626157253985,2637.48487053816,p4,3.42118997706001
9.4586,127.9707,61.375,0.4832,1.318,2.4008,2.487,0.30076722723549,2708.91017953519,p4,3.432794605188601
9.446,130.689,62.098,0.488,1.321,2.387,2.487,0.29786312776122,2662.75031737144,p4,3.425330445120281
9.446,131.32617,62.85156,0.4874,1.30841,2.37859,2.48399,0.297586382294247,2658.37481819053,p4,3.424616214377826
9.446,131.38379,62.91992,0.48735,1.30725,2.37782,2.48372,0.282934186499716,2432.5273553716,p4,3.386057732895224
9.446,133.87399,65.865,0.485,1.258,2.345,2.472,0.279781964966797,2385.42915056632,p4,3.3775665221420503
9.46179,133.84229,66.21484,0.48438,1.25381,2.34337,2.47155,0.231030134450712,1724.20623078248,p4,3.236589210174441
9.67017,133.42188,70.85742,0.4762,1.19876,2.32179,2.4656,0.224331642767668,1643.21640253847,p4,3.2156947613897615
9.69446,133.3728,71.40039,0.47524,1.19232,2.31927,2.4649,0.215280014923662,1537.5610010289,p4,3.186832354941572
9.726,133.30901,72.104,0.474,1.184,2.316,2.464,0.167921409423508,1055.70006387199,p4,3.02354054783055
9.76801,133.61108,75.36719,0.4674,1.16481,2.295,2.42798,0.156934301927452,960.930310445793,p4,2.982691892469487
9.77637,133.6709,76.01562,0.46609,1.161,2.29083,2.42084,0.12852055292647,745.571982365633,p4,2.8724895794255576
9.796,133.812,77.543,0.463,1.152,2.281,2.404,0.11865584712768,680.829863642606,p4,2.833038597209819
9.796,133.52588,78.02734,0.4618,1.1512,2.2734,2.35645,0.114814657726472,657.017996563706,p4,2.8175772656043274
9.796,133.41748,78.21045,0.46135,1.1509,2.27052,2.33838,0.103027476282391,588.839480337181,p4,2.7699969207549953
9.796,133.09599,78.754,0.46,1.15,2.262,2.285,0.102917614563914,588.238715763598,p4,2.769553604817703
9.798,131.99805,78.72632,0.46,1.13918,2.261,2.285,0.102801882752834,587.606536913434,p4,2.7690866185165204
9.79991,130.95117,78.70001,0.46,1.12888,2.26004,2.285,0.102371472688195,585.261718016776,p4,2.767350117830564
9.806,127.611,78.616,0.46,1.096,2.257,2.285,0.100758681230538,576.563105065884,p4,2.7608468479395296
9.81167,127.15332,78.67932,0.46099,1.08984,2.25725,2.24823,0.0971327936291308,557.511247802452,p4,2.746253633709906
9.82441,126.12402,78.82153,0.4632,1.07599,2.2578,2.16571,0.0958207427093486,550.789224709379,p4,2.7409854354065417
9.829,125.753,78.873,0.464,1.071,2.258,2.136,0.086125217435065,503.950050522892,p4,2.7023874930778735
9.82924,125.80872,79.31445,0.4646,1.06826,2.25895,2.10046,0.0425820744913842,355.144764418007,p4,2.5504054166396966
9.8302,126.03381,81.09766,0.467,1.0572,2.2628,1.95715,0.0004212431650847,307.004711521268,p4,2.487145040532518
9.83099,126.21912,82.56641,0.46898,1.04809,2.26597,1.83911,0.0,307.0,p4,2.4871383754771865
9.831,126.221,82.58,0.469,1.048,2.266,1.838,0.0080739673576022,308.730889639364,p4,2.4895800843858265
9.831,126.58765,82.31567,0.4646,1.0584,2.2668,1.78442,0.0172203521385719,314.873710950612,p4,2.498136402568315
9.831,127.01636,82.0061,0.45945,1.07057,2.26774,1.72168,0.0197356462979692,317.341847669462,p4,2.5015273460164673
9.831,127.137,81.919,0.458,1.074,2.268,1.704,0.0368795473221085,343.113251755492,p4,2.5354374917464853
9.825,127.39648,81.30469,0.4548,1.09665,2.2684,1.68539,0.0777402679351811,467.467662122848,p4,2.6697515731821047
9.80894,128.08789,79.66504,0.44624,1.15707,2.26947,1.63568,0.0957387758440314,550.372379017579,p4,2.7406566302760527
9.801,128.431,78.851,0.442,1.187,2.27,1.611,0.135224781521617,792.521135522212,p4,2.899010853121046
9.71283,128.94507,76.78711,0.4277,1.30139,2.26881,1.41907,0.147138087554142,881.838590872657,p4,2.945389100428523
9.68256,129.12158,76.07812,0.4228,1.34064,2.2684,1.35327,0.15805897906905,970.336788725566,p4,2.986922497254814
9.653,129.29401,75.386,0.418,1.379,2.268,1.289,0.171104064810197,1084.34960133546,p4,3.0351693241329483
9.58594,130.37402,74.32617,0.38696,1.57568,2.2662,0.98511,0.175055481070222,1120.66816657641,p4,3.0494770356468077
9.5636,130.73438,73.97266,0.37662,1.64124,2.2656,0.88403,0.184668275271658,1212.48340351595,p4,3.0836758026880977
9.504,131.694,73.031,0.349,1.816,2.264,0.614,0.187891287186523,1244.36620705583,p4,3.0949482085693756
9.50279,130.49414,72.61035,0.34177,1.8371,2.25557,0.614,0.188887281356094,1254.33033940671,p4,3.098411926995873
9.5024,130.10156,72.47266,0.3394,1.84399,2.25281,0.614,0.194363087718726,1310.05221741648,p4,3.117288606559485
9.5,127.717,71.635,0.325,1.886,2.236,0.614,0.198891803970147,1357.33963580065,p4,3.1326885311515915
9.49603,127.08594,71.15039,0.32087,1.93359,2.22777,0.57092,0.200033104910619,1369.42861960295,p4,3.13653939991932
9.495,126.91992,71.02441,0.31979,1.94604,2.2256,0.55969,0.21958773023027,1587.30105319842,p4,3.200659304412817
9.475,123.74,68.583,0.299,2.186,2.184,0.343,0.221758190573192,1612.73621562317,p4,3.2075633385807345
9.47496,124.21484,68.42383,0.29735,2.23096,2.18214,0.32727,0.267366974589907,2205.06814882562,p4,3.34342201611749
9.4742,134.44531,65.0293,0.26218,3.19189,2.14238,-0.01147,0.27198539253194,2271.20918140827,p4,3.3562571351654267
9.47412,135.50391,64.67969,0.25854,3.2915,2.13828,-0.04651,0.279025140060708,2374.20372845493,p4,3.3755179826672483
9.474,137.117,64.144,0.253,3.443,2.132,-0.1,0.166694546719166,1044.79934110491,p4,3.019032890046435
9.45599,154.39062,63.32129,0.2308,4.47412,2.08096,-0.28479,0.16733615782987,1050.49059061726,p4,3.021392166726452
9.45479,155.55469,63.26562,0.22931,4.54346,2.07755,-0.29724,0.173064053640638,1102.26104627738,p4,3.0422844597898306
9.444,165.90199,62.773,0.216,5.161,2.047,-0.408,0.175870365147692,1128.26152221754,p4,3.052409777388235
9.43538,157.70312,62.60254,0.21525,5.19397,2.01105,-0.41361,0.176061613241971,1130.04865161668,p4,3.0530971414248538
9.4348,157.14844,62.59106,0.2152,5.1962,2.00861,-0.41399,0.18058417240696,1172.87571792602,p4,3.069251995168794
9.421,144.015,62.318,0.214,5.249,1.951,-0.423,0.183108018423847,1197.24788139181,p4,3.0781840772029225
9.41415,145.91406,62.11133,0.21601,5.46973,1.94688,-0.43045,0.18561483927866,1221.79054796744,p4,3.0869967610141424
9.40738,147.79688,61.90625,0.218,5.68945,1.94281,-0.43781,0.201604489749167,1386.18726555013,p4,3.141821904807777
9.36465,159.6875,60.61035,0.23058,7.07129,1.91704,-0.48431,0.206004128104439,1433.80415418562,p4,3.1564898343407677
9.353,162.929,60.257,0.234,7.448,1.91,-0.497,0.211489667718469,1494.61304083181,p4,3.1745287672528053
9.28052,170.82031,59.88062,0.24728,8.27979,1.92584,-0.50824,0.214615599487771,1529.97981741652,p4,3.184685701900966
9.23938,175.29688,59.66724,0.25481,8.75098,1.93481,-0.5146,0.216777479461916,1554.7428161415,p4,3.191658558785247
9.211,178.38901,59.52,0.26,9.076,1.941,-0.519,0.215661545464415,1541.92959734375,p4,3.1880645448024025
9.211,178.42969,59.90527,0.26669,9.09039,1.95038,-0.51816,0.212606040501944,1507.18440324687,p4,3.1781663912749254
9.211,178.53479,60.90039,0.284,9.12759,1.97459,-0.516,0.211063538691477,1489.8324076493,p4,3.173137417052038
9.211,178.58447,61.37109,0.29219,9.1452,1.98605,-0.51497,0.209524099445848,1472.64083495243,p4,3.1680968388872723
9.211,178.632,61.821,0.3,9.162,1.997,-0.514,0.19900872907001,1358.57689249871,p4,3.1330842235730914
9.29181,177.12109,63.60938,0.3084,8.63721,2.02179,-0.512,0.197747528344353,1345.29050188357,p4,3.1288160759683037
9.30115,176.94727,63.81641,0.30938,8.57666,2.02466,-0.51177,0.187742165613096,1242.88048094289,p4,3.0944293676097505
9.37256,175.60938,65.39844,0.3168,8.11279,2.0466,-0.51,0.181776025529667,1184.34401510706,p4,3.0734778697534537
9.413,174.85201,66.296,0.321,7.85,2.059,-0.509,0.179319332361257,1160.78969478108,p4,3.064753543882145
9.4198,172.16406,66.40381,0.32185,7.68115,2.06995,-0.509,0.176603314353997,1135.12206529277,p4,3.0550425658750826
9.4274,169.16406,66.52441,0.3228,7.49268,2.08203,-0.509,0.161366737274351,998.392387171152,p4,2.9993012608177505
9.47058,152.13281,67.20752,0.3282,6.4209,2.151,-0.509,0.156364774591533,956.193633260977,p4,2.9805458476542372
9.485,146.44701,67.436,0.33,6.063,2.174,-0.509,0.150481797175808,908.262709532122,p4,2.9582114837613407
9.49164,142.79688,68.07422,0.33277,5.58276,2.1906,-0.50568,0.147840905069619,887.343955423829,p4,2.948091995240569
9.49461,141.16602,68.35938,0.334,5.36816,2.19801,-0.5042,0.145701403874085,870.668365843536,p4,2.9398527654435784
9.497,139.84801,68.59,0.335,5.195,2.204,-0.503,0.143232819024203,851.729930330839,p4,2.930301908897666
9.49403,143.53906,69.0498,0.32808,5.13403,2.19576,-0.49246,0.141133772860457,835.881107325835,p4,2.922144509371671
9.4916,146.57031,69.42773,0.3224,5.08398,2.189,-0.48381,0.137913952970489,812.024629950071,p4,2.909569202257408
9.488,151.054,69.986,0.314,5.01,2.179,-0.471,0.137443396999327,808.584245987682,p4,2.907725275524407
9.48595,150.26172,70.02832,0.31176,5.0354,2.1747,-0.4859,0.135978298658153,797.947811574422,p4,2.901974487984289
9.4796,147.80078,70.15955,0.3048,5.11438,2.16139,-0.5318,0.133756968112511,782.038661838534,p4,2.89322822391418
9.46996,144.06641,70.35889,0.29424,5.23425,2.14117,-0.60168,0.133072848509177,777.191801766088,p4,2.890528210781929
9.467,142.922,70.42,0.291,5.271,2.135,-0.623,0.134743949604553,789.075101930576,p4,2.897118340093849
9.4672,144.32812,70.18457,0.2874,5.37109,2.13,-0.65723,0.228543126723891,1693.86178490473,p4,3.2288779700430257
9.46762,147.27539,69.69092,0.27985,5.5813,2.11951,-0.72894,0.236045254119899,1786.40615565039,p4,3.2519802065705417
9.468,149.94901,69.243,0.273,5.772,2.11,-0.794,0.246598327961153,1921.64548708931,p4,3.2836732703242744
9.47277,161.9375,69.63037,0.27232,5.91833,2.10285,-0.81784,0.259839167326088,2099.69418877869,p4,3.322156046259062
9.47921,178.125,70.1543,0.2714,6.11621,2.09319,-0.85004,0.265216963948113,2174.66767101277,p4,3.3373928982227037
9.482,185.15601,70.382,0.271,6.202,2.089,-0.864,0.264757128831823,2168.19694812172,p4,3.336098728787775
9.48204,185.18848,70.42188,0.27114,6.2019,2.08896,-0.8623,0.240481888899992,1842.54221662235,p4,3.2654174472698076
9.4838,186.74414,72.34961,0.2782,6.1972,2.0872,-0.78003,0.239271592771851,1827.12497130634,p4,3.2617682531503345
9.48388,186.81543,72.4375,0.27852,6.19698,2.08712,-0.77625,0.221376597023105,1608.24906388587,p4,3.2063533072825288
9.485,187.80299,73.661,0.283,6.194,2.086,-0.724,0.217946039604952,1568.23198356631,p4,3.195410306901111
9.48524,185.46484,73.76733,0.28735,6.02002,2.08818,-0.64551,0.215714258843432,1542.53402453339,p4,3.1882347522865633
9.4854,183.9375,73.83667,0.29019,5.90674,2.0896,-0.59436,0.209171640523001,1468.72302435648,p4,3.166939903118305
9.48587,179.4375,74.04114,0.29858,5.57178,2.09379,-0.44348,0.207294201460039,1447.96226808414,p4,3.1607572448885066
9.486,178.138,74.1,0.301,5.475,2.095,-0.4,0.210610712704469,1484.76292410908,p4,3.1716571142789656
9.4862,175.32812,73.74365,0.30441,5.475,2.10181,-0.35663,0.215256371519182,1537.29421652211,p4,3.1867569933188293
9.48652,170.88281,73.18018,0.30979,5.475,2.11259,-0.28784,0.221030678992156,1604.18539115081,p4,3.2052545570286957
9.487,164.106,72.321,0.318,5.475,2.129,-0.183,0.221795272634912,1613.1754131883,p4,3.20768159419473
9.48663,164.3252,72.27972,0.31967,5.34888,2.13234,-0.183,0.224328100963822,1643.17791177471,p4,3.2156845883400864
9.4854,165.05127,72.14264,0.3252,4.93066,2.1434,-0.183,0.224625079051499,1646.71798700347,p4,3.2166192293002025
9.48525,165.13623,72.12659,0.32585,4.88208,2.14469,-0.183,0.225150673371354,1652.99485462241,p4,3.2182715017187116
9.485,165.287,72.098,0.327,4.795,2.147,-0.183,0.207610259376387,1451.44383962327,p4,3.161800236438054
9.47917,155.83594,72.72656,0.33283,4.31982,2.15108,-0.02087,0.207095024764359,1445.77035389356,p4,3.160099315118074
9.479,155.55469,72.74512,0.333,4.30591,2.1512,-0.01611,0.195268789039699,1319.42406773299,p4,3.1203844018213602
9.475,149.067,73.176,0.337,3.98,2.154,0.095,0.186720407382487,1232.72144180885,p4,3.0908649501133407
9.475,147.08984,73.67432,0.34083,3.75562,2.15751,0.20581,0.183905462982743,1205.02008957679,p4,3.080994287342103
9.475,146.5918,73.7998,0.3418,3.69897,2.1584,0.23376,0.175560240118653,1125.36876225062,p4,3.0512948559304074
9.475,142.883,74.737,0.349,3.277,2.165,0.442,0.166006209431911,1038.72071824228,p4,3.016498794111019
9.475,140.74219,75.08203,0.35031,3.23291,2.16714,0.48413,0.100494594293475,575.152543408591,p4,2.759783044645271
9.475,138.29688,75.47852,0.3518,3.18237,2.1696,0.53247,0.0952557763884841,547.923438903511,p4,2.7387198789503664
9.475,121.33594,78.22461,0.36217,2.83228,2.18663,0.86694,0.131176904295445,763.889401771677,p4,2.8830304846526205
9.475,119.972,78.447,0.363,2.804,2.188,0.894,0.133572516786315,780.729549950559,p4,2.892500617353158
9.4694,115.66016,76.01562,0.37981,2.61829,2.22881,1.3479,0.138451747637023,815.971097815957,p4,2.911674776056137
9.46895,115.31445,75.82129,0.38115,2.60352,2.23207,1.38428,0.157050153950895,961.897126819836,p4,2.983128627501979
9.468,114.583,75.409,0.384,2.572,2.239,1.461,0.163093135910585,1013.26486168986,p4,3.0057229823151017
9.4548,119.84375,74.79346,0.40381,2.17725,2.2294,1.6886,0.169858365842093,1073.07290241794,p4,3.030629228063163
9.45062,121.51172,74.59863,0.41006,2.05225,2.22636,1.7605,0.162008149209296,1003.89904904906,p4,3.001690042843627
9.446,123.35,74.383,0.417,1.914,2.223,1.84,0.155920783749756,952.511643273332,p4,2.9788702930914406
9.4332,122.43848,74.94873,0.4226,1.7616,2.21381,1.84,0.149448376882263,900.032360184094,p4,2.954258124546806
9.42369,121.7627,75.36816,0.42675,1.64844,2.20698,1.84,0.149961350313472,904.110332374031,p4,2.9562214324857146
9.414,121.072,75.797,0.431,1.533,2.2,1.84,0.150980112095059,912.250791387148,p4,2.9601142487918763
9.4144,121.44434,75.796,0.432,1.48792,2.2006,1.87885,0.152006878076967,920.510909330544,p4,2.964028939862284
9.4152,122.18359,75.79401,0.43399,1.39819,2.2018,1.95618,0.159607206421942,983.395493289867,p4,2.992728213671626
9.416,122.927,75.792,0.436,1.308,2.203,2.034,0.164163011658607,1022.56031244488,p4,3.0096889329038494
9.416,123.8623,75.32471,0.43649,1.23523,2.21635,2.13098,0.167092718325277,1048.32835424047,p4,3.0204973323611255
9.416,124.44141,75.03662,0.4368,1.19031,2.22461,2.19086,0.167027883635735,1047.75315098038,p4,3.020258975591622
9.416,124.819,74.848,0.437,1.161,2.23,2.23,0.16697202749596,1047.25774070512,p4,3.020053579091119
9.41638,126.08691,74.94922,0.43926,1.12555,2.23415,2.26736,0.166835360358466,1046.04642991709,p4,3.0195509615955713
9.4166,126.83496,75.00891,0.4406,1.10461,2.2366,2.2894,0.163310094568048,1015.14390460797,p4,3.0065276112612853
9.417,128.177,75.116,0.443,1.067,2.241,2.329,0.161128990760554,996.354850537625,p4,2.998414039411807
9.41725,128.07764,75.34961,0.44672,1.06576,2.24274,2.33323,0.152175743130252,921.874293457892,p4,2.9646717048067788
9.4174,128.01709,75.4917,0.449,1.065,2.2438,2.3358,0.154509439852922,940.877747289128,p4,2.9735331971499597
9.418,127.777,76.055,0.458,1.062,2.248,2.346,0.156301870054133,955.669970964451,p4,2.9803079398338816
9.41484,127.72852,75.92139,0.4589,1.04724,2.24845,2.35583,0.171701998913547,1089.7915563743,p4,3.037343438699073
9.41239,127.69092,75.81787,0.4596,1.03583,2.2488,2.36343,0.172096798856265,1093.39513263847,p4,3.0387771362530334
9.39057,127.35583,74.89453,0.46584,0.93372,2.25192,2.43124,0.197561525738447,1343.3348178485,p4,3.1281842713592054
9.39,127.347,74.87,0.466,0.931,2.252,2.433,0.198819012792283,1356.56935916266,p4,3.132442003428649
9.33481,129.38379,73.58154,0.4748,0.91419,2.2336,2.433,0.203820515819725,1410.03966898949,p4,3.149231330939703
9.33203,129.48535,73.51709,0.47524,0.91335,2.23267,2.433,0.213503638114308,1517.33597942435,p4,3.181081756036679
9.321,129.89301,73.26,0.477,0.91,2.229,2.433,0.214950279274972,1533.79328271886,p4,3.1857668314356204
9.3054,131.00977,72.79272,0.486,0.8956,2.2308,2.41499,0.219942951448034,1591.44490737071,p4,3.201791608813741
9.30307,131.17676,72.72266,0.48734,0.89344,2.23107,2.41231,0.219409231251462,1585.21870328983,p4,3.200089187739649
9.295,131.754,72.481,0.492,0.886,2.232,2.403,0.219231027942136,1583.1431636517,p4,3.1995201898924295
9.26984,132.19629,72.55176,0.4932,0.87601,2.2356,2.397,0.218590115977757,1575.69258388508,p4,3.197471490980147
9.26151,132.34277,72.5752,0.4936,0.8727,2.23679,2.39501,0.216988067871361,1557.16412082795,p4,3.192334388427866
9.232,132.86,72.658,0.495,0.861,2.241,2.388,0.215625093054566,1541.50801924917,p4,3.187945788359708
9.22319,132.76172,72.73132,0.4934,0.8604,2.2422,2.388,0.210571860559453,1484.32387973805,p4,3.1715286744173947
9.21571,132.67798,72.7937,0.49204,0.85989,2.24322,2.388,0.207530162216078,1450.55675526151,p4,3.161534725909921
9.188,132.368,73.025,0.487,0.858,2.247,2.388,0.198728094889818,1355.60952988903,p4,3.132134613251554
9.21649,132.2124,73.20605,0.48492,0.86216,2.24513,2.38613,0.195710744815746,1324.00859069322,p4,3.121890802987788
9.29761,131.76929,73.72192,0.479,0.87401,2.2398,2.3808,0.195595976905421,1322.81616956551,p4,3.1214994949127846
9.325,131.62,73.896,0.477,0.878,2.238,2.379,0.194249165929877,1308.87503172065,p4,3.1168981831244897
9.33752,131.58472,73.88751,0.47614,0.878,2.23867,2.3768,0.193513595526852,1301.30165191038,p4,3.1143779810926238
9.48218,131.18066,73.78918,0.4662,0.878,2.2464,2.35139,0.193239019642161,1298.48200314172,p4,3.1134359347197256
9.55884,130.96655,73.73712,0.46094,0.878,2.2505,2.33794,0.197051812661455,1337.99367666503,p4,3.1264540609684457
9.587,130.888,73.718,0.459,0.878,2.252,2.333,0.200035606133926,1369.4529781543,p4,3.1365471248129024
9.66376,130.59668,73.29004,0.44901,0.88519,2.256,2.19824,0.202129830941142,1391.81557195412,p4,3.143581691173161
9.72937,130.3479,72.9248,0.44046,0.89135,2.25941,2.08301,0.207620225490121,1451.54910674103,p4,3.161831732848299
9.779,130.16,72.649,0.434,0.896,2.262,1.996,0.218180547085219,1570.94226158633,p4,3.1961602232734188
9.7686,130.04712,72.29785,0.4346,0.91101,2.25337,1.88623,0.228833804691454,1697.3868208429,p4,3.229780825826127
9.74815,129.82593,71.60889,0.43578,0.94049,2.23648,1.6709,0.245775934849458,1910.88808620974,p4,3.281235252745857
9.727,129.597,70.896,0.437,0.971,2.219,1.448,0.258241786872911,2077.71435887693,p4,3.3175858411564656
9.73236,129.69696,69.46973,0.43209,1.03662,2.20874,1.16553,0.26493829637569,2170.73876604253,p4,3.3366075621496916
9.73661,129.77631,68.33887,0.4282,1.08868,2.20059,0.94141,0.274704616448773,2310.67610612691,p4,3.3637390734842723
9.739,129.821,67.7,0.426,1.118,2.196,0.815,0.283994055244371,2448.48106618656,p4,3.3888967500195455
9.67749,130.16943,66.68652,0.41673,1.22058,2.18584,0.63867,0.295522678774868,2625.87579154217,p4,3.419274179360612
9.61542,130.521,65.66406,0.40739,1.32397,2.1756,0.46094,0.300470004088088,2704.16673565872,p4,3.4320334661690226
9.533,130.98801,64.308,0.395,1.461,2.162,0.225,0.309055882680217,2843.12192577398,p4,3.4537954845780336
9.521,131.85742,63.84766,0.38965,1.57056,2.15723,0.18274,0.327695556111103,3158.26353509801,p4,3.4994483660344087
9.49982,133.39258,63.03516,0.3802,1.76416,2.1488,0.10828,0.32856325701749,3173.38446461219,p4,3.501522691307678
9.45227,136.83594,61.21094,0.35901,2.19824,2.1299,-0.05896,0.331389325773378,3222.90585326464,p4,3.508247619193735
9.45,137.0,61.124,0.358,2.219,2.129,-0.067,0.33940410549579,3365.65625226794,p4,3.527069757698446
9.4586,138.42188,60.96753,0.34979,2.219,2.1246,0.03564,0.342698273849946,3425.31749588266,p4,3.534700832855961
9.48299,142.44336,60.52417,0.32655,2.219,2.11212,0.32593,0.362798066140761,3801.83342652713,p4,3.5799930847743298
9.493,144.09399,60.342,0.317,2.219,2.107,0.445,0.334889125319558,3284.82125513453,p4,3.5165117422304175
9.49194,149.73047,59.47461,0.31541,2.57812,2.098,0.445,0.340700720078115,3389.07142718387,p4,3.5300807220108577
9.4914,152.60938,59.03174,0.3146,2.76147,2.0934,0.445,0.346584380721601,3496.44124864257,p4,3.543626235106015
9.491,154.735,58.705,0.314,2.897,2.09,0.445,0.353866978646597,3631.88567760435,p4,3.5601321695938157
9.48781,156.72266,58.05957,0.31693,2.89673,2.10384,0.445,0.361933680615816,3785.20078422484,p4,3.5780889213970246
9.4838,159.21484,57.24805,0.3206,2.8964,2.1212,0.445,0.362448481448845,3795.10234850286,p4,3.5792234926928033
9.47929,162.02734,56.33594,0.32474,2.89602,2.14076,0.445,0.355477525151696,3662.21956689788,p4,3.5637443786968532
9.479,162.207,56.277,0.325,2.896,2.142,0.445,0.350497731396882,3568.87290171395,p4,3.5525310816998004
9.479,162.02051,57.42676,0.33459,2.72314,2.1584,0.53418,0.344351390822209,3455.47512161586,p4,3.538507770526274
9.479,161.89258,58.21484,0.34118,2.60461,2.16965,0.5954,0.336243614155554,3308.95814526141,p4,3.519691273839523
9.479,161.741,59.151,0.349,2.464,2.183,0.668,0.368664237190988,3915.76570218738,p4,3.5928166981231104
9.4792,160.35938,60.24414,0.35519,2.3894,2.1848,0.76172,0.333681673866015,3263.38740210031,p4,3.513668632662417
9.47938,159.12891,61.2207,0.36073,2.32275,2.18641,0.84521,0.326287993266305,3133.82380760025,p4,3.4960745755601423
9.48,154.85001,64.619,0.38,2.091,2.192,1.136,0.269718174712072,2238.59860874215,p4,3.349976229516586
9.48086,153.39062,65.125,0.38258,2.06384,2.19324,1.18652,0.264914654031365,2170.40961722828,p4,3.33654170514532
9.4872,142.65625,68.85742,0.40161,1.86365,2.2024,1.55859,0.252913249378754,2005.39812253271,p4,3.3022006040161402
9.48772,141.78125,69.16211,0.40316,1.84729,2.20316,1.58887,0.210590168799801,1484.53128133829,p4,3.1715893532755954
9.489,139.619,69.915,0.407,1.807,2.205,1.664,0.206239072279606,1436.37448285213,p4,3.157267681294645
9.495,136.86719,72.70508,0.407,1.52002,2.2218,1.77625,0.179364361580279,1161.21723824576,p4,3.064913474300045
9.49558,136.60352,72.97461,0.407,1.49243,2.22342,1.78705,0.167744189926877,1054.12080994862,p4,3.0228903870505066
9.499,135.036,74.569,0.407,1.329,2.233,1.851,0.165382371895815,1033.23004133579,p4,3.0141970248693517
9.499,134.19531,75.25391,0.4122,1.2558,2.2366,1.78107,0.149323603070856,899.042206608932,p4,2.9537800806843837
9.499,134.0293,75.38965,0.41323,1.24133,2.23731,1.76721,0.146724824048148,878.613951956471,p4,2.943798095366358
9.499,132.93401,76.282,0.42,1.146,2.242,1.676,0.145279731493306,867.409728886277,p4,2.938224288896361
9.499,132.82153,76.43335,0.4216,1.13339,2.2416,1.66899,0.135948321001893,797.730785851111,p4,2.901856352571809
9.499,132.75977,76.5166,0.42248,1.12646,2.24138,1.66515,0.13532236457977,793.222115656907,p4,2.8993948141740415
9.499,132.37199,77.039,0.428,1.083,2.24,1.641,0.13237930777548,772.302967036393,p4,2.887787703315722
9.48273,132.57764,77.0946,0.42932,1.08987,2.23869,1.61359,0.131528520459847,766.341344051881,p4,2.884422256339975
9.41016,133.49512,77.34314,0.4352,1.12061,2.2328,1.49133,0.131434217969749,765.682922688026,p4,2.884048960970048
9.39017,133.74756,77.4115,0.43682,1.12907,2.23118,1.45764,0.145147860199217,866.392933322874,p4,2.937714901337258
9.388,133.77499,77.419,0.437,1.13,2.231,1.454,0.149846468379575,903.195662500643,p4,2.9557818432697025
9.3712,133.85422,76.75977,0.4394,1.19363,2.2238,1.26794,0.154004690984376,936.743538004246,p4,2.9716207058557447
9.3653,133.88205,76.52783,0.44024,1.21597,2.22127,1.20251,0.18606857236314,1226.26743095956,p4,3.088585193774955
9.36,133.907,76.32,0.441,1.236,2.219,1.144,0.203081070227047,1402.05189462106,p4,3.1467640886167074
9.3516,133.54395,74.37109,0.43301,1.2396,2.21581,1.0177,0.225304767753709,1654.83447800443,p4,3.2187545607194163
9.3465,133.32324,73.1875,0.42815,1.24178,2.21386,0.94092,0.240838503309002,1847.09535401138,p4,3.266489315934035
9.339,132.998,71.444,0.421,1.245,2.211,0.828,0.259323532012458,2092.58134080122,p4,3.320682348469139
9.335,132.55859,69.96094,0.40738,1.29126,2.2028,0.76038,0.285831796346534,2476.28618929048,p4,3.3938008355205818
9.32941,131.94629,67.89062,0.38837,1.35571,2.19135,0.66602,0.311174895076942,2878.017598396,p4,3.4590934452166064
9.319,130.804,64.028,0.353,1.476,2.17,0.49,0.34648629703972,3494.633056348,p4,3.543401580662648
9.32345,132.02734,61.38281,0.353,1.7229,2.14874,0.31592,0.360176640414596,3751.51029379948,p4,3.574206142451965
9.33021,133.88477,57.37109,0.353,2.09717,2.11639,0.05151,0.369421683503869,3930.60830228168,p4,3.5944597671389724
9.333,134.65401,55.714,0.353,2.252,2.103,-0.058,0.398403092014538,4521.4605085403,p4,3.6552787419674533
9.33517,137.01562,54.92969,0.34027,2.4165,2.0871,-0.07001,0.231298485830941,1727.49973798969,p4,3.23741799017669
9.342,144.46094,52.45508,0.30017,2.93604,2.03699,-0.10782,0.232090490595366,1737.24505092489,p4,3.2398610831322787
9.34687,149.76562,50.68945,0.27161,3.30615,2.00128,-0.13477,0.231360347726094,1728.26033727809,p4,3.2376091632165025
9.348,150.991,50.28,0.265,3.392,1.993,-0.141,0.230884447881731,1722.42007392902,p4,3.2361390783259982
9.3484,155.11328,50.00488,0.23584,3.99463,1.95422,-0.19098,0.230208253312468,1714.14180350072,p4,3.2340467463681004
9.34865,157.71875,49.83081,0.21738,4.37549,1.92969,-0.2226,0.230745324066696,1720.71552576688,p4,3.2357090772993193
9.349,161.28999,49.592,0.192,4.899,1.896,-0.266,0.231173736154235,1725.97030776433,p4,3.237033320182768
9.349,161.85547,49.39307,0.18399,5.50977,1.88138,-0.2868,0.232855410461936,1746.69025641127,p4,3.242215897622879
9.349,162.30566,49.23486,0.17763,5.99512,1.86975,-0.30338,0.232428182382124,1741.41287287309,p4,3.240901750527238
9.349,164.118,48.598,0.152,7.95,1.823,-0.37,0.226681208863985,1671.35574908793,p4,3.223068899577394
9.3522,164.0,48.521,0.15068,8.3125,1.8239,-0.36636,0.226220851482841,1665.82048928471,p4,3.2216281995236504
9.39447,162.4541,47.51221,0.13335,13.08398,1.83568,-0.31854,0.224512123130677,1645.37069356327,p4,3.2162637576249073
9.39783,162.33203,47.43262,0.13199,13.46094,1.8366,-0.31476,0.222663752822072,1623.42433323942,p4,3.210432051248191
9.41,161.886,47.142,0.127,14.837,1.84,-0.301,0.221990690345018,1615.47794276779,p4,3.208301032672678
9.44055,160.99316,46.55566,0.12346,16.25293,1.84974,-0.301,0.220247413826015,1595.00787807488,p4,3.202762832469061
9.45142,160.67578,46.34766,0.1222,16.75586,1.8532,-0.301,0.219413004262628,1585.26716656124,p4,3.200102464778068
9.479,159.869,45.818,0.119,18.034,1.862,-0.301,0.217944878497035,1568.21822954853,p4,3.195406497949194
9.479,159.59863,45.6582,0.11871,18.23633,1.86769,-0.29969,0.215275851503626,1537.51675072212,p4,3.186819855963914
9.479,159.12891,45.38135,0.1182,18.58838,1.87759,-0.2974,0.214413561375967,1527.67881405525,p4,3.184032055845781
9.479,158.28711,44.88477,0.11729,19.21924,1.89534,-0.2933,0.213784778562662,1520.52986458544,p4,3.1819949545013864
9.479,158.019,44.727,0.117,19.42,1.901,-0.292,0.212623724239273,1507.38443415954,p4,3.178224026264468
9.479,157.6748,44.79309,0.1166,19.91504,1.9024,-0.2916,0.211273480814578,1492.18705587161,p4,3.1738232683382632
9.479,157.03955,44.91492,0.11586,20.82715,1.90499,-0.29086,0.209954550432222,1477.43560061187,p4,3.1695085596660215
9.479,156.298,45.057,0.115,21.892,1.908,-0.29,0.207549176650156,1450.77071352434,p4,3.1615987799638487
9.48275,155.77344,45.70117,0.11269,22.1311,1.90281,-0.3111,0.206580739505883,1440.12182182383,p4,3.1583992311980857
9.4894,154.84277,46.84473,0.1086,22.55469,1.89359,-0.34845,0.206527413401479,1439.53690152096,p4,3.1582228021918817
9.492,154.479,47.292,0.107,22.72,1.89,-0.363,0.204087822644412,1412.93888619293,p4,3.150123377727421
9.49245,154.43848,47.29724,0.10687,22.69629,1.88991,-0.36392,0.203473750004319,1406.29361676529,p4,3.1480760054833317
9.51302,152.5332,47.54041,0.101,21.62305,1.8858,-0.40683,0.202428415512274,1395.02750105445,p4,3.144582769214253
9.51817,152.05469,47.60144,0.09952,21.35352,1.88477,-0.41757,0.202087243360085,1391.36305851294,p4,3.143440468407168
9.527,151.235,47.706,0.097,20.892,1.883,-0.436,0.202009144517759,1390.52508821773,p4,3.1431788289256217
9.5342,150.50781,47.87122,0.0962,20.78638,1.8798,-0.4396,0.201570549510133,1385.82517335642,p4,3.1417084459788365
9.53581,150.34473,47.9082,0.09602,20.76282,1.87909,-0.44041,0.202739585962833,1398.37505748753,p4,3.1456236689429753
9.545,149.414,48.119,0.095,20.628,1.875,-0.445,0.202952794605199,1400.67174747272,p4,3.146336368715833
9.546,149.4174,48.08203,0.0994,21.10547,1.877,-0.45442,0.207349017664385,1448.56566956068,p4,3.1609381883774463
9.54618,149.41803,48.07532,0.1002,21.19141,1.87736,-0.45612,0.20742326364963,1449.38340531182,p4,3.1611832845641805
9.54994,149.43079,47.9364,0.11672,22.98145,1.88487,-0.49141,0.20531945952355,1426.32752074482,p4,3.1542192619253404
9.55,149.431,47.934,0.117,23.012,1.885,-0.492,0.205130523162572,1424.2684700075,p4,3.153591860124734
9.55588,150.16602,48.49414,0.11333,23.91992,1.885,-0.46628,0.204555348300673,1418.01173436656,p4,3.151679824746596
9.5564,150.23145,48.54395,0.113,24.00049,1.885,-0.46399,0.201910507835403,1389.46736916499,p4,3.142848352079215
9.558,150.431,48.696,0.112,24.247,1.885,-0.457,0.201233428880121,1382.21973882705,p4,3.1405770906315444
9.54597,150.3949,49.99902,0.10815,24.46948,1.87585,-0.45363,0.198884627738784,1357.26624700434,p4,3.1326650490325254
9.543,150.38602,50.32031,0.1072,24.52441,1.8736,-0.4528,0.199375898130227,1362.46125701232,p4,3.134324161513825
9.533,150.356,51.402,0.104,24.709,1.866,-0.45,0.199687707846416,1365.76517988632,p4,3.1353760362078376
9.53003,149.91992,52.09277,0.11017,24.6543,1.86326,-0.44932,0.200366013938697,1372.97032839665,p4,3.1376611516920745
9.5278,149.59277,52.61035,0.11479,24.6134,1.8612,-0.4488,0.200378982064015,1373.10831452678,p4,3.1377047969205893
9.52027,148.4873,54.36035,0.13043,24.47498,1.85425,-0.44706,0.201067340265166,1380.44567299705,p4,3.140019319789582
9.52,148.44701,54.424,0.131,24.47,1.854,-0.447,0.202555615572063,1396.39553384705,p4,3.145008451121314
9.50537,148.48883,54.9502,0.13881,24.2417,1.8548,-0.43919,0.20309420204167,1402.19654709207,p4,3.146808893327356
9.46646,148.60028,56.35156,0.15961,23.6333,1.85693,-0.4184,0.206780988449149,1442.31985329845,p4,3.1590615815476153
9.447,148.65601,57.053,0.17,23.329,1.858,-0.408,0.209189345369321,1468.91974542472,p4,3.1669980687165307
9.39948,149.32324,56.77808,0.18697,22.12207,1.87401,-0.37357,0.210715652701965,1485.93700561539,p4,3.1720003984598697
9.36856,149.75732,56.59912,0.19801,21.33691,1.88441,-0.35117,0.217783698652035,1566.35377186862,p4,3.1948898572229627
9.349,150.032,56.486,0.205,20.84,1.891,-0.337,0.229025086469548,1699.71779689137,p4,3.230376821715621
9.33368,150.73145,55.72754,0.22357,19.95312,1.89867,-0.337,0.240458089447225,1842.2382983161,p4,3.2653458066154357
9.30939,151.83789,54.52637,0.25299,18.55078,1.91081,-0.337,0.241310598913776,1853.14346416639,p4,3.267909042246044
9.28482,152.95801,53.31055,0.28278,17.12891,1.9231,-0.337,0.24747370715383,1933.12948612329,p4,3.2862609451953393
9.283,153.03999,53.221,0.285,17.025,1.924,-0.337,0.251993780968924,1993.07391006655,p4,3.2995234041389656
9.2838,154.46387,51.93848,0.297,14.74219,1.93719,-0.19434,0.256463515155802,2053.4176479356,p4,3.312477290211678
9.2844,155.53027,50.97852,0.30598,13.0332,1.94708,-0.0874,0.254811379733807,2030.98911723558,p4,3.3077075963062357
9.285,156.599,50.014,0.315,11.316,1.957,0.02,0.252984834924426,2006.36172326092,p4,3.30240923389587
9.2878,156.73438,50.29834,0.3156,10.62891,1.96361,0.03421,0.248173822381693,1942.34262746347,p4,3.2883258414791756
9.29089,156.88379,50.6123,0.31626,9.87109,1.97089,0.04987,0.245384329656508,1905.7860923315,p4,3.280074153315207
9.299,157.276,51.435,0.318,7.881,1.99,0.091,0.230390780631049,1716.37604525677,p4,3.234612444636329
9.30798,157.146,52.36133,0.31966,7.59863,1.99262,0.091,0.228995533443435,1699.35698621856,p4,3.230284621281797
9.35101,156.52441,56.79102,0.3276,6.24902,2.0052,0.091,0.225256349619623,1654.25761517855,p4,3.218603142543326
9.35464,156.47217,57.16211,0.32827,6.13574,2.00626,0.091,0.212903982957889,1510.54988601708,p4,3.1791350724521927
9.364,156.33701,58.126,0.33,5.842,2.009,0.091,0.212456789287197,1505.498781816,p4,3.1776804084367534
9.41968,154.80176,60.81445,0.33754,4.80469,2.02641,0.12291,0.20304828289373,1401.69970268653,p4,3.1466549812231075
9.4216,154.74902,60.90625,0.3378,4.76953,2.02701,0.12401,0.31735891127733,2981.22670826345,p4,3.4743950033402737
9.46,153.692,62.757,0.343,4.054,2.039,0.146,0.315004354880507,2941.69239569367,p4,3.4685972578418136
9.47928,152.42578,63.32227,0.34362,3.85181,2.05299,0.1886,0.299016405026757,2681.03330224039,p4,3.4283022085705
9.48477,152.06445,63.4834,0.3438,3.79395,2.05699,0.20081,0.299318640573704,2685.83461639545,p4,3.4290792669335266
9.522,149.62199,64.573,0.345,3.404,2.084,0.283,0.300153664526573,2699.12578848272,p4,3.4312231246346783
9.52294,149.4873,64.51758,0.34537,3.36108,2.08452,0.29022,0.303427416952746,2751.59166070398,p4,3.4395839845558265
9.5256,149.10352,64.36084,0.3464,3.23877,2.086,0.31067,0.304418646285309,2767.58902453075,p4,3.4421015996467395
9.53653,147.5293,63.71777,0.35065,2.73755,2.09207,0.39441,0.317930227990802,2990.86210048742,p4,3.4757963895013955
9.54,147.02901,63.513,0.352,2.578,2.094,0.421,0.323407105811642,3084.12616205707,p4,3.489132135385573
9.53887,147.69092,62.15723,0.35482,2.34924,2.0844,0.54358,0.327981132871192,3163.23667310698,p4,3.5001316870086936
9.5384,147.9668,61.59277,0.356,2.25391,2.0804,0.59467,0.325805493659009,3125.4689852353,p4,3.4949151936537963
9.538,148.201,61.115,0.357,2.173,2.077,0.638,0.323627000768287,3087.90352304038,p4,3.4896637229895635
9.53419,149.64062,61.83594,0.36653,2.06177,2.0878,0.65167,0.320125391304412,3028.05079513165,p4,3.4811631561187735
9.5308,150.91797,62.47559,0.375,1.96301,2.0974,0.66382,0.31454632423542,2934.0332256914,p4,3.467465027589312
9.526,152.73,63.381,0.387,1.823,2.111,0.681,0.282408410315537,2424.63722330484,p4,3.384646768215469
9.52606,152.54297,63.97266,0.38795,1.80725,2.11517,0.70044,0.288257445661995,2513.26478811159,p4,3.4002382466338616
9.5264,151.54785,67.11328,0.393,1.72351,2.13739,0.80334,0.257453092627103,2066.91913752308,p4,3.3153234863929097
9.52681,150.34766,70.90234,0.39909,1.62244,2.16415,0.92749,0.237855229196317,1809.17942544395,p4,3.2574816401688578
9.527,149.772,72.717,0.402,1.574,2.177,0.987,0.199076896520362,1359.29627895813,p4,3.133314128029457
9.5332,145.97656,73.56055,0.4028,1.54834,2.18401,1.04834,0.156119784266588,954.16071400643,p4,2.9796215312320644
9.5452,138.63281,75.18945,0.40435,1.49884,2.19754,1.16675,0.171868161501857,1091.30876338947,p4,3.037947642673463
9.558,130.79201,76.928,0.406,1.446,2.212,1.293,0.185124681894803,1216.96519597453,p4,3.085278158006279
9.56549,128.19141,76.0752,0.41016,1.36359,2.21242,1.31088,0.191535140849182,1281.07634643944,p4,3.107575012531058
9.57241,125.78711,75.28613,0.414,1.28748,2.2128,1.32741,0.188453967832069,1249.98894658975,p4,3.0969061726430147
9.576,124.536,74.877,0.416,1.248,2.213,1.336,0.185105289262061,1216.77435137999,p4,3.085210046564716
9.5818,124.07275,75.05396,0.41919,1.248,2.21213,1.39893,0.180704712266065,1174.03174473529,p4,3.0696798399924954
9.58801,123.57715,75.24341,0.4226,1.248,2.2112,1.46625,0.182357744215672,1189.96701295883,p4,3.0755349224946156
9.596,122.938,75.488,0.427,1.248,2.21,1.553,0.184383248807261,1209.69081644669,p4,3.082674383647479
9.60428,123.3252,75.44446,0.43024,1.25502,2.20946,1.55858,0.189945898506458,1264.97890709706,p4,3.1020832839247006
9.61438,123.79688,75.39124,0.4342,1.2636,2.2088,1.56538,0.191139783573889,1277.05935220019,p4,3.106211081863287
9.642,125.084,75.246,0.445,1.287,2.207,1.584,0.193404330706547,1300.18126581408,p4,3.1140039040414216
9.642,125.20605,75.18262,0.44459,1.28817,2.20762,1.60242,0.205868175728559,1432.3161819941,p4,3.156038898515148
9.642,125.43848,75.06152,0.4438,1.29041,2.2088,1.63782,0.206761338534077,1442.10171262341,p4,3.158995892611748
9.642,126.7583,74.37549,0.43933,1.30307,2.21551,1.83826,0.213266130735953,1514.64666989311,p4,3.180311334348349
9.642,126.855,74.325,0.439,1.304,2.216,1.853,0.213423550892523,1516.43014890307,p4,3.180822410265132
9.65321,125.99463,73.75342,0.42699,1.312,2.2208,1.95789,0.214779882434405,1531.85107691952,p4,3.185216546226201
9.65348,125.97314,73.73901,0.4267,1.3122,2.22092,1.96045,0.20871777710041,1463.68463672401,p4,3.16544751436981
9.656,125.78,73.611,0.424,1.314,2.222,1.984,0.207665837498558,1452.0546321673,p4,3.161982956586144
9.6578,124.18066,73.86658,0.4228,1.33319,2.2214,2.04224,0.204674052243686,1419.29933507306,p4,3.152073999305839
9.65811,123.90332,73.91089,0.42259,1.33652,2.2213,2.05231,0.197744365515421,1345.25575738761,p4,3.128804859403771
9.659,123.114,74.037,0.422,1.346,2.221,2.081,0.19416316729789,1307.99021651244,p4,3.1166044955703955
9.66821,122.34863,74.4834,0.43079,1.36798,2.2206,2.15857,0.186792752944657,1233.43768264835,p4,3.091117212386257
9.67281,121.96484,74.70703,0.4352,1.379,2.2204,2.19739,0.188253637891555,1247.98557619281,p4,3.0962095659425026
9.682,121.199,75.153,0.444,1.401,2.22,2.275,0.1904309013655,1269.87763193952,p4,3.103761873448974
9.71002,121.68164,75.16843,0.44962,1.3942,2.21359,2.275,0.19402185419168,1306.53368083067,p4,3.1161206097850176
9.75214,122.40527,75.19159,0.45802,1.38396,2.20396,2.275,0.183330994548003,1199.4172459921,p4,3.078970289111863
9.822,123.607,75.23,0.472,1.367,2.188,2.275,0.186782390731776,1233.33494139334,p4,3.0910810355941964
9.92578,125.58203,75.25967,0.48058,1.36505,2.18371,2.43384,0.188454794505654,1249.99756861189,p4,3.096909168256483
10.03479,127.6582,75.29083,0.4896,1.363,2.1792,2.60071,0.19699851960903,1337.43828044715,p4,3.1262737495121824
10.088,128.66901,75.306,0.494,1.362,2.177,2.682,0.195108706014103,1317.76304242022,p4,3.1198373232919288
10.088,128.95068,74.87549,0.49478,1.34503,2.17491,2.70337,0.206790001925798,1442.41626126744,p4,3.1590906098173055
10.088,129.31787,74.31543,0.4958,1.323,2.1722,2.7312,0.208361752413323,1459.74171554456,p4,3.16427601918382
10.088,129.75101,73.655,0.497,1.297,2.169,2.764,0.212076577654476,1501.21192835657,p4,3.176442006579611
10.05115,129.61963,73.54541,0.49677,1.29031,2.1683,2.77573,0.219358723788771,1584.63204867196,p4,3.199928435145177
9.9624,129.30273,73.28174,0.4962,1.2742,2.1666,2.80399,0.219671047680638,1588.27277964367,p4,3.2009250928771875
9.7821,128.65918,72.74561,0.49505,1.24146,2.16316,2.86142,0.220456583573275,1597.4528639356,p4,3.2034280522860357
9.774,128.63,72.722,0.495,1.24,2.163,2.864,0.222881255005877,1625.99484269976,p4,3.211119163773063
9.76239,128.98047,72.75366,0.4956,1.2366,2.15678,2.88403,0.223527583292651,1633.65593234564,p4,3.2131605941681736
9.72589,130.08154,72.85303,0.49749,1.22591,2.13728,2.94693,0.225517044067251,1657.37629869117,p4,3.2194211239240937
9.716,130.381,72.88,0.498,1.223,2.132,2.964,0.225855972925133,1661.43820881153,p4,3.2204841939016977
9.7241,131.6416,73.11157,0.5088,1.17572,2.11241,2.97615,0.226387491037184,1667.82075725106,p4,3.2221493746472603
9.72561,131.875,73.15454,0.5108,1.16696,2.1088,2.9784,0.225078545373931,1652.13002005165,p4,3.218044222626602
9.728,132.248,73.223,0.514,1.153,2.103,2.982,0.224824129531433,1649.09092726109,p4,3.217244602351039
9.73571,133.21387,73.56152,0.5253,1.153,2.0917,3.02722,0.22351472446503,1633.50346210023,p4,3.2131200592702456
9.737,133.37598,73.61841,0.5272,1.153,2.0898,3.03482,0.216219360078014,1548.32433181173,p4,3.189861938751532
9.743,134.129,73.882,0.536,1.153,2.081,3.07,0.214959635144187,1533.90229687562,p4,3.185797697762166
9.74403,134.81055,74.35156,0.53223,1.16774,2.07209,3.07,0.201109018259944,1380.88864768195,p4,3.1401586592831627
9.7442,134.92383,74.43018,0.5316,1.1702,2.0706,3.07,0.202453019781621,1395.29016177745,p4,3.144664532021741
9.746,136.11501,75.253,0.525,1.196,2.055,3.07,0.202752328579327,1398.51056505338,p4,3.145665751599253
9.71405,136.44043,75.23334,0.52631,1.21024,2.0504,3.05023,0.209147925783232,1468.45762632299,p4,3.1668614190783537
9.70691,136.5127,75.22894,0.5266,1.21344,2.04938,3.04584,0.209353040876009,1470.73711654035,p4,3.1675350527148023
9.55585,138.05078,75.13599,0.5328,1.28085,2.02768,2.95203,0.260074605674216,2102.94171934743,p4,3.3228272368724636
9.551,138.10001,75.133,0.533,1.283,2.027,2.949,0.261449131670891,2121.97559821778,p4,3.326740385399299
9.54478,139.05615,72.69336,0.54623,1.32968,2.00755,2.8681,0.273513649245764,2293.34376824147,p4,3.3604691595969736
9.5446,139.0835,72.62305,0.54661,1.33102,2.007,2.86575,0.291968932984412,2570.44370758227,p4,3.4100080973086393
9.543,139.32899,71.997,0.55,1.343,2.002,2.845,0.292693751188708,2581.69581267619,p4,3.4119050703631624
9.4743,139.979,71.06787,0.55058,1.34415,1.98122,2.82018,0.3051441855198,2779.33097717045,p4,3.4439402678999618
9.47162,140.00488,71.03076,0.5506,1.3442,1.98039,2.8192,0.300778282937169,2709.09048754765,p4,3.432823511340407
9.424,140.455,70.387,0.551,1.345,1.966,2.802,0.300459972787243,2704.00884166116,p4,3.432008107342962
9.40128,140.87402,70.49915,0.54131,1.34649,1.97829,2.80908,0.29346695077006,2593.72931285238,p4,3.413924650210429
9.3996,140.90479,70.50732,0.5406,1.3466,1.97919,2.8096,0.278081128735087,2360.23845967077,p4,3.372955882837679
9.363,141.58,70.688,0.525,1.349,1.999,2.821,0.275083030028505,2316.20284728961,p4,3.364776591152481
9.36451,141.07324,71.375,0.52248,1.33344,2.02985,2.83728,0.202456550575395,1395.32810135847,p4,3.1446763408390925
9.3648,140.97363,71.50781,0.522,1.33038,2.03589,2.84045,0.19965525273068,1365.41906537589,p4,3.1352659626212227
