DEPTH;CAL;DT;GR;NPHI;ILD;RHOB;SP;porosite;K
1132.02722;11.35504;144.35498;85.66113;0.50875;0.67578;2.1385;7.3613;0.211634235299052;1496.22552938727
1132.17957;11.42816;143.9624;83.76367;0.5061;0.67456;2.15252;7.34058;0.217966816698396;1568.458647672
1132.19995;11.43793;143.90991;83.50977;0.50575;0.6744;2.1544;7.3378;0.218750312985321;1577.54369308649
1132.20007;11.43799;143.90967;83.50879;0.50575;0.6744;2.1544;7.33778;0.218754545283843;1577.59285755294
1132.25;11.462;143.78101;82.887;0.50488;0.674;2.159;7.331;0.220609604138241;1599.23359664699
1132.27979;11.46915;143.68042;82.63086;0.50445;0.67495;2.15745;7.32336;0.22175865931173;1612.72999841564
1132.27979;11.46915;143.68042;82.63086;0.50445;0.67495;2.15745;7.32336;0.22175865931173;1612.72999841564
1132.33203;11.48169;143.50366;82.18359;0.5037;0.67662;2.15474;7.31;0.223741426015722;1636.183764836
1132.40002;11.49799;143.27393;81.60059;0.50272;0.6788;2.1512;7.2926;0.226281695035903;1666.53719444256
1132.48438;11.51825;142.98877;80.87793;0.5015;0.6815;2.14681;7.271;0.229361258248029;1703.79412396007
1132.5;11.522;142.936;80.744;0.50127;0.682;2.146;7.267;0.229922472459949;1710.6380140135
1132.53455;11.50299;143.04785;81.15723;0.49963;0.682;2.14255;7.26038;0.228344476929526;1691.43734402058
1132.53455;11.50299;143.04785;81.15723;0.49963;0.682;2.14255;7.26038;0.228344476929526;1691.43734402058
1132.59998;11.46716;143.25952;81.93945;0.49653;0.682;2.13601;7.24782;0.225286645922655;1654.60677671358
1132.6001;11.4671;143.26001;81.94141;0.49652;0.682;2.13599;7.24779;0.225278750146332;1654.51231738898
1132.63684;11.44696;143.37891;82.38086;0.49478;0.682;2.13232;7.24074;0.223517270819733;1633.52201740632
1132.75;11.385;143.745;83.734;0.48941;0.682;2.121;7.219;0.217887216454959;1567.53759090347
1132.78906;11.33911;143.93555;83.82446;0.48919;0.67982;2.11882;7.23618;0.217758618164196;1566.05006696011
1132.78906;11.33911;143.93555;83.82446;0.48919;0.67982;2.11882;7.23618;0.217758618164196;1566.05006696011
1132.78918;11.33887;143.93604;83.82471;0.48919;0.67981;2.11881;7.23624;0.217758895445856;1566.05327334236
1132.80005;11.32617;143.98926;83.8501;0.48913;0.6792;2.1182;7.241;0.21772247993538;1565.63220640437
1132.94165;11.15967;144.68018;84.17847;0.48835;0.67127;2.11027;7.30331;0.21723887245752;1560.04700452849
1133;11.091;144.965;84.314;0.48803;0.668;2.107;7.329;0.217029700735345;1557.63511976725
1133.0437;11.07492;144.96133;83.87988;0.4897;0.66537;2.1063;7.31766;0.219491857760128;1586.17248337149
1133.0437;11.07492;144.96133;83.87988;0.4897;0.66537;2.1063;7.31766;0.219491857760128;1586.17248337149
1133.09399;11.0564;144.95709;83.37988;0.49163;0.66236;2.1055;7.30457;0.222298053562193;1619.08993275518
1133.19995;11.01743;144.94821;82.32617;0.49569;0.656;2.1038;7.27704;0.228109267487539;1688.5867174667
1133.20007;11.01736;144.9482;82.3252;0.49569;0.65599;2.1038;7.27701;0.22811340888523;1688.63688399101
1133.24646;11.00031;144.94431;81.86426;0.49747;0.65321;2.10306;7.26492;0.230613884063165;1719.0926505713
1133.25;10.999;144.944;81.829;0.4976;0.653;2.103;7.264;0.230803003811801;1721.40963309164
1133.29822;10.97571;144.82031;81.59814;0.49982;0.65203;2.10358;7.24374;0.232224928363915;1738.89106587109
1133.29822;10.97571;144.82031;81.59814;0.49982;0.65203;2.10358;7.24374;0.232224928363915;1738.89106587109
1133.3988;10.927;144.56201;81.11572;0.50447;0.65002;2.10478;7.20151;0.2351859350461;1775.63887941005
1133.40002;10.92639;144.55884;81.10986;0.50452;0.65;2.1048;7.20099;0.235219384010224;1776.05665981249
1133.5;10.878;144.302;80.63;0.50914;0.648;2.106;7.159;0.238142878619261;1812.80090005818
1133.55115;10.95227;144.22339;80.75781;0.50932;0.65189;2.10518;7.1637;0.237754547392016;1807.89411015403
1133.55298;10.95496;144.22058;80.76221;0.50933;0.65203;2.10515;7.16387;0.237742315582341;1807.73968488446
1133.55298;10.95496;144.22058;80.76221;0.50933;0.65203;2.10515;7.16387;0.237742315582341;1807.73968488446
1133.59998;11.02319;144.14844;80.87988;0.5095;0.6556;2.1044;7.1682;0.237382520956223;1803.20084917435
1133.6001;11.02332;144.14819;80.88013;0.5095;0.65561;2.1044;7.16821;0.237381420462639;1803.18697682346
1133.70361;11.17358;143.98914;81.13892;0.50987;0.66348;2.10274;7.17773;0.236581190515367;1793.11670276802
1133.75;11.241;143.918;81.255;0.51004;0.667;2.102;7.182;0.236218598092018;1788.56494890281
1133.80005;11.27985;144.04858;81.60498;0.51023;0.667;2.103;7.20538;0.234707394499963;1769.6690179556
1133.80774;11.28583;144.0686;81.65918;0.51026;0.667;2.10316;7.20898;0.234471092987948;1766.72529283184
1133.80774;11.28583;144.0686;81.65918;0.51026;0.667;2.10316;7.20898;0.234471092987948;1766.72529283184
1133.85596;11.32324;144.19434;81.99658;0.51044;0.667;2.10412;7.23157;0.232993093429789;1748.38039494506
1134;11.435;144.57001;83.006;0.51098;0.667;2.107;7.299;0.228461585397619;1692.85847815424
1134.00842;11.435;144.58765;83.06836;0.51116;0.6667;2.1076;7.3002;0.228157430062416;1689.17088373197
1134.06226;11.435;144.69995;83.4707;0.51232;0.66476;2.11148;7.30795;0.226178451459833;1665.29761782626
1134.06226;11.435;144.69995;83.4707;0.51232;0.66476;2.11148;7.30795;0.226178451459833;1665.29761782626
1134.16077;11.435;144.90552;84.20703;0.51445;0.66121;2.11858;7.32214;0.222491015909724;1621.36929756025
1134.19995;11.435;144.98755;84.5;0.51529;0.6598;2.1214;7.32777;0.220997741776161;1603.78537546833
1134.20007;11.435;144.98779;84.50098;0.51529;0.6598;2.12141;7.3278;0.220991963421554;1603.71756296972
1134.25;11.435;145.092;84.874;0.51637;0.658;2.125;7.335;0.219071983685077;1581.2836003141
1134.31323;11.42969;145.13245;85.56738;0.51909;0.658;2.13107;7.335;0.215637356618246;1541.64018330447
1134.31689;11.42938;145.13477;85.60742;0.51925;0.658;2.13142;7.335;0.215436946439338;1539.34633650197
1134.31689;11.42938;145.13477;85.60742;0.51925;0.658;2.13142;7.335;0.215436946439338;1539.34633650197
1134.40002;11.4224;145.18799;86.51855;0.52283;0.658;2.1394;7.335;0.210774182795323;1486.57954375472
1134.46558;11.41689;145.22992;87.2373;0.52565;0.658;2.1457;7.335;0.206973805921718;1444.42605371181
1134.5;11.414;145.252;87.614;0.52713;0.658;2.149;7.335;0.204938430284571;1422.16520284194
1134.57141;11.38342;145.13489;86.64453;0.52959;0.66171;2.15242;7.33385;0.210142701867694;1479.52214936017
1134.57141;11.38342;145.13489;86.64453;0.52959;0.66171;2.15242;7.33385;0.210142701867694;1479.52214936017
1134.59998;11.37122;145.08801;86.25684;0.53057;0.6632;2.15379;7.3334;0.212167607333523;1502.2275705119
1134.6001;11.37115;145.08789;86.25488;0.53057;0.6632;2.1538;7.3334;0.212176282002882;1502.3253083334
1134.61804;11.36346;145.05847;86.01172;0.53119;0.66414;2.15466;7.33311;0.21343180932914;1516.51357035894
1134.75;11.307;144.842;84.22;0.53574;0.671;2.161;7.331;0.22232694417453;1619.43169738624
1134.77039;11.2951;144.67285;83.71484;0.53542;0.67222;2.16174;7.32324;0.224435215016481;1644.44063606903
1134.80005;11.27777;144.42871;82.98242;0.53495;0.674;2.1628;7.31198;0.227403679228021;1680.05358259001
1134.82617;11.26251;144.21289;82.33594;0.53454;0.67557;2.16374;7.30203;0.229940293936007;1710.85636449858
1134.82617;11.26251;144.21289;82.33594;0.53454;0.67557;2.16374;7.30203;0.229940293936007;1710.85636449858
1134.92285;11.20605;143.41406;79.94336;0.53301;0.68137;2.16722;7.26529;0.238686025167834;1819.67800370144
1135;11.161;142.778;78.035;0.5318;0.686;2.17;7.236;0.245006254861699;1900.84780137789
1135.0752;11.17363;142.70215;77.22852;0.52468;0.6848;2.15677;7.22757;0.247781914041198;1937.16550052619
1135.08081;11.17458;142.69641;77.16797;0.52415;0.68471;2.15578;7.22694;0.247987683520707;1939.87414973678
1135.08081;11.17458;142.69641;77.16797;0.52415;0.68471;2.15578;7.22694;0.247987683520707;1939.87414973678
1135.19995;11.19458;142.57629;75.88965;0.51287;0.6828;2.13481;7.2136;0.252210140727443;1995.95297610001
1135.20007;11.19461;142.57617;75.8877;0.51286;0.6828;2.1348;7.21358;0.252215328201315;1996.02245358718
1135.22754;11.19922;142.54858;75.59375;0.51025;0.68236;2.12996;7.21051;0.253156200133213;2008.64750316144
1135.25;11.203;142.526;75.352;0.50813;0.682;2.126;7.208;0.253926915797446;2019.02434421811
1135.33545;11.1907;143.11182;75.90234;0.50971;0.67311;2.12019;7.21757;0.253542352344982;2013.84263914214
1135.33545;11.1907;143.11182;75.90234;0.50971;0.67311;2.12019;7.21757;0.253542352344982;2013.84263914214
1135.38;11.18428;143.41748;76.18945;0.51054;0.66848;2.11716;7.22256;0.253320797850089;2010.86092382013
1135.40002;11.1814;143.55469;76.31836;0.51091;0.6664;2.1158;7.2248;0.253215429469394;2009.44377408088
1135.5;11.167;144.24001;76.962;0.51276;0.656;2.109;7.236;0.252643557838097;2001.76268218014
1135.53235;11.14716;144.31421;77.24609;0.50968;0.6525;2.10991;7.2435;0.250675885239151;1975.46648543509
1135.58997;11.11188;144.44653;77.75195;0.5042;0.64629;2.11152;7.25687;0.247168977056515;1929.10954421602
1135.58997;11.11188;144.44653;77.75195;0.5042;0.64629;2.11152;7.25687;0.247168977056515;1929.10954421602
1135.59998;11.10577;144.46948;77.83984;0.50325;0.6452;2.1118;7.25919;0.246559413228916;1921.1184984232
1135.6001;11.10571;144.46973;77.84082;0.50324;0.64519;2.1118;7.25922;0.246553207849822;1921.03725086004
1135.68481;11.05383;144.66431;78.58496;0.49519;0.63604;2.11417;7.27887;0.241380969151409;1854.02779856601
1135.75;11.014;144.814;79.157;0.489;0.629;2.116;7.294;0.237391449941771;1803.31169526316
1135.80005;10.98175;145.25;79.66699;0.4881;0.6268;2.1178;7.27979;0.235117026058445;1774.77690358913
1135.83716;10.95782;145.57324;80.04395;0.48743;0.62516;2.11914;7.26923;0.233414228799916;1753.59352800237
1135.84448;10.95312;145.6377;80.11816;0.4873;0.62484;2.1194;7.26715;0.233078291228022;1749.4325360894
1135.84448;10.95312;145.6377;80.11816;0.4873;0.62484;2.1194;7.26715;0.233078291228022;1749.4325360894
1135.98962;10.85962;146.90137;81.59375;0.48469;0.61846;2.12463;7.22595;0.226238402323149;1666.01548989764
1136;10.853;146.992;81.699;0.4845;0.618;2.125;7.223;0.225739592630474;1660.02936707913
1136.09924;10.853;148.97852;80.91699;0.48616;0.62634;2.12381;7.20157;0.230067096265653;1712.40307677088
1136.09924;10.853;148.97852;80.91699;0.48616;0.62634;2.12381;7.20157;0.230067096265653;1712.40307677088
1136.14197;10.853;149.83398;80.58008;0.48688;0.62992;2.1233;7.19234;0.231914050143635;1735.05867772026
1136.19995;10.853;150.99414;80.12402;0.48785;0.63479;2.1226;7.17982;0.234397949447781;1765.81298375974
1136.20007;10.853;150.99609;80.12305;0.48785;0.6348;2.1226;7.17979;0.234402313824106;1765.86730941422
1136.25;10.853;151.994;79.729;0.48869;0.639;2.122;7.169;0.236531540886142;1792.49155453957
1136.29443;10.8988;152.01801;79.71088;0.48876;0.64024;2.11987;7.16598;0.236914218173157;1797.30218849332
1136.354;10.95996;152.05017;79.68655;0.48886;0.64191;2.11701;7.16193;0.237429829363213;1803.79623168428
1136.354;10.95996;152.05017;79.68655;0.48886;0.64191;2.11701;7.16193;0.237429829363213;1803.79623168428
1136.40002;11.00732;152.07501;79.66779;0.48893;0.6432;2.1148;7.1588;0.237826344809553;1808.7998855463
1136.44678;11.0553;152.10028;79.64871;0.489;0.64451;2.11256;7.15562;0.238228422462149;1813.88225492152
1136.5;11.11;152.129;79.627;0.48909;0.646;2.11;7.152;0.238690354108052;1819.73179167259
1136.59924;11.12944;147.30078;80.49902;0.49272;0.64997;2.11079;7.16907;0.23465727955745;1769.04339813225
1136.59998;11.12959;147.26562;80.50586;0.49274;0.65;2.1108;7.16919;0.234623383273942;1768.62104362034
1136.6001;11.12961;147.26172;80.50684;0.49275;0.65;2.1108;7.1692;0.234620921149243;1768.5903676488
1136.60852;11.13127;146.85156;80.58105;0.49306;0.65034;2.11087;7.17065;0.234273512900028;1764.26515690525
1136.60852;11.13127;146.85156;80.58105;0.49306;0.65034;2.11087;7.17065;0.234273512900028;1764.26515690525
1136.75;11.159;139.97099;81.825;0.49823;0.656;2.112;7.195;0.228343978604299;1691.4310625331
1136.75159;11.1579;140.00977;81.83545;0.49826;0.65603;2.11199;7.19617;0.22832089888869;1691.15121937619
1136.80005;11.12378;141.18359;82.13965;0.49924;0.657;2.1116;7.23242;0.227691041184131;1683.5250856645
1136.86316;11.07935;142.71289;82.53662;0.50051;0.65826;2.11109;7.27966;0.226832952780436;1673.1694913932
1136.86316;11.07935;142.71289;82.53662;0.50051;0.65826;2.11109;7.27966;0.226832952780436;1673.1694913932
1136.90405;11.05054;143.70312;82.79346;0.50134;0.65908;2.11077;7.31024;0.226258342457467;1666.2568245192
1137;10.983;146.02901;83.396;0.50328;0.661;2.11;7.382;0.224847132251801;1649.35410061363
1137.0564;10.9491;147.61719;82.83105;0.50063;0.65897;2.11;7.39035;0.227147640468108;1676.96295683375
1137.11768;10.91235;149.3457;82.2168;0.49774;0.65676;2.11;7.39943;0.229581006537738;1706.47211575319
1137.11768;10.91235;149.3457;82.2168;0.49774;0.65676;2.11;7.39943;0.229581006537738;1706.47211575319
1137.19995;10.86298;151.66406;81.3916;0.49386;0.6538;2.11;7.41161;0.232745059097289;1745.31246289002
1137.20007;10.86292;151.66602;81.39062;0.49385;0.6538;2.11;7.41162;0.232747126623582;1745.33801642557
1137.20874;10.85773;151.91016;81.30371;0.49345;0.65348;2.11;7.4129;0.233075785302509;1749.40298265162
1137.25;10.833;153.07401;80.889;0.4915;0.652;2.11;7.419;0.23461576111474;1768.52634954302
1137.36121;10.85437;154.13672;79.92773;0.48795;0.6431;2.11356;7.40877;0.237356977786334;1802.87799610805
1137.37244;10.85652;154.24316;79.83105;0.48759;0.6422;2.11392;7.40773;0.237622163002251;1806.2223382332
1137.37244;10.85652;154.24316;79.83105;0.48759;0.6422;2.11392;7.40773;0.237622163002251;1806.2223382332
1137.40002;10.86182;154.50684;79.5918;0.48671;0.64;2.1148;7.40519;0.238275662010051;1814.47977954126
1137.5;10.881;155.461;78.729;0.48352;0.632;2.118;7.396;0.240542486767438;1843.29851560161
1137.51355;10.881;155.29785;78.93359;0.48369;0.63227;2.11909;7.39339;0.239626737983735;1831.623343955
1137.59998;10.881;154.26074;80.24023;0.48475;0.634;2.126;7.3768;0.233668345322704;1756.74543952918
1137.6001;10.881;154.25879;80.24219;0.48475;0.634;2.12601;7.37677;0.23365877143998;1756.62664344433
1137.6272;10.881;153.93359;80.65234;0.48509;0.63454;2.12817;7.37157;0.231750378790789;1733.0438537065
1137.6272;10.881;153.93359;80.65234;0.48509;0.63454;2.12817;7.37157;0.231750378790789;1733.0438537065
1137.66602;10.881;153.46777;81.24023;0.48556;0.63532;2.13128;7.36412;0.228972897526414;1699.06694948227
1137.75;10.881;152.46001;82.512;0.4866;0.637;2.138;7.348;0.222820831358169;1625.26740748923
1137.80005;10.85431;150.28516;83.06152;0.48816;0.6362;2.14581;7.33859;0.219248121648765;1583.33191943833
1137.81836;10.8446;149.49219;83.2627;0.48873;0.6359;2.14867;7.33514;0.217934810611062;1568.08701522187
1137.88171;10.81091;146.73828;83.95898;0.4907;0.63489;2.15855;7.32324;0.213363285846769;1515.73511431919
1137.88171;10.81091;146.73828;83.95898;0.4907;0.63489;2.15855;7.32324;0.213363285846769;1515.73511431919
1137.97083;10.76349;142.86719;84.9375;0.49347;0.63346;2.17245;7.30649;0.206868600608829;1443.26802360475
1138;10.748;141.597;85.258;0.49438;0.633;2.177;7.301;0.204723672330084;1419.82716046238
1138.12317;10.68201;141.21899;85.96338;0.49114;0.63349;2.17158;7.35519;0.201240618501715;1382.28322207285
1138.13623;10.67499;141.17896;86.03809;0.4908;0.63354;2.17101;7.36093;0.200866824849878;1378.29236812979
1138.13623;10.67499;141.17896;86.03809;0.4908;0.63354;2.17101;7.36093;0.200866824849878;1378.29236812979
1138.19995;10.64081;140.9834;86.40283;0.48913;0.6338;2.1682;7.38898;0.199028280319889;1358.77092022433
1138.20007;10.64075;140.98315;86.40381;0.48912;0.6338;2.16819;7.38901;0.199022394179139;1358.70871000387
1138.25;10.614;140.83;86.69;0.48781;0.634;2.166;7.411;0.197561052308928;1343.32085106646
1138.27563;10.59534;140.93115;86.64087;0.48559;0.63369;2.16457;7.42291;0.197482121128599;1342.49288808411
1138.39087;10.51147;141.38672;86.42114;0.47559;0.63231;2.15811;7.47638;0.197105929528522;1338.55131537942
1138.39087;10.51147;141.38672;86.42114;0.47559;0.63231;2.15811;7.47638;0.197105929528522;1338.55131537942
1138.40002;10.50482;141.42285;86.40356;0.47479;0.6322;2.1576;7.48059;0.197073886430475;1338.2159299059
1138.42798;10.48444;141.5332;86.35034;0.47237;0.63186;2.15603;7.49359;0.196979693103978;1337.23035100791
1138.5;10.432;141.81799;86.213;0.46611;0.631;2.152;7.527;0.196723976740393;1334.55707990037
1138.58044;10.3905;142.10254;85.40625;0.46413;0.62811;2.15361;7.54179;0.199841216919418;1367.37977452978
1138.59998;10.38037;142.17163;85.20996;0.46365;0.6274;2.154;7.54538;0.200578770008609;1375.22125871923
1138.6001;10.38031;142.17212;85.20898;0.46364;0.6274;2.154;7.54541;0.20058089783301;1375.24392279722
1138.64551;10.35693;142.33252;84.75293;0.46252;0.62576;2.15491;7.55376;0.202261216154152;1393.21671590962
1138.64551;10.35693;142.33252;84.75293;0.46252;0.62576;2.15491;7.55376;0.202261216154152;1393.21671590962
1138.73279;10.31189;142.64111;83.87695;0.46037;0.62262;2.15666;7.56982;0.205369050992963;1426.85341091467
1138.75;10.303;142.702;83.704;0.45995;0.622;2.157;7.573;0.205966341446405;1433.37675802287
1138.80005;10.29919;143.17969;84.13281;0.45901;0.622;2.1606;7.54456;0.20361669756864;1407.82407119442
1138.88525;10.29272;143.99316;84.8623;0.4574;0.622;2.16674;7.49615;0.199566212046777;1364.46283046124
1138.90027;10.29158;144.13672;84.99023;0.45711;0.622;2.16782;7.48761;0.198847396756287;1356.85879847433
1138.90027;10.29158;144.13672;84.99023;0.45711;0.622;2.16782;7.48761;0.198847396756287;1356.85879847433
1139;10.284;145.088;85.844;0.45523;0.622;2.175;7.431;0.194013489164122;1306.43570042615
1139.0376;10.26987;145.54395;86.05908;0.45491;0.62996;2.17455;7.38135;0.19314465651832;1297.5045771786
1139.15479;10.2258;146.96484;86.72754;0.45392;0.6548;2.17314;7.22668;0.190385453131563;1269.40721099831
1139.15479;10.2258;146.96484;86.72754;0.45392;0.6548;2.17314;7.22668;0.190385453131563;1269.40721099831
1139.18994;10.21259;147.3916;86.92822;0.45362;0.66226;2.17272;7.1803;0.18953729424382;1260.85150571026
1139.19995;10.20883;147.51367;86.98535;0.45353;0.66438;2.1726;7.16711;0.18929337277844;1258.39804701905
1139.20007;10.20877;147.51465;86.98633;0.45353;0.6644;2.1726;7.16687;0.18928900080073;1258.35410038262
1139.25;10.19;148.121;87.271;0.45311;0.675;2.172;7.101;0.18806891726548;1246.12972017506
1139.34241;10.19369;146.06445;88.19336;0.45504;0.68461;2.16756;7.04333;0.183968994200577;1205.62999090392
1139.40002;10.196;144.7832;88.76758;0.45624;0.69061;2.1648;7.00739;0.181313841893397;1179.87815549046
1139.40942;10.19637;144.57422;88.86133;0.45644;0.69158;2.16435;7.00153;0.180873553807742;1175.64406762571
1139.40942;10.19637;144.57422;88.86133;0.45644;0.69158;2.16435;7.00153;0.180873553807742;1175.64406762571
1139.49475;10.19979;142.67773;89.71289;0.45822;0.70045;2.16025;6.9483;0.176766219099786;1136.6412784296
1139.5;10.2;142.561;89.765;0.45833;0.701;2.16;6.945;0.176508748143704;1134.22620132871
1139.59998;10.14526;142.15088;91.38672;0.46396;0.6994;2.168;6.945;0.167699445641233;1053.71533024671
1139.6001;10.1452;142.15039;91.38867;0.46397;0.6994;2.16801;6.945;0.167689041327931;1053.62267864486
1139.64722;10.11938;141.95703;92.15234;0.46662;0.69864;2.17178;6.945;0.163292709763627;1014.98720059749
1139.66394;10.11023;141.88867;92.42188;0.46757;0.69838;2.17312;6.945;0.161702760738594;1001.26725774195
1139.66394;10.11023;141.88867;92.42188;0.46757;0.69838;2.17312;6.945;0.161702760738594;1001.26725774195
1139.75;10.063;141.535;93.816;0.47241;0.697;2.18;6.945;0.15311568548814;929.48828409628
1139.79956;10.07843;141.16699;94.42578;0.47333;0.69324;2.18238;6.9448;0.148962686497642;896.178335696081
1139.80005;10.07858;141.16309;94.43164;0.47334;0.6932;2.1824;6.9448;0.148922610433447;895.861359529794
1139.9187;10.1156;140.28125;95.89258;0.47553;0.68418;2.1881;6.94433;0.138482150534576;816.189313141773
1139.9187;10.1156;140.28125;95.89258;0.47553;0.68418;2.1881;6.94433;0.138482150534576;816.189313141773
1139.95203;10.12601;140.03418;96.30371;0.47614;0.68165;2.1897;6.94419;0.135412076585713;793.862641245652
1140;10.141;139.677;96.894;0.47703;0.678;2.192;6.944;0.130898163387458;761.944816468387
1140.10437;10.11218;139.81897;96.6062;0.46932;0.678;2.19033;6.92522;0.131992397262108;769.58266823728
1140.17346;10.09311;139.91296;96.41553;0.46422;0.678;2.18922;6.91278;0.132682083827814;774.42940477747
1140.17346;10.09311;139.91296;96.41553;0.46422;0.678;2.18922;6.91278;0.132682083827814;774.42940477747
1140.19995;10.08582;139.94897;96.34229;0.46227;0.678;2.1888;6.90802;0.13294024081678;776.25008539555
1140.20007;10.08578;139.9491;96.34204;0.46226;0.678;2.1888;6.90799;0.132940456032147;776.25160457304
1140.25;10.072;140.017;96.204;0.45857;0.678;2.188;6.899;0.133413845674352;779.599435169224
1140.25684;10.06042;140.06299;96.28418;0.45797;0.67797;2.18762;6.89539;0.132781035980734;775.126786636034
1140.40002;9.81702;141.02881;97.95996;0.44531;0.6774;2.1796;6.81976;0.119087716539033;683.552217630845
1140.40918;9.80139;141.09033;98.06641;0.4445;0.67736;2.17909;6.81494;0.118186256585526;677.873002781545
1140.42798;9.76941;141.21729;98.28711;0.44285;0.67729;2.17804;6.80505;0.116308517324708;666.181773439018
1140.42798;9.76941;141.21729;98.28711;0.44285;0.67729;2.17804;6.80505;0.116308517324708;666.181773439018
1140.5;9.647;141.703;99.13;0.43648;0.677;2.174;6.767;0.108970637501587;622.289985267723
1140.56165;9.65243;142.06201;98.42969;0.43186;0.68365;2.16858;6.7074;0.114436453504061;654.712265473275
1140.59998;9.6558;142.28516;97.99512;0.42899;0.6878;2.16521;6.67029;0.117709477601508;674.886725884367
1140.6001;9.65582;142.28564;97.99316;0.42898;0.68781;2.1652;6.67017;0.117723993274579;674.977465456462
1140.68262;9.66307;142.76611;97.05664;0.42279;0.69672;2.15794;6.59021;0.124483314176851;718.446702214859
1140.68262;9.66307;142.76611;97.05664;0.42279;0.69672;2.15794;6.59021;0.124483314176851;718.446702214859
1140.71399;9.66583;142.94873;96.7002;0.42044;0.70011;2.15517;6.55981;0.12695720272501;734.96278911964
1140.75;9.669;143.158;96.291;0.41774;0.704;2.152;6.525;0.129731025353141;753.867778522238
1140.80005;9.70447;143.57422;96.55518;0.41736;0.71643;2.1506;6.4491;0.12799180414468;741.966465446207
1140.86646;9.75146;144.12598;96.90527;0.41686;0.73291;2.14874;6.34839;0.125641665974924;726.139867792228
1140.93713;9.80151;144.71289;97.27832;0.41633;0.75043;2.14676;6.24133;0.123077822932218;709.208605249163
1140.93713;9.80151;144.71289;97.27832;0.41633;0.75043;2.14676;6.24133;0.123077822932218;709.208605249163
1141;9.846;145.23399;97.61;0.41585;0.766;2.145;6.146;0.120743650224681;694.097595899716
1141.0188;9.84871;145.13672;97.63818;0.4187;0.77179;2.14583;6.10913;0.120877379746302;694.955593212816
1141.17114;9.87064;144.35205;97.86731;0.44185;0.8187;2.15253;5.80981;0.121907834841089;701.598752600488
1141.19189;9.87363;144.24512;97.89856;0.44499;0.8251;2.15345;5.76904;0.122037263947207;702.437145696115
1141.19189;9.87363;144.24512;97.89856;0.44499;0.8251;2.15345;5.76904;0.122037263947207;702.437145696115
1141.19995;9.87479;144.20361;97.91064;0.44623;0.82758;2.1538;5.75317;0.122091034599346;702.785711671201
1141.20007;9.8748;144.20312;97.91089;0.44624;0.82761;2.1538;5.75293;0.122090441708935;702.781867955322
1141.25;9.882;143.946;97.986;0.45382;0.843;2.156;5.655;0.122397347259514;704.77430686369
1141.32361;9.88523;143.74902;97.21973;0.45344;0.85478;2.15423;5.67325;0.128470470740515;745.227284105779
1141.40002;9.8886;143.54443;96.42383;0.45305;0.867;2.1524;5.6922;0.134526980009917;787.520183374157
1141.44653;9.89064;143.42017;95.93945;0.45281;0.87445;2.15128;5.70374;0.138094261868519;813.34223454711
1141.44653;9.89064;143.42017;95.93945;0.45281;0.87445;2.15128;5.70374;0.138094261868519;813.34223454711
1141.47595;9.89194;143.34131;95.63281;0.45266;0.87915;2.15058;5.71103;0.14030748825462;829.702542333561
1141.5;9.893;143.27699;95.382;0.45254;0.883;2.15;5.717;0.142093867855534;843.097280788296
1141.59998;9.8974;143.35095;94.1543;0.45956;0.845;2.1464;5.82532;0.152050050038847;920.855241113604
1141.6001;9.8974;143.35101;94.15234;0.45957;0.84497;2.1464;5.82556;0.152064920747231;920.975318721713
1141.62842;9.89865;143.37201;93.80469;0.46156;0.8342;2.14538;5.8562;0.154824625388432;943.462585791604
1141.70117;9.90185;143.42584;92.91113;0.46667;0.80655;2.14276;5.93506;0.161802672501685;1002.12691105851
1141.70117;9.90185;143.42584;92.91113;0.46667;0.80655;2.14276;5.93506;0.161802672501685;1002.12691105851
1141.75;9.904;143.46201;92.312;0.47011;0.788;2.141;5.988;0.166396431806755;1042.15798679893
1141.78076;9.91739;143.55493;92.35913;0.47157;0.78726;2.14149;5.99379;0.166359645660222;1041.83298863639
1141.80005;9.92581;143.61328;92.38867;0.47249;0.7868;2.1418;5.99742;0.166336487988386;1041.62843215742
1141.93323;9.98389;144.01587;92.59265;0.47881;0.7836;2.14393;6.02246;0.166154460290711;1040.02152407966
1141.95569;9.99365;144.08398;92.62708;0.47988;0.78306;2.14429;6.02669;0.166121442635161;1039.73023762571
1141.95569;9.99365;144.08398;92.62708;0.47988;0.78306;2.14429;6.02669;0.166121442635161;1039.73023762571
1142;10.013;144.218;92.695;0.48198;0.782;2.145;6.035;0.166051704857279;1039.11518936849
1142.08557;10.19922;144.28204;92.57898;0.48057;0.77378;2.15082;6.05896;0.165962783426402;1038.33114034081
1142.19995;10.448;144.36755;92.42383;0.47869;0.7628;2.15859;6.091;0.165828466615523;1037.14764274467
1142.20007;10.44824;144.36768;92.42371;0.47869;0.76279;2.1586;6.09103;0.165828256737924;1037.14579435556
1142.21033;10.4707;144.37537;92.40979;0.47852;0.76181;2.1593;6.0939;0.165814684326657;1037.02626011805
1142.21033;10.4707;144.37537;92.40979;0.47852;0.76181;2.1593;6.0939;0.165814684326657;1037.02626011805
1142.23804;10.53101;144.39606;92.37219;0.47807;0.75915;2.16119;6.10165;0.165779057409372;1036.71253333776
1142.25;10.557;144.405;92.356;0.47787;0.758;2.162;6.105;0.165762530322968;1036.56702201234
1142.39038;10.557;142.88477;91.89478;0.46958;0.72881;2.15077;6.20721;0.167735626268793;1054.03826295492
1142.40002;10.557;142.78027;91.86328;0.46902;0.72679;2.15;6.21423;0.167868504044987;1055.22228800505
1142.46497;10.557;142.07715;91.6499;0.46519;0.71329;2.14481;6.26147;0.16874912036013;1063.09282372222
1142.46497;10.557;142.07715;91.6499;0.46519;0.71329;2.14481;6.26147;0.16874912036013;1063.09282372222
1142.5;10.557;141.69701;91.535;0.46312;0.706;2.142;6.287;0.169215292382707;1067.27591335375
1142.54285;10.51367;141.76379;91.03418;0.46245;0.70343;2.14131;6.32281;0.172089159429464;1093.31945081003
1142.59998;10.45581;141.85291;90.36621;0.46155;0.7;2.1404;6.37061;0.175814384170681;1127.73087214257
1142.6001;10.45569;141.85315;90.36523;0.46155;0.7;2.1404;6.37073;0.175819922261445;1127.7825784264
1142.69519;10.3595;142.00146;89.25391;0.46006;0.69429;2.13888;6.4502;0.181765896739666;1184.23655126691
1142.71973;10.33459;142.03979;88.9668;0.45967;0.69282;2.13848;6.4707;0.183252587923413;1198.64531519356
1142.71973;10.33459;142.03979;88.9668;0.45967;0.69282;2.13848;6.4707;0.183252587923413;1198.64531519356
1142.75;10.304;142.08701;88.613;0.4592;0.691;2.138;6.496;0.185058761488705;1216.30836311744
1142.80005;10.25952;142.47656;88.02148;0.46446;0.6918;2.1388;6.52618;0.189256440787513;1258.02797502275
1142.84766;10.21722;142.84668;87.45898;0.46946;0.69256;2.13956;6.55493;0.193211785198488;1298.19533553016
1142.97424;10.10486;143.83203;85.96191;0.48277;0.69459;2.14159;6.63141;0.20357703889825;1407.39797824033
1142.97424;10.10486;143.83203;85.96191;0.48277;0.69459;2.14159;6.63141;0.20357703889825;1407.39797824033
1143;10.082;144.032;85.657;0.48547;0.695;2.142;6.647;0.205658397957528;1430.01389229625
1143.15234;10.09541;146.07031;86.15674;0.49583;0.71146;2.14931;6.53119;0.205375714089446;1426.92933362042
1143.19995;10.09959;146.70703;86.31274;0.49908;0.71659;2.1516;6.495;0.205270114712958;1425.7781132724
1143.20007;10.0996;146.70898;86.31323;0.49908;0.71661;2.1516;6.49487;0.205268236605911;1425.75764137675
1143.22888;10.10214;147.09375;86.40771;0.50105;0.71972;2.15298;6.47302;0.205200477832984;1425.01926179573
1143.22888;10.10214;147.09375;86.40771;0.50105;0.71972;2.15298;6.47302;0.205200477832984;1425.01926179573
1143.25;10.104;147.37601;86.477;0.50248;0.722;2.154;6.457;0.205144154358107;1424.405669235
1143.30481;10.16614;147.78027;86.7334;0.50533;0.72419;2.15575;6.41553;0.204424971803437;1416.5848302393
1143.40002;10.2738;148.48242;87.17822;0.51029;0.728;2.1588;6.34357;0.203129931338247;1402.57100151246
1143.45715;10.3385;148.90332;87.44531;0.51326;0.73029;2.16063;6.30035;0.202319635186164;1393.84795189229
1143.4834;10.36829;149.09668;87.56836;0.51463;0.73133;2.16146;6.28052;0.201940159548858;1389.77478367915
1143.4834;10.36829;149.09668;87.56836;0.51463;0.73133;2.16146;6.28052;0.201940159548858;1389.77478367915
1143.5;10.387;149.21899;87.646;0.51549;0.732;2.162;6.268;0.201695346347408;1387.15109527297
1143.59998;10.4801;148.64062;88.18457;0.51719;0.7268;2.158;6.24121;0.199506541900423;1363.83462819339
1143.6001;10.48022;148.64014;88.18555;0.51719;0.72679;2.15799;6.24118;0.199502249612107;1363.78915405421
1143.60962;10.48914;148.58496;88.23682;0.51736;0.7263;2.15761;6.23865;0.19929104726216;1361.5528061457
1143.73816;10.60889;147.84229;88.9292;0.51955;0.71961;2.15247;6.20419;0.196338117959751;1330.53335017014
1143.73816;10.60889;147.84229;88.9292;0.51955;0.71961;2.15247;6.20419;0.196338117959751;1330.53335017014
1143.75;10.62;147.774;88.993;0.51975;0.719;2.152;6.201;0.196057740321507;1327.61215469434
1143.76196;10.64551;147.7002;88.75391;0.51945;0.71809;2.15258;6.20703;0.197248001508863;1340.04195851133
1143.80005;10.72632;147.46436;87.99414;0.51848;0.7152;2.1544;6.22638;0.200924785795811;1378.91346414886
1143.91443;10.96924;146.75732;85.71289;0.51558;0.7065;2.15989;6.28448;0.211076136264605;1489.96214334398
1143.99292;11.13599;146.27197;84.14648;0.51358;0.70054;2.16366;6.3244;0.217342846451679;1561.24734112664
1143.99292;11.13599;146.27197;84.14648;0.51358;0.70054;2.16366;6.3244;0.217342846451679;1561.24734112664
1144;11.151;146.228;84.006;0.5134;0.7;2.164;6.328;0.21787862644855;1567.43872417154
1144.06677;11.13712;146.22906;83.45703;0.51091;0.7;2.15572;6.39075;0.220752680786539;1600.91119679319
1144.19995;11.10941;146.2312;82.3623;0.50594;0.7;2.13921;6.51599;0.226356875825944;1667.44164328682
1144.20007;11.10939;146.2312;82.36133;0.50594;0.7;2.13919;6.51611;0.226363571789969;1667.52213247852
1144.21924;11.10539;146.23151;82.2041;0.50522;0.7;2.13681;6.53406;0.227154732929736;1677.04906410902
1144.24744;11.09953;146.23195;81.97266;0.50417;0.7;2.13332;6.56067;0.228314168653346;1691.07070053978
1144.24744;11.09953;146.23195;81.97266;0.50417;0.7;2.13332;6.56067;0.228314168653346;1691.07070053978
1144.25;11.099;146.23199;81.951;0.50407;0.7;2.133;6.563;0.228421021046321;1692.36651249117
1144.37158;11.08246;146.03345;82.58252;0.50576;0.68201;2.13251;6.74683;0.226173630871247;1665.23958361387
1144.40002;11.0786;145.98706;82.73047;0.50615;0.6778;2.1324;6.78979;0.225634146612454;1658.76770643253
1144.5;11.065;145.82401;83.249;0.50754;0.663;2.132;6.941;0.223717387858703;1635.89848052726
1144.50195;11.0649;145.81738;83.2334;0.50751;0.6629;2.13213;6.94257;0.223760510641682;1636.41082945361
1144.50195;11.0649;145.81738;83.2334;0.50751;0.6629;2.13213;6.94257;0.223760510641682;1636.41082945361
1144.52405;11.06365;145.74463;83.05469;0.50711;0.66175;2.13354;6.96082;0.224247376089445;1642.20220769931
1144.59998;11.0594;145.49438;82.44043;0.50575;0.6578;2.1384;7.02338;0.225865941467724;1661.54588873555
1144.6001;11.05939;145.4939;82.43945;0.50575;0.65779;2.1384;7.02344;0.225869974541313;1661.59426258911
1144.67639;11.05512;145.24243;81.82129;0.50438;0.65383;2.14329;7.0863;0.227412103922078;1680.15417213121
1144.75;11.051;145;81.225;0.50307;0.65;2.148;7.147;0.228824229661995;1697.26020088225
1144.75659;11.04926;144.9906;81.19922;0.50272;0.65013;2.14821;7.14554;0.228807441287761;1697.05619303583
1144.75659;11.04926;144.9906;81.19922;0.50272;0.65013;2.14821;7.14554;0.228807441287761;1697.05619303583
1144.80005;11.03778;144.92859;81.02734;0.50037;0.651;2.1496;7.1358;0.228687441146317;1695.59842518548
1144.82886;11.03018;144.88745;80.91357;0.49881;0.65158;2.15052;7.12933;0.228601739865883;1694.55779419759
1144.9812;10.98996;144.66992;80.31201;0.49058;0.65462;2.1554;7.09521;0.22808505039606;1688.29217842806
1145;10.985;144.64301;80.238;0.48956;0.655;2.156;7.091;0.228011943808161;1687.40680448597
1145.01123;10.99658;144.67358;80.28223;0.48893;0.655;2.15604;7.09421;0.227682431087347;1683.41985842724
1145.01123;10.99658;144.67358;80.28223;0.48893;0.655;2.15604;7.09421;0.227682431087347;1683.41985842724
1145.13354;11.1228;145.00684;80.7666;0.48203;0.655;2.15653;7.12894;0.224063982770724;1640.01767643825
1145.19995;11.19128;145.1875;81.0293;0.47829;0.655;2.1568;7.1478;0.222099712398614;1616.74802287193
1145.20007;11.19141;145.18799;81.02979;0.47828;0.655;2.1568;7.14783;0.222095377840437;1616.69690021316
1145.25;11.243;145.32401;81.228;0.47546;0.655;2.157;7.162;0.220613353707119;1599.2761139845
1145.26599;11.21289;145.37402;81.28467;0.47568;0.655;2.15674;7.15436;0.220498555696269;1597.93158615293
1145.26599;11.21289;145.37402;81.28467;0.47568;0.655;2.15674;7.15436;0.220498555696269;1597.93158615293
1145.28601;11.17505;145.43677;81.35571;0.47596;0.655;2.15642;7.14484;0.220354009618028;1596.23964067945
1145.40002;10.95972;145.79321;81.75977;0.47752;0.655;2.1546;7.09058;0.219502837440807;1586.29896871939
1145.43835;10.88745;145.91333;81.89575;0.47805;0.655;2.15399;7.07233;0.219209459391085;1582.88157864196
1145.5;10.771;146.106;82.114;0.4789;0.655;2.153;7.043;0.21873131635807;1577.32176229501
1145.52063;10.80859;146.03174;82.14441;0.48232;0.65467;2.15234;7.034;0.219538242741057;1586.71192071187
1145.52063;10.80859;146.03174;82.14441;0.48232;0.65467;2.15234;7.034;0.219538242741057;1586.71192071187
1145.59082;10.93628;145.77881;82.24768;0.49397;0.65355;2.15009;7.00339;0.222279584847194;1618.87104158825
1145.59998;10.95312;145.74609;82.26123;0.49548;0.6534;2.1498;6.99939;0.222633010505338;1623.046176087
1145.6001;10.95337;145.74561;82.26135;0.49551;0.6534;2.1498;6.99936;0.222639956272895;1623.12829518858
1145.74316;11.21362;145.22998;82.47192;0.51926;0.65111;2.14522;6.93698;0.228180666097144;1689.45170940042
1145.75;11.226;145.205;82.482;0.5204;0.651;2.145;6.934;0.228445229117141;1692.65936230757
1145.77515;11.25574;145.17664;82.36719;0.51779;0.6504;2.14329;6.93299;0.228493085958011;1693.23990847442
1145.77515;11.25574;145.17664;82.36719;0.51779;0.6504;2.14329;6.93299;0.228493085958011;1693.23990847442
1145.80005;11.28528;145.14868;82.25391;0.5152;0.6498;2.14159;6.932;0.228534216100002;1693.73894020976
1145.89563;11.39844;145.04126;81.81836;0.50526;0.6475;2.13509;6.92817;0.228655627393073;1695.21247344479
1146;11.522;144.924;81.343;0.49439;0.645;2.128;6.924;0.22871688429343;1695.95604267523
1146.02979;11.52128;144.97375;80.9834;0.49077;0.64452;2.12669;6.94641;0.22941624794607;1704.46312419098
1146.02979;11.52128;144.97375;80.9834;0.49077;0.64452;2.12669;6.94641;0.22941624794607;1704.46312419098
1146.04797;11.52085;145.00415;80.76367;0.48857;0.64423;2.12589;6.96008;0.229832533255467;1709.539160449
1146.19995;11.5172;145.2583;78.92676;0.47015;0.6418;2.1192;7.0744;0.232905884329774;1747.29917081328
1146.20007;11.5172;145.25842;78.9248;0.47014;0.6418;2.11919;7.07446;0.232911724055031;1747.37139770346
1146.20044;11.51719;145.25903;78.9209;0.47009;0.64179;2.11918;7.07477;0.232914049070959;1747.40015243043
1146.25;11.516;145.342;78.322;0.46409;0.641;2.117;7.112;0.233769709914231;1758.00261918618
1146.28442;11.50513;145.41406;78.42822;0.46445;0.64114;2.11783;7.13531;0.233399180291583;1753.40653357078
1146.28442;11.50513;145.41406;78.42822;0.46445;0.64114;2.11783;7.13531;0.233399180291583;1753.40653357078
1146.35278;11.48352;145.55737;78.63867;0.46516;0.64141;2.11947;7.18152;0.232660704188348;1744.26814863353
1146.40002;11.4686;145.65649;78.78418;0.46564;0.6416;2.1206;7.21344;0.232144387444182;1737.89611011356
1146.5;11.437;145.866;79.092;0.46668;0.642;2.123;7.281;0.231048282629182;1724.41563956958
1146.50525;11.43451;145.86453;79.09332;0.46711;0.64206;2.12319;7.28186;0.231131935359335;1725.4422123347
1146.53918;11.41809;145.85504;79.10172;0.46987;0.64247;2.12441;7.28743;0.231668960463265;1732.041348435
1146.53918;11.41809;145.85504;79.10172;0.46987;0.64247;2.12441;7.28743;0.231668960463265;1732.041348435
1146.59998;11.38867;145.83801;79.11679;0.47482;0.6432;2.1266;7.29739;0.232631417599364;1743.90664864326
1146.6001;11.38861;145.83798;79.11682;0.47482;0.6432;2.12661;7.29742;0.232629937191533;1743.88836026515
1146.65759;11.36078;145.82187;79.1311;0.4795;0.64389;2.12867;7.30684;0.233540739965424;1755.16208915333
1146.75;11.316;145.79601;79.154;0.48702;0.645;2.132;7.322;0.235000755907062;1773.32577332962
1146.7937;11.32928;145.63818;79.00513;0.49028;0.645;2.12711;7.31097;0.237040297507801;1798.88855766654
1146.7937;11.32928;145.63818;79.00513;0.49028;0.645;2.12711;7.31097;0.237040297507801;1798.88855766654
1146.80005;11.33124;145.61523;78.98364;0.49075;0.645;2.1264;7.30939;0.237335393572502;1802.60546448542
1146.81006;11.33426;145.5791;78.94946;0.4915;0.645;2.12527;7.30685;0.237805791951022;1808.53996714759
1146.9624;11.38058;145.02881;78.43018;0.50285;0.645;2.10822;7.26846;0.244949472459241;1900.10821557401
1147;11.392;144.89301;78.302;0.50564;0.645;2.104;7.259;0.246718525531944;1923.2027231819
1147.04834;11.37442;145.06934;77.97412;0.50907;0.64113;2.10303;7.25436;0.249053563353128;1953.9402624734
1147.04834;11.37442;145.06934;77.97412;0.50907;0.64113;2.10303;7.25436;0.249053563353128;1953.9402624734
1147.11475;11.35022;145.31201;77.52441;0.51379;0.63582;2.10171;7.24799;0.252254224428456;1996.54297462729
1147.19995;11.31921;145.62305;76.94678;0.51985;0.629;2.1;7.23981;0.256358114615839;2051.96414996708
1147.20007;11.31918;145.62354;76.94629;0.51986;0.62899;2.1;7.23979;0.256362799346655;2052.0279262133
1147.25;11.301;145.806;76.608;0.52341;0.625;2.099;7.235;0.258762172442167;2084.84527528752
1147.26721;11.28699;145.84009;76.48535;0.52422;0.62389;2.09852;7.23044;0.259505333025446;2095.07183384786
1147.30286;11.25793;145.91089;76.23047;0.52589;0.62161;2.09752;7.22104;0.261043718657124;2116.33459909033
1147.30286;11.25793;145.91089;76.23047;0.52589;0.62161;2.09752;7.22104;0.261043718657124;2116.33459909033
1147.40002;11.17865;146.10352;75.53418;0.53044;0.61539;2.0948;7.19537;0.265223061038133;2174.73378196672
1147.41956;11.16266;146.14233;75.39453;0.53136;0.61414;2.09425;7.19022;0.266060965339404;2186.55368870478
1147.5;11.097;146.302;74.818;0.53513;0.609;2.092;7.169;0.269498392878231;2235.43400693698
1147.55762;11.06335;145.875;74.6814;0.53165;0.609;2.09154;7.17084;0.268904720547801;2226.94698315321
1147.55762;11.06335;145.875;74.6814;0.53165;0.609;2.09154;7.17084;0.268904720547801;2226.94698315321
1147.57202;11.05493;145.76855;74.64722;0.53079;0.609;2.09142;7.1713;0.268759162256534;2224.86896690977
1147.59998;11.03864;145.56152;74.58105;0.52911;0.609;2.0912;7.1722;0.268469957143364;2220.74356242337
1147.6001;11.03851;145.56055;74.58057;0.5291;0.609;2.0912;7.1722;0.268468419655522;2220.72164252484
1147.72437;10.96594;144.63965;74.28589;0.52161;0.609;2.09021;7.17618;0.267163556918172;2202.16359433583
1147.75;10.951;144.44901;74.225;0.52006;0.609;2.09;7.177;0.266890632940232;2198.29344303045
1147.80005;10.9548;144.0459;74.69434;0.51907;0.6088;2.0888;7.1844;0.265083767984009;2172.77175108913
1147.81238;10.95574;143.94727;74.80957;0.51883;0.60875;2.0885;7.18623;0.264638592159818;2166.51033044074
1147.81238;10.95574;143.94727;74.80957;0.51883;0.60875;2.0885;7.18623;0.264638592159818;2166.51033044074
1147.87683;10.96064;143.42871;75.41504;0.51756;0.60849;2.08696;7.19577;0.262269573204658;2133.3669757896
1148;10.97;142.438;76.571;0.51512;0.608;2.084;7.214;0.257639213880617;2069.44726398686
1148.02917;10.97572;142.438;76.65454;0.51549;0.60963;2.07945;7.20557;0.258085315850104;2075.55607114628
1148.06689;10.98311;142.438;76.7627;0.51597;0.61175;2.07358;7.1947;0.258656345633336;2083.39103094383
1148.06689;10.98311;142.438;76.7627;0.51597;0.61175;2.07358;7.1947;0.258656345633336;2083.39103094383
1148.18164;11.0056;142.438;77.09131;0.51742;0.61817;2.05566;7.16168;0.260374105622227;2107.06438521686
1148.19995;11.00919;142.438;77.1438;0.51765;0.6192;2.05281;7.1564;0.260642515814281;2110.77764327354
1148.20007;11.00922;142.438;77.14404;0.51765;0.6192;2.0528;7.15637;0.260643026659206;2110.78471410203
1148.25;11.019;142.438;77.287;0.51828;0.622;2.045;7.142;0.261375000916494;2120.93050228833
1148.32141;11.14819;142.438;77.57324;0.51973;0.626;2.045;7.14;0.260692128827125;2111.46486516747
1148.32141;11.14819;142.438;77.57324;0.51973;0.626;2.045;7.14;0.260692128827125;2111.46486516747
1148.33398;11.1709;142.438;77.62354;0.51998;0.6267;2.045;7.13965;0.260569358951269;2109.76571420963
1148.40002;11.29028;142.438;77.88818;0.52132;0.6304;2.045;7.1378;0.259922918274225;2100.83209356068
1148.48645;11.44653;142.438;78.23438;0.52307;0.63524;2.045;7.13538;0.259057797907768;2088.91109403185
1148.5;11.471;142.438;78.289;0.52334;0.636;2.045;7.135;0.258917707561934;2086.98444442157
1148.57605;11.51392;143.03125;78.92285;0.52707;0.6363;2.04865;7.11768;0.257097524629752;2062.04605432474
1148.57605;11.51392;143.03125;78.92285;0.52707;0.6363;2.04865;7.11768;0.257097524629752;2062.04605432474
1148.59998;11.5274;143.21777;79.12207;0.52824;0.6364;2.0498;7.11221;0.256509846434395;2054.03182503658
1148.6001;11.52747;143.21875;79.12305;0.52825;0.6364;2.0498;7.11218;0.256508859759436;2054.01838543229
1148.63879;11.54926;143.52051;79.44531;0.53015;0.63656;2.05166;7.10336;0.255545086311154;2040.91505623881
1148.75;11.612;144.38699;80.372;0.53561;0.637;2.057;7.078;0.252666698038085;2002.07452074084
1148.79126;11.63513;144.48584;80.23486;0.53521;0.63551;2.05997;7.06546;0.252775900381706;2003.53995111006
1148.80005;11.64001;144.50708;80.20581;0.53512;0.6352;2.0606;7.06277;0.252796972752928;2003.82280049248
1148.83069;11.65723;144.58057;80.104;0.53482;0.63409;2.06281;7.05347;0.252872503494546;2004.83682651021
1148.83069;11.65723;144.58057;80.104;0.53482;0.63409;2.06281;7.05347;0.252872503494546;2004.83682651021
1148.9436;11.72046;144.85156;79.72852;0.53371;0.63003;2.07094;7.01913;0.253128942871003;2008.28184600408
1149;11.752;144.987;79.541;0.53316;0.628;2.075;7.002;0.253244307153294;2009.83277689507
1149.08545;11.79407;144.99725;77.01953;0.53223;0.63005;2.07978;6.99312;0.262143723612481;2131.6162106854
1149.08545;11.79407;144.99725;77.01953;0.53223;0.63005;2.07978;6.99312;0.262143723612481;2131.6162106854
1149.09595;11.79926;144.99852;76.71094;0.53211;0.6303;2.08037;6.99203;0.263167235701357;2145.89205322597
1149.19995;11.8504;145.01099;73.64453;0.53098;0.6328;2.0862;6.98121;0.27268245981887;2281.27198568605
1149.20007;11.85046;145.011;73.64062;0.53098;0.6328;2.08621;6.98119;0.272693886843004;2281.43745650728
1149.24841;11.87427;145.01682;72.21484;0.53045;0.63396;2.08891;6.97617;0.276731035955281;2340.33204222779
1149.25;11.875;145.017;72.172;0.53043;0.634;2.089;6.976;0.276846299820145;2342.02623810181
1149.34009;11.87428;144.95319;73.36914;0.5278;0.63796;2.0908;6.97564;0.271971564945197;2270.99130203919
1149.34009;11.87428;144.95319;73.36914;0.5278;0.63796;2.0908;6.97564;0.271971564945197;2270.99130203919
1149.40002;11.8738;144.91077;74.16504;0.52604;0.6406;2.092;6.9754;0.268659795087307;2223.45185404111
1149.40076;11.87379;144.91022;74.1748;0.52602;0.64063;2.09201;6.9754;0.268619970446108;2222.88372755432
1149.5;11.873;144.84;75.494;0.52312;0.645;2.094;6.975;0.263009755077009;2143.6916872611
1149.55322;11.85043;144.77502;75.31934;0.52157;0.64436;2.09357;6.975;0.263216614352844;2146.58188916446
1149.5946;11.83289;144.72461;75.18335;0.52036;0.64386;2.09324;6.975;0.263372448088216;2148.76066900553
1149.5946;11.83289;144.72461;75.18335;0.52036;0.64386;2.09324;6.975;0.263372448088216;2148.76066900553
1149.59998;11.8306;144.71802;75.16577;0.5202;0.6438;2.0932;6.975;0.263390940528034;2149.01930475164
1149.6001;11.83054;144.7179;75.16528;0.5202;0.6438;2.0932;6.975;0.263392574379589;2149.04215743327
1149.70557;11.78583;144.58923;74.81885;0.51712;0.64253;2.09236;6.975;0.263774483905678;2154.38765534592
1149.75;11.767;144.535;74.673;0.51582;0.642;2.092;6.975;0.263929079028377;2156.55368592299
1149.80005;11.72168;144.43286;75.28223;0.5154;0.6394;2.09501;6.98401;0.26128620753192;2119.69771331031
1149.84912;11.67725;144.33276;75.88086;0.51499;0.63684;2.09795;6.99284;0.258660241286522;2083.44486260094
1149.84912;11.67725;144.33276;75.88086;0.51499;0.63684;2.09795;6.99284;0.258660241286522;2083.44486260094
1149.85803;11.66919;144.31445;75.98926;0.51492;0.63638;2.09849;6.99445;0.258181249582689;2076.8716190487
1150;11.541;144.02499;77.72;0.51374;0.629;2.107;7.02;0.250380518219651;1971.53647395897
1150.01038;11.5372;144.05737;77.74976;0.5139;0.62863;2.10696;7.02588;0.250330577732238;1970.87252656801
1150.10388;11.50317;144.34912;78.01855;0.51532;0.62526;2.10658;7.07861;0.249867513109947;1964.72249415321
1150.10388;11.50317;144.34912;78.01855;0.51532;0.62526;2.10658;7.07861;0.249867513109947;1964.72249415321
1150.16284;11.48172;144.53296;78.18823;0.51621;0.62314;2.10635;7.11188;0.24956493573379;1960.71006855774
1150.19995;11.4682;144.64868;78.29492;0.51678;0.6218;2.1062;7.13281;0.249375459740267;1958.19993624565
1150.20007;11.46817;144.64917;78.29541;0.51678;0.6218;2.1062;7.13287;0.249373769126956;1958.17754809072
1150.25;11.45;144.80499;78.439;0.51754;0.62;2.106;7.161;0.249113115129732;1954.72760528921
1150.31519;11.444;145.08984;77.7041;0.51644;0.62339;2.10313;7.17299;0.252048927818041;1993.79372214737
1150.35864;11.44;145.27979;77.21289;0.5157;0.62565;2.10122;7.18098;0.253971684934823;2019.62741050085
1150.35864;11.44;145.27979;77.21289;0.5157;0.62565;2.10122;7.18098;0.253971684934823;2019.62741050085
1150.40002;11.4362;145.46094;76.74609;0.515;0.6278;2.0994;7.1886;0.255774022765905;2044.02144342567
1150.46765;11.42998;145.75684;75.98242;0.51386;0.63132;2.09642;7.20105;0.258669925939412;2083.57777320591
1150.5;11.427;145.89799;75.616;0.51331;0.633;2.095;7.207;0.260033619012429;2102.3592517603
1150.59998;11.4054;145.71313;74.81738;0.51241;0.61859;2.095;7.22578;0.262430498201151;2135.60897760832
1150.6001;11.40538;145.71289;74.81641;0.51241;0.61858;2.095;7.22581;0.262433666410918;2135.65312953046
1150.61316;11.40256;145.68872;74.71191;0.51229;0.6167;2.095;7.22827;0.262740835950054;2139.93631425303
1150.61316;11.40256;145.68872;74.71191;0.51229;0.6167;2.095;7.22827;0.262740835950054;2139.93631425303
1150.62;11.40108;145.67627;74.65723;0.51223;0.61571;2.095;7.22955;0.262901892024159;2142.18408876198
1150.75;11.373;145.436;73.618;0.51105;0.597;2.095;7.254;0.265882705395354;2184.03433260374
1150.77246;11.36374;145.37158;73.81152;0.51122;0.59736;2.09608;7.25813;0.265128469090117;2173.40016545922
1150.80005;11.35239;145.29224;74.04883;0.51143;0.5978;2.0974;7.2632;0.264199938923371;2160.35007261633
1150.8678;11.32446;145.09741;74.63086;0.51195;0.59888;2.10066;7.27567;0.261898877654659;2128.20696336583
1150.8678;11.32446;145.09741;74.63086;0.51195;0.59888;2.10066;7.27567;0.261898877654659;2128.20696336583
1150.9248;11.30099;144.93335;75.12109;0.51239;0.5998;2.10339;7.28616;0.259939083495081;2101.05267150904
1151;11.27;144.717;75.767;0.51297;0.601;2.107;7.3;0.257319779151934;2065.07887651203
1151.07715;11.2774;144.86255;76.81836;0.51344;0.60902;2.10577;7.31296;0.25399630501865;2019.95871729045
1151.12231;11.28175;144.948;77.43457;0.51372;0.61372;2.10504;7.32056;0.251983361286784;1992.91578222936
1151.12231;11.28175;144.948;77.43457;0.51372;0.61372;2.10504;7.32056;0.251983361286784;1992.91578222936
1151.19995;11.28919;145.09448;78.49316;0.51419;0.62179;2.1038;7.33359;0.248397941585337;1945.28031046222
1151.20007;11.28921;145.09473;78.49512;0.51419;0.6218;2.1038;7.33362;0.248390598882901;1945.18345629579
1151.22961;11.29205;145.15039;78.89844;0.51438;0.62488;2.10333;7.33858;0.246984826890063;1926.69336994138
1151.25;11.294;145.189;79.177;0.5145;0.627;2.103;7.342;0.245997665268102;1913.77197279789
1151.37708;11.36621;145.32275;79.53076;0.51433;0.63818;2.09283;7.3176;0.24598642335862;1913.62564173227
1151.37708;11.36621;145.32275;79.53076;0.51433;0.63818;2.09283;7.3176;0.24598642335862;1913.62564173227
1151.38196;11.36896;145.32788;79.54419;0.51432;0.63861;2.09245;7.31667;0.24598359227305;1913.58867957039
1151.40002;11.37927;145.3468;79.59448;0.5143;0.64021;2.091;7.31319;0.24598075292614;1913.55166351263
1151.5;11.436;145.452;79.873;0.51416;0.649;2.083;7.294;0.245940923415824;1913.03182822784
1151.53442;11.37781;145.15039;79.95825;0.51446;0.64803;2.08658;7.28036;0.24510346218236;1902.11285492545
1151.59998;11.26697;144.57422;80.12036;0.51503;0.6462;2.0934;7.25443;0.243509248329812;1881.430134563
1151.6001;11.26672;144.57324;80.12061;0.51503;0.64619;2.09341;7.25436;0.243506601462942;1881.39590715536
1151.63184;11.21301;144.29492;80.19897;0.51531;0.64531;2.09671;7.24179;0.24273719047427;1871.46225940789
1151.63184;11.21301;144.29492;80.19897;0.51531;0.64531;2.09671;7.24179;0.24273719047427;1871.46225940789
1151.68677;11.12012;143.8125;80.33472;0.51579;0.64377;2.10242;7.22006;0.241404422775369;1854.32966350238
1151.75;11.013;143.257;80.491;0.51634;0.642;2.109;7.195;0.239869534259805;1834.71569468862
1151.80005;10.95166;143.04541;80.502;0.50853;0.642;2.1156;7.16559;0.236845374678088;1796.43669273177
1151.83923;10.90369;142.88037;80.51062;0.50241;0.642;2.12077;7.14258;0.234476846784699;1766.79564262268
1151.88635;10.84607;142.68164;80.52098;0.49506;0.642;2.127;7.11487;0.231630206257906;1731.56541349201
1151.88635;10.84607;142.68164;80.52098;0.49506;0.642;2.127;7.11487;0.231630206257906;1731.56541349201
1151.99158;10.71716;142.23828;80.54414;0.47862;0.642;2.14088;7.05298;0.225274226679614;1654.45642106086
1152;10.707;142.203;80.546;0.47731;0.642;2.142;7.048;0.224766065881701;1648.38417001058
1152.14087;10.6608;141.63721;78.93457;0.47339;0.642;2.14313;6.94934;0.229356734326252;1703.7369241688
1152.14087;10.6608;141.63721;78.93457;0.47339;0.642;2.14313;6.94934;0.229356734326252;1703.7369241688
1152.14404;10.65976;141.62451;78.89844;0.4733;0.642;2.14315;6.94714;0.229455073630798;1704.93490972775
1152.19995;10.64142;141.3999;78.25879;0.47174;0.642;2.1436;6.90802;0.23115889743985;1725.77269570457
1152.20007;10.64139;141.39941;78.25684;0.47174;0.642;2.1436;6.9079;0.231165532958416;1725.85414984682
1152.25;10.625;141.19901;77.686;0.47035;0.642;2.144;6.873;0.232635004890068;1743.95013432286
1152.29639;10.63223;141.32959;77.53857;0.47472;0.64812;2.13918;6.873;0.235043086520174;1773.85328022288
1152.39551;10.64769;141.60815;77.22388;0.48405;0.66119;2.12887;6.873;0.240205326862568;1838.99473954596
1152.39551;10.64769;141.60815;77.22388;0.48405;0.66119;2.12887;6.873;0.240205326862568;1838.99473954596
1152.40002;10.64841;141.62085;77.20947;0.48448;0.6618;2.1284;6.873;0.240442760924367;1842.02492235232
1152.44885;10.65602;141.7583;77.05444;0.48908;0.66824;2.12331;6.873;0.242998279387732;1874.82848869972
1152.5;10.664;141.90199;76.892;0.49389;0.675;2.118;6.873;0.245676305363073;1909.57674608241
1152.59998;10.7464;143.10645;78.51953;0.50084;0.681;2.12;6.93738;0.24185775559764;1860.14660641246
1152.6001;10.74652;143.10742;78.52148;0.50085;0.68101;2.12;6.93744;0.241853552665067;1860.09262731698
1152.6012;10.74738;143.12109;78.54102;0.50092;0.68108;2.12002;6.93811;0.241801751094831;1859.42740280648
1152.65015;10.78772;143.70996;79.33789;0.50433;0.68401;2.121;6.96967;0.23977027255824;1833.45199065614
1152.65015;10.78772;143.70996;79.33789;0.50433;0.68401;2.121;6.96967;0.23977027255824;1833.45199065614
1152.75;10.87;144.911;80.964;0.51126;0.69;2.123;7.034;0.235264743153148;1776.62418260124
1152.75354;10.86548;144.92578;80.96377;0.51116;0.68932;2.1235;7.03564;0.235178207599912;1775.54323395458
1152.80005;10.80591;145.11914;80.96079;0.50984;0.68019;2.13;7.05762;0.234048329510021;1761.46597948723
1152.90491;10.67163;145.55371;80.95409;0.50686;0.65964;2.1447;7.10712;0.231493007133284;1729.87900187485
1152.90491;10.67163;145.55371;80.95409;0.50686;0.65964;2.1447;7.10712;0.231493007133284;1729.87900187485
1152.90601;10.67029;145.55859;80.95401;0.50683;0.65942;2.14485;7.1076;0.231467215074666;1729.56194694788
1153;10.55;145.948;80.948;0.50416;0.641;2.158;7.152;0.229179982796584;1701.58609365186
1153.05835;10.53506;145.04297;80.55762;0.50313;0.6382;2.1517;7.15037;0.231017020712254;1724.03283326444
1153.15942;10.50919;143.47461;79.88135;0.50135;0.63335;2.14078;7.14754;0.23415841361963;1762.83271094243
1153.15942;10.50919;143.47461;79.88135;0.50135;0.63335;2.14078;7.14754;0.23415841361963;1762.83271094243
1153.19995;10.49881;142.84766;79.61035;0.50063;0.6314;2.13641;7.1464;0.235400301416764;1778.31601132964
1153.20007;10.49878;142.8457;79.60986;0.50063;0.6314;2.13639;7.1464;0.23540426499952;1778.36555901171
1153.21082;10.49603;142.67969;79.5376;0.50044;0.63088;2.13523;7.1461;0.235734166152267;1782.4924559979
1153.25;10.486;142.07201;79.276;0.49975;0.629;2.131;7.145;0.23692509543472;1797.43847073786
1153.36316;10.604;142.05118;78.58984;0.4976;0.65118;2.11153;7.12373;0.24156044684397;1856.32968317203
1153.40002;10.64258;142.0444;78.36621;0.4969;0.6584;2.10519;7.11681;0.243066627565452;1875.71101841477
1153.41406;10.65723;142.04181;78.28125;0.49663;0.66116;2.10277;7.11417;0.243638803862826;1883.10528314255
1153.41406;10.65723;142.04181;78.28125;0.49663;0.66116;2.10277;7.11417;0.243638803862826;1883.10528314255
1153.5;10.747;142.026;77.76;0.495;0.678;2.088;7.098;0.247139780008961;1928.72721046312
1153.51562;10.76318;142.18066;77.67383;0.49634;0.67806;2.08594;7.08905;0.248153003867203;1942.05208834167
1153.59998;10.85083;143.01172;77.20947;0.50352;0.6784;2.0748;7.04083;0.253620589813611;2014.89701022338
1153.6001;10.85095;143.0127;77.2085;0.50352;0.6784;2.07478;7.04071;0.253627219244873;2014.98629784673
1153.66797;10.92163;143.68164;76.83496;0.5093;0.67867;2.06583;7.00189;0.258042039218985;2074.96516087887
1153.66858;10.92224;143.6875;76.83154;0.50935;0.67867;2.06575;7.00159;0.258081364059633;2075.50407102012
1153.66858;10.92224;143.6875;76.83154;0.50935;0.67867;2.06575;7.00159;0.258081364059633;2075.50407102012
1153.75;11.007;144.49001;76.383;0.51628;0.679;2.055;6.955;0.263399420698962;2149.13956707689
1153.80005;11.007;144.92188;76.10645;0.5165;0.6754;2.0524;6.94679;0.26496542339628;2171.1090051296
1153.82043;11.007;145.09668;75.99414;0.51659;0.67393;2.05134;6.94345;0.265600511680868;2180.05576892517
1153.92334;11.007;145.98242;75.42627;0.51704;0.66652;2.04599;6.92657;0.268796807797996;2225.40853297125
1153.92334;11.007;145.98242;75.42627;0.51704;0.66652;2.04599;6.92657;0.268796807797996;2225.40853297125
1153.97278;11.007;146.4082;75.15332;0.51726;0.66296;2.04342;6.91847;0.270326536563842;2247.30605747549
1154;11.007;146.642;75.003;0.51738;0.661;2.042;6.914;0.271167087471194;2259.39114503914
1154.12524;11.007;146.41162;75.84619;0.50937;0.6625;2.03749;6.9631;0.266511407063281;2192.92507862124
1154.1781;11.007;146.31445;76.20264;0.506;0.66314;2.03559;6.98383;0.264532428783128;2165.02114043079
1154.1781;11.007;146.31445;76.20264;0.506;0.66314;2.03559;6.98383;0.264532428783128;2165.02114043079
1154.19995;11.007;146.27417;76.34961;0.5046;0.6634;2.0348;6.9924;0.263711842371488;2153.51172640643
1154.20007;11.007;146.27393;76.35059;0.50459;0.6634;2.03479;6.99243;0.263706861011564;2153.44196784211
1154.25;11.007;146.18201;76.687;0.5014;0.664;2.033;7.012;0.261824369172923;2127.17404657058
1154.27759;10.99243;145.86816;77.08789;0.5;0.664;2.03609;7.02484;0.259433062363682;2094.07754787016
1154.40002;10.9278;144.47656;78.87305;0.49376;0.664;2.0498;7.0816;0.248665762595542;1948.81642961408
1154.43005;10.91193;144.13477;79.31055;0.49223;0.664;2.05317;7.09558;0.24599225061499;1913.70233570576
1154.43262;10.91058;144.10547;79.34766;0.4921;0.664;2.05346;7.09674;0.245764140036272;1910.72388986498
1154.43262;10.91058;144.10547;79.34766;0.4921;0.664;2.05346;7.09674;0.245764140036272;1910.72388986498
1154.5;10.875;143.34;80.331;0.48867;0.664;2.061;7.128;0.239710173461273;1832.68690541425
1154.5824;10.77844;143.98145;80.37085;0.49166;0.65807;2.07484;7.10788;0.238679436622043;1819.59415105191
1154.59998;10.75793;144.11816;80.37939;0.4923;0.65681;2.0778;7.10358;0.23845903322952;1816.80183730057
1154.6001;10.75769;144.11914;80.37946;0.4923;0.65679;2.07782;7.10355;0.238456381506034;1816.76825789853
1154.68726;10.65564;144.79883;80.42163;0.49546;0.65052;2.09247;7.08228;0.237365504187059;1802.98595078771
1154.68726;10.65564;144.79883;80.42163;0.49546;0.65052;2.09247;7.08228;0.237365504187059;1802.98595078771
1154.73474;10.59998;145.16895;80.44458;0.49719;0.6471;2.10045;7.07071;0.236774056417954;1795.53992909693
1154.75;10.582;145.28799;80.452;0.49774;0.646;2.103;7.067;0.236584276185824;1793.15463050824
1154.80005;10.55511;145.11792;80.15625;0.4982;0.6454;2.10661;7.03796;0.237345145697466;1802.72905423446
1154.88721;10.50842;144.82202;79.64062;0.499;0.64435;2.11288;6.98743;0.238634720335144;1819.02665560415
1154.94177;10.47919;144.63672;79.31738;0.4995;0.6437;2.11681;6.95575;0.239417586971763;1828.96357212326
1154.94177;10.47919;144.63672;79.31738;0.4995;0.6437;2.11681;6.95575;0.239417586971763;1828.96357212326
1155;10.448;144.439;78.973;0.50004;0.643;2.121;6.922;0.240232122153606;1839.33700059988
1155.03955;10.46667;144.1582;79.50586;0.50113;0.64568;2.1172;6.90253;0.238930266678101;1822.77423332792
1155.19202;10.53864;143.07129;81.56055;0.50534;0.65605;2.10257;6.82751;0.23340920897724;1753.53301795103
1155.19653;10.54077;143.03906;81.62109;0.50546;0.65636;2.10213;6.82532;0.233233996020048;1751.36211785858
1155.19653;10.54077;143.03906;81.62109;0.50546;0.65636;2.10213;6.82532;0.233233996020048;1751.36211785858
1155.19995;10.54236;143.01562;81.66797;0.50556;0.65659;2.10181;6.82361;0.233097356549721;1749.67027674777
1155.20007;10.54242;143.01465;81.66895;0.50556;0.6566;2.10179;6.82355;0.233095554887916;1749.64797595547
1155.25;10.566;142.658;82.343;0.50694;0.66;2.097;6.799;0.231084311633938;1724.86007206722
1155.34436;10.66003;142.47412;83.74414;0.5112;0.66868;2.08191;6.85187;0.227732030837556;1684.02196489901
1155.40002;10.71558;142.36572;84.57227;0.51371;0.67381;2.073;6.883;0.225505078765154;1657.22264421104
1155.45117;10.76648;142.26611;85.33008;0.51601;0.6785;2.06482;6.91168;0.223303583850193;1630.98849203284
1155.45117;10.76648;142.26611;85.33008;0.51601;0.6785;2.06482;6.91168;0.223303583850193;1630.98849203284
1155.49683;10.81189;142.17725;86.00781;0.51807;0.68271;2.05751;6.93726;0.221192822053281;1606.07720647224
1155.5;10.815;142.17101;86.055;0.51822;0.683;2.057;6.939;0.221042343561108;1604.31028785096
1155.59998;10.83902;142.88672;85.66602;0.51545;0.6738;2.0626;6.9458;0.221914308114921;1614.56538338457
1155.6001;10.83905;142.8877;85.66553;0.51544;0.67379;2.06261;6.94581;0.221913506790543;1614.55593966672
1155.64917;10.8508;143.23926;85.47461;0.51408;0.66927;2.06535;6.94914;0.22232352452148;1619.39204778609
1155.70581;10.86441;143.64551;85.25439;0.5125;0.66406;2.06853;6.953;0.222776395882391;1624.74397198565
1155.70581;10.86441;143.64551;85.25439;0.5125;0.66406;2.06853;6.953;0.222776395882391;1624.74397198565
1155.75;10.875;143.96201;85.082;0.51128;0.66;2.071;6.956;0.223125584192019;1628.8780266346
1155.80005;10.875;144.40332;84.26953;0.50555;0.6554;2.06819;6.9586;0.226142780442792;1664.86948126521
1155.80164;10.875;144.41797;84.24414;0.50539;0.65526;2.06811;6.95869;0.226238425499812;1666.01831522207
1155.95398;10.875;145.76172;81.76953;0.48801;0.64124;2.05957;6.96661;0.234500424453546;1767.08996030892
1155.96033;10.875;145.81836;81.66602;0.48729;0.64066;2.05922;6.96694;0.234818499576524;1771.05353100665
1155.96033;10.875;145.81836;81.66602;0.48729;0.64066;2.05922;6.96694;0.234818499576524;1771.05353100665
1156;10.875;146.168;81.023;0.48277;0.637;2.057;6.969;0.236739503307365;1795.10557198429
1156.10645;10.75793;146.00403;79.63086;0.4763;0.6353;2.06168;6.97369;0.239939936760431;1835.61193351585
1156.19995;10.65503;145.86011;78.4082;0.47061;0.6338;2.0658;6.9778;0.242431978980774;1867.52911738776
1156.20007;10.65491;145.85986;78.40723;0.4706;0.6338;2.0658;6.97781;0.242432771977874;1867.53932598703
1156.21484;10.63867;145.83716;78.21387;0.4697;0.63356;2.06645;6.97845;0.242801361460682;1872.28809352867
1156.21484;10.63867;145.83716;78.21387;0.4697;0.63356;2.06645;6.97845;0.242801361460682;1872.28809352867
1156.25;10.6;145.783;77.754;0.46756;0.633;2.068;6.98;0.24365025011047;1883.25228849424
1156.25879;10.59515;145.74463;77.74701;0.46717;0.63371;2.06818;6.97913;0.243531896850932;1881.72132830857
1156.40002;10.51776;145.11963;77.63458;0.46091;0.64501;2.071;6.965;0.241634897126064;1857.28416667851
1156.41125;10.5116;145.06982;77.62567;0.46041;0.6459;2.07123;6.96388;0.241482111256764;1855.32429281088
1156.4696;10.47961;144.81201;77.57922;0.45782;0.65057;2.07239;6.95805;0.240695235441082;1845.25020940682
1156.4696;10.47961;144.81201;77.57922;0.45782;0.65057;2.07239;6.95805;0.240695235441082;1845.25020940682
1156.5;10.463;144.677;77.555;0.45648;0.653;2.073;6.955;0.240286287782789;1840.02758617814
1156.5636;10.44241;144.50757;78.08789;0.45492;0.66037;2.07402;6.95449;0.237789914290955;1808.33941428073
1156.59998;10.43063;144.41064;78.39355;0.45403;0.6646;2.0746;6.9542;0.236348479889288;1790.19301024688
1156.6001;10.43057;144.4104;78.39453;0.45403;0.66461;2.0746;6.9542;0.236344892537271;1790.14798634965
1156.71594;10.39304;144.10181;79.36523;0.45119;0.67804;2.07646;6.95327;0.231702759085468;1732.45827153395
1156.72437;10.39032;144.07935;79.43652;0.45098;0.67902;2.07659;6.95321;0.231358849752503;1728.22989611894
1156.72437;10.39032;144.07935;79.43652;0.45098;0.67902;2.07659;6.95321;0.231358849752503;1728.22989611894
1156.75;10.382;144.011;79.651;0.45035;0.682;2.077;6.953;0.230318853867974;1715.48133013964
1156.80005;10.34961;144.06384;79.14062;0.45092;0.682;2.079;6.953;0.232099644718819;1737.34584916217
1156.86841;10.3053;144.13599;78.44238;0.4517;0.682;2.08174;6.953;0.234477276034655;1766.80088536179
1156.97888;10.2337;144.25269;77.31348;0.45297;0.682;2.08615;6.953;0.238190367429398;1813.40060372783
1156.97888;10.2337;144.25269;77.31348;0.45297;0.682;2.08615;6.953;0.238190367429398;1813.40060372783
1157;10.22;144.27499;77.097;0.45321;0.682;2.087;6.953;0.238882253167315;1822.16477023026
1157.02075;10.22;144.36816;77.21387;0.45431;0.67877;2.0875;6.95341;0.238746123063581;1820.43834436268
1157.17322;10.22;145.05029;78.07422;0.46241;0.65498;2.09116;6.95646;0.237668419881233;1806.80546819159
1157.19995;10.22;145.16992;78.22461;0.46383;0.65082;2.0918;6.957;0.23746687282681;1804.26275845298
1157.20007;10.22;145.17041;78.22559;0.46384;0.65079;2.0918;6.957;0.23746623214097;1804.25467883017
1157.23352;10.22;145.32031;78.41406;0.46561;0.64558;2.0926;6.95767;0.237205139414211;1800.9639606412
1157.23352;10.22;145.32031;78.41406;0.46561;0.64558;2.0926;6.95767;0.237205139414211;1800.9639606412
1157.25;10.22;145.394;78.507;0.46649;0.643;2.093;6.958;0.237074946378596;1799.32440721417
1157.32556;10.20641;145.82568;78.69678;0.4722;0.63847;2.0933;6.96495;0.238012934206163;1811.15666308291
1157.40002;10.19301;146.25098;78.88403;0.47782;0.634;2.0936;6.9718;0.238920018065587;1822.64351854383
1157.47803;10.17896;146.69629;79.07983;0.48372;0.62932;2.09391;6.97898;0.239860512685369;1834.59960861019
1157.48804;10.17715;146.75342;79.10498;0.48447;0.62872;2.09395;6.9799;0.239978060740269;1836.09724703714
1157.48804;10.17715;146.75342;79.10498;0.48447;0.62872;2.09395;6.9799;0.239978060740269;1836.09724703714
1157.5;10.175;146.82201;79.135;0.48537;0.628;2.094;6.981;0.240119126650882;1837.8954867625
1157.59998;10.1714;146.56519;79.04736;0.49043;0.6276;2.0956;6.94461;0.24150425938274;1855.60859062732
1157.6001;10.1714;146.56494;79.0473;0.49043;0.6276;2.0956;6.94455;0.241504409350321;1855.61051390383
1157.63037;10.17031;146.4873;79.02075;0.49196;0.62748;2.09608;6.93353;0.241924311011511;1861.00035251264
1157.7428;10.16626;146.19849;78.92224;0.49765;0.62703;2.09788;6.89261;0.243484469769474;1881.10850394356
1157.7428;10.16626;146.19849;78.92224;0.49765;0.62703;2.09788;6.89261;0.243484469769474;1881.10850394356
1157.75;10.166;146.17999;78.916;0.49801;0.627;2.098;6.89;0.243582380015776;1882.37473341303
1157.78284;10.17807;146.08154;78.9444;0.49899;0.62726;2.098;6.88553;0.243706307073956;1883.97818636454
1157.80005;10.18442;146.03003;78.95923;0.4995;0.6274;2.098;6.88319;0.243770397850563;1884.80775682036
1157.93518;10.23413;145.62573;79.07599;0.50352;0.62848;2.098;6.86481;0.244273624000484;1891.32893450975
1157.99756;10.25708;145.43921;79.12988;0.50537;0.62898;2.098;6.85634;0.244502661757106;1894.30142945108
1157.99756;10.25708;145.43921;79.12988;0.50537;0.62898;2.098;6.85634;0.244502661757106;1894.30142945108
1158;10.258;145.43201;79.132;0.50545;0.629;2.098;6.856;0.244513617618345;1894.44368610683
1158.08765;10.28989;145.54382;79.66553;0.50595;0.6276;2.09695;6.856;0.242747271557716;1871.59140983346
1158.19995;10.33078;145.68713;80.34912;0.50659;0.6258;2.0956;6.856;0.240417145594222;1841.69861848127
1158.20007;10.33081;145.68726;80.3501;0.50659;0.6258;2.0956;6.856;0.240413228476321;1841.64860918807
1158.23999;10.34534;145.73828;80.59277;0.50682;0.62516;2.09512;6.856;0.239568167648523;1830.87888685157
1158.25;10.349;145.75101;80.654;0.50688;0.625;2.095;6.856;0.239353685410387;1828.15149143635
1158.25208;10.34886;145.75635;80.64062;0.50691;0.625;2.09496;6.85599;0.239423065741612;1829.03347951595
1158.25208;10.34886;145.75635;80.64062;0.50691;0.625;2.09496;6.85599;0.239423065741612;1829.03347951595
1158.39246;10.33988;146.10938;79.75635;0.50892;0.625;2.09272;6.85543;0.243916810282483;1886.70405604418
1158.40002;10.33939;146.12842;79.7085;0.50903;0.625;2.0926;6.8554;0.244157630351762;1889.82490008389
1158.5;10.333;146.38;79.079;0.51047;0.625;2.091;6.855;0.247304003165387;1930.88246149181
1158.50659;10.33124;146.38142;79.08496;0.51057;0.625;2.09108;6.85745;0.247297088859368;1930.79166180237
1158.50659;10.33124;146.38142;79.08496;0.51057;0.625;2.09108;6.85745;0.247297088859368;1930.79166180237
1158.5448;10.32083;146.38968;79.11963;0.51111;0.625;2.09154;6.87167;0.247246310551541;1930.12490606453
1158.59998;10.30582;146.4016;79.16968;0.51189;0.625;2.0922;6.89221;0.247173218490118;1929.16539518724
1158.6001;10.30579;146.40163;79.1698;0.51189;0.625;2.0922;6.89224;0.247172759696626;1929.15937319125
1158.69714;10.27939;146.42259;79.25793;0.51327;0.625;2.09336;6.92834;0.247044755698199;1927.47969668329
1158.75;10.265;146.43401;79.306;0.51402;0.625;2.094;6.948;0.246972505291278;1926.53200553634
1158.76123;10.26477;146.44604;79.31073;0.51386;0.62473;2.09543;6.95003;0.246721007160643;1923.23522451151
1158.76123;10.26477;146.44604;79.31073;0.51386;0.62473;2.09543;6.95003;0.246721007160643;1923.23522451151
1158.80005;10.264;146.48767;79.32703;0.51332;0.6238;2.1004;6.95702;0.245851933341153;1911.86876686429
1158.84961;10.26301;146.54077;79.34784;0.51262;0.62261;2.10674;6.96593;0.244740816857768;1897.39509763061
1159;10.26;146.702;79.411;0.51051;0.619;2.126;6.993;0.241373800723977;1853.9358886753
1159.00195;10.25974;146.702;79.40857;0.51038;0.61892;2.12605;6.99326;0.241341871100026;1853.52664074162
1159.01587;10.25784;146.702;79.39124;0.50944;0.61836;2.12644;6.99503;0.241106091047539;1850.50628115159
1159.01587;10.25784;146.702;79.39124;0.50944;0.61836;2.12644;6.99503;0.241106091047539;1850.50628115159
1159.15442;10.239;146.702;79.21777;0.50002;0.61282;2.13032;7.01277;0.238734846956883;1820.29461451894
1159.19995;10.2328;146.702;79.16077;0.49693;0.611;2.1316;7.0186;0.237951863403022;1810.38431321091
1159.20007;10.23279;146.702;79.16052;0.49692;0.611;2.1316;7.01862;0.237950135322575;1810.36247677874
1159.25;10.226;146.702;79.098;0.49352;0.609;2.133;7.025;0.237086415865749;1799.46813682087
1159.27063;10.22509;146.65088;79.05371;0.49442;0.60867;2.13152;7.02853;0.237677626087719;1806.92085769226
1159.27063;10.22509;146.65088;79.05371;0.49442;0.60867;2.13152;7.02853;0.237677626087719;1806.92085769226
1159.30676;10.2235;146.56152;78.97632;0.49599;0.60809;2.12891;7.03476;0.238714019933025;1820.03029571139
1159.40002;10.2194;146.33105;78.77637;0.50006;0.6066;2.1222;7.0508;0.241395587067669;1854.21439984407
1159.45923;10.21679;146.18457;78.64941;0.50265;0.60565;2.11794;7.06097;0.243103139945174;1876.18095488613
1159.5;10.215;146.084;78.562;0.50443;0.605;2.115;7.068;0.244280516093812;1891.41731972136
1159.52527;10.21864;145.93555;78.5022;0.50507;0.60945;2.11317;7.06557;0.244881350613038;1899.22120058968
1159.52527;10.21864;145.93555;78.5022;0.50507;0.60945;2.11317;7.06557;0.244881350613038;1899.22120058968
1159.59998;10.2294;145.49609;78.3252;0.50695;0.6226;2.1078;7.0584;0.246650683584476;1922.3133514144
1159.6001;10.22942;145.49561;78.32495;0.50696;0.62262;2.10779;7.0584;0.246655544477063;1922.37702114953
1159.61157;10.23106;145.42822;78.29761;0.50725;0.62463;2.10696;7.05729;0.246929124238838;1925.96250997527
1159.75;10.251;144.614;77.97;0.51074;0.649;2.097;7.044;0.2502146352711;1969.33231635428
1159.76404;10.25281;144.60419;77.85938;0.51083;0.64816;2.097;7.04259;0.250646088135993;1975.07006067692
1159.77979;10.25482;144.5932;77.73535;0.51094;0.64721;2.097;7.04102;0.251130511255427;1981.52401849092
1159.77979;10.25482;144.5932;77.73535;0.51094;0.64721;2.097;7.04102;0.251130511255427;1981.52401849092
1159.80005;10.25742;144.57898;77.57617;0.51107;0.646;2.097;7.03899;0.251746356082487;1989.74689506798
1159.91638;10.27231;144.49756;76.66211;0.51184;0.63902;2.097;7.02736;0.255229886157989;2036.63880291946
1160;10.283;144.439;76.005;0.5124;0.634;2.097;7.019;0.257675375706331;2069.94258579283
1160.0343;10.26477;144.61035;75.93262;0.51191;0.63263;2.0981;7.01309;0.257688193163576;2070.11789695526
1160.0343;10.26477;144.61035;75.93262;0.51191;0.63263;2.0981;7.01309;0.257688193163576;2070.11789695526
1160.06885;10.24634;144.78271;75.85986;0.51141;0.63124;2.09921;7.00716;0.257697342628309;2070.24301974999
1160.19995;10.17664;145.43799;75.5835;0.50954;0.626;2.1034;6.9846;0.257734264861039;2070.7480102433
1160.20007;10.17657;145.43848;75.58301;0.50953;0.626;2.1034;6.98459;0.257733285755063;2070.73460925474
1160.22119;10.16534;145.54395;75.53857;0.50923;0.62515;2.10408;6.98096;0.257737104905969;2070.78682936581
1160.25;10.15;145.688;75.478;0.50882;0.624;2.105;6.976;0.257742428120378;2070.85961785337
1160.28906;10.1475;145.12305;75.54688;0.50727;0.62494;2.10484;6.96739;0.25691259100339;2059.51986204121
1160.28906;10.1475;145.12305;75.54688;0.50727;0.62494;2.10484;6.96739;0.25691259100339;2059.51986204121
1160.37366;10.14209;143.89844;75.69617;0.50392;0.62697;2.10451;6.94879;0.2551160669936;2035.09557328381
1160.40002;10.1404;143.51758;75.74268;0.50288;0.6276;2.1044;6.94298;0.254559163140589;2027.55909644058
1160.5;10.134;142.073;75.919;0.49892;0.63;2.104;6.921;0.252442655144385;1999.06702362656
1160.526;10.13567;141.9248;75.97827;0.4973;0.63166;2.10275;6.93567;0.251919286195272;1992.05824649153
1160.54382;10.13681;141.82324;76.01904;0.49619;0.6328;2.1019;6.94574;0.251559275839668;1987.24555543418
1160.54382;10.13681;141.82324;76.01904;0.49619;0.6328;2.1019;6.94574;0.251559275839668;1987.24555543418
1160.59998;10.1404;141.50439;76.14697;0.49268;0.6364;2.09921;6.97742;0.250425622325459;1972.13560583491
1160.6001;10.14041;141.50342;76.14722;0.49268;0.63641;2.0992;6.97748;0.250425881347039;1972.13905090644
1160.67834;10.14542;141.05859;76.32568;0.48779;0.64141;2.09544;7.02161;0.248848152638346;1951.22378592555
1160.75;10.15;140.65199;76.489;0.48333;0.646;2.092;7.062;0.247409378569498;1932.26581790362
1160.79834;10.14478;140.95801;76.44287;0.48849;0.646;2.09451;7.06837;0.248741667247672;1949.81710136146
1160.79834;10.14478;140.95801;76.44287;0.48849;0.646;2.09451;7.06837;0.248741667247672;1949.81710136146
1160.80005;10.1446;140.96875;76.44116;0.48867;0.646;2.0946;7.0686;0.248788185309969;1950.43162325015
1160.83081;10.14127;141.16357;76.41187;0.49195;0.646;2.0962;7.07266;0.249635085522048;1961.6395991464
1160.98315;10.12482;142.12842;76.26611;0.50819;0.646;2.10412;7.09277;0.253838549521536;2017.83240353897
1161;10.123;142.235;76.25;0.50999;0.646;2.105;7.095;0.254304622322251;2024.12075059857
1161.05298;10.11516;142.49951;76.07031;0.50906;0.646;2.10775;7.08821;0.254360752500381;2024.87875440536
1161.05298;10.11516;142.49951;76.07031;0.50906;0.646;2.10775;7.08821;0.254360752500381;2024.87875440536
1161.13562;10.10292;142.91211;75.79004;0.50762;0.646;2.11205;7.07764;0.254436700805405;2025.90463732961
1161.19995;10.0934;143.23389;75.57178;0.50649;0.646;2.11539;7.0694;0.254483946663355;2026.54294973796
1161.20007;10.09338;143.23438;75.57153;0.50649;0.646;2.1154;7.06938;0.254483513670656;2026.53709809896
1161.25;10.086;143.48399;75.402;0.50561;0.646;2.118;7.063;0.254512132872303;2026.92379395616
1161.28796;10.086;143.58667;76.08594;0.50577;0.6463;2.118;7.05341;0.252281670634627;1996.91019398548
1161.3075;10.086;143.63965;76.4375;0.50585;0.64646;2.118;7.04849;0.251112937775932;1981.28894542941
1161.3075;10.086;143.63965;76.4375;0.50585;0.64646;2.118;7.04849;0.251112937775932;1981.28894542941
1161.40002;10.086;143.89014;78.09961;0.50623;0.6472;2.118;7.02518;0.245379226471636;1905.70315215172
1161.44043;10.086;143.99951;78.82617;0.50639;0.64752;2.118;7.01498;0.242757657431907;1871.72537920078
1161.5;10.086;144.161;79.896;0.50664;0.648;2.118;7;0.238767872733077;1820.71473865691
1161.56226;10.086;144.36792;79.62402;0.50517;0.6485;2.12248;6.99975;0.238896412055169;1822.34485458814
1161.56226;10.086;144.36792;79.62402;0.50517;0.6485;2.12248;6.99975;0.238896412055169;1822.34485458814
1161.59277;10.086;144.46924;79.49072;0.50445;0.64874;2.12468;6.99963;0.238952126821452;1823.05168553691
1161.59998;10.086;144.49316;79.45947;0.50428;0.6488;2.1252;6.9996;0.238963702277671;1823.19855770397
1161.6001;10.086;144.49365;79.45898;0.50427;0.6488;2.12521;6.9996;0.238961720770077;1823.17341234259
1161.74524;10.086;144.97607;78.82471;0.50084;0.64996;2.13566;6.99902;0.239163227332492;1825.73125011267
1161.75;10.086;144.992;78.804;0.50073;0.65;2.136;6.999;0.239168914787269;1825.80347423493
1161.80005;10.13257;145.09717;78.46045;0.49759;0.6498;2.1374;6.9988;0.239427390474527;1829.08790735974
1161.81689;10.14819;145.13257;78.34473;0.49653;0.64973;2.13787;6.99873;0.239508194648239;1830.1154039366
1161.81689;10.14819;145.13257;78.34473;0.49653;0.64973;2.13787;6.99873;0.239508194648239;1830.1154039366
1161.89758;10.22302;145.30225;77.79053;0.49146;0.64941;2.14013;6.99841;0.239855652634121;1834.53756092668
1162;10.318;145.51801;77.087;0.48503;0.649;2.143;6.998;0.240205166672312;1838.99227585194
1162.05005;10.28918;145.44153;77.12;0.48648;0.6476;2.1444;7.00241;0.240270409814154;1839.82459787381
1162.07153;10.27679;145.40869;77.13422;0.48711;0.647;2.14501;7.0043;0.240298950000617;1840.18876299679
1162.07153;10.27679;145.40869;77.13422;0.48711;0.647;2.14501;7.0043;0.240298950000617;1840.18876299679
1162.19995;10.20282;145.2124;77.21893;0.49084;0.6434;2.1486;7.0156;0.240467442089381;1842.33955671115
1162.20007;10.20276;145.21228;77.21899;0.49084;0.64339;2.1486;7.01561;0.240467197649259;1842.33643500305
1162.20239;10.20142;145.20874;77.22058;0.49091;0.64333;2.14867;7.01582;0.240470017597453;1842.3724443975
1162.25;10.174;145.136;77.252;0.49229;0.642;2.15;7.02;0.240531279143466;1843.1548268595
1162.32605;10.12323;145.01953;78.09277;0.49645;0.64048;2.14666;7.03188;0.23914431967517;1825.49044808409
1162.32605;10.12323;145.01953;78.09277;0.49645;0.64048;2.14666;7.03188;0.23914431967517;1825.49044808409
1162.35486;10.10394;144.97546;78.41211;0.49803;0.6399;2.14539;7.03636;0.238584448915705;1818.38884221737
1162.40002;10.07379;144.90625;78.91113;0.5005;0.639;2.1434;7.04341;0.237672643988135;1806.85879650386
1162.5;10.007;144.75301;80.018;0.50597;0.637;2.139;7.059;0.235475647523901;1779.25843463612
1162.5072;10.00606;144.74646;80.12891;0.50565;0.63683;2.13891;7.059;0.234969966051689;1772.94188961216
1162.58069;9.99635;144.67981;81.26367;0.50238;0.63506;2.13803;7.059;0.229704843683422;1707.98119073187
1162.58069;9.99635;144.67981;81.26367;0.50238;0.63506;2.13803;7.059;0.229704843683422;1707.98119073187
1162.59998;9.9938;144.66223;81.5625;0.50153;0.6346;2.1378;7.059;0.22829379267982;1690.82187692808
1162.6001;9.99379;144.66211;81.56445;0.50152;0.6346;2.1378;7.059;0.228283208675793;1690.69356787428
1162.65955;9.98595;144.60815;82.48242;0.49889;0.63317;2.13709;7.059;0.223869986469246;1637.71083243295
1162.75;9.974;144.526;83.882;0.49487;0.631;2.136;7.059;0.216913794308136;1556.29852606418
1162.80005;9.99384;144.43909;83.72339;0.49187;0.6298;2.1394;7.04678;0.216429159427711;1550.72212834639
1162.81201;9.99857;144.41833;83.68555;0.49115;0.62951;2.14021;7.04385;0.21631084479747;1549.36264888286
1162.83533;10.00781;144.37781;83.61157;0.48975;0.62895;2.1418;7.03815;0.21607866035849;1546.69692380306
1162.83533;10.00781;144.37781;83.61157;0.48975;0.62895;2.1418;7.03815;0.21607866035849;1546.69692380306
1162.96436;10.0589;144.15381;83.20215;0.48199;0.62586;2.15057;7.00668;0.214747852644471;1531.47307209078
1163;10.073;144.092;83.089;0.47984;0.625;2.153;6.998;0.214364182105578;1527.10152018904
1163.09009;10.10471;143.83325;82.60791;0.47221;0.62356;2.15264;6.98538;0.214418475375982;1527.71931242519
1163.09009;10.10471;143.83325;82.60791;0.47221;0.62356;2.15264;6.98538;0.214418475375982;1527.71931242519
1163.11682;10.11414;143.75635;82.46533;0.46995;0.62313;2.15253;6.98164;0.214421344868201;1527.75188583918
1163.19995;10.14337;143.51782;82.02197;0.46291;0.6218;2.1522;6.97;0.214385941077474;1527.34847846879
1163.20007;10.14343;143.51733;82.021;0.4629;0.6218;2.1522;6.96999;0.214387086023821;1527.3615128326
1163.25;10.161;143.37399;81.755;0.45867;0.621;2.152;6.963;0.214335902667846;1526.7786835316
1163.26917;10.15588;143.37399;81.62695;0.45712;0.62069;2.15246;6.96262;0.214375969530755;1527.23468361845
1163.34473;10.13562;143.37399;81.12305;0.45098;0.61948;2.15427;6.96111;0.214479901246226;1528.41780980155
1163.34473;10.13562;143.37399;81.12305;0.45098;0.61948;2.15427;6.96111;0.214479901246226;1528.41780980155
1163.40002;10.12079;143.37399;80.75391;0.44649;0.6186;2.1556;6.96;0.214514424957646;1528.81080810316
1163.42163;10.11502;143.37399;80.60986;0.44473;0.61825;2.15612;6.95957;0.21451601383455;1528.82881069516
1163.5;10.094;143.37399;80.087;0.43837;0.617;2.158;6.958;0.214485215165002;1528.47763662735
1163.57397;10.03601;142.64844;80.19507;0.44081;0.6244;2.16421;6.9509;0.213689595370371;1519.4325955151
1163.59924;10.01617;142.40039;80.23193;0.44164;0.62692;2.16634;6.94847;0.213415865093041;1516.32844967781
1163.59924;10.01617;142.40039;80.23193;0.44164;0.62692;2.16634;6.94847;0.213415865093041;1516.32844967781
1163.59998;10.01562;142.39355;80.23303;0.44166;0.62699;2.1664;6.9484;0.21340709354082;1516.22904428075
1163.6001;10.0155;142.39258;80.23315;0.44167;0.62701;2.1664;6.94839;0.213408992521336;1516.25056572343
1163.72644;9.91644;141.15332;80.4176;0.44583;0.63964;2.17702;6.93626;0.212046668970046;1500.86126454763
1163.75;9.898;140.922;80.452;0.4466;0.642;2.179;6.934;0.211791082457783;1497.98504390253
1163.80005;9.87979;140.09961;80.7207;0.4447;0.65701;2.1802;6.8418;0.209925270474262;1477.09332312949
1163.85376;9.86023;139.2168;81.00879;0.44265;0.67313;2.18149;6.74268;0.207919221116779;1454.83755373043
1163.85376;9.86023;139.2168;81.00879;0.44265;0.67313;2.18149;6.74268;0.207919221116779;1454.83755373043
1163.87878;9.85114;138.80469;81.14307;0.4417;0.68063;2.18209;6.69653;0.206985075398013;1444.54675292661
1164;9.807;136.812;81.793;0.43708;0.717;2.185;6.473;0.202453068186502;1395.2786310221
1164.03125;9.80351;136.49805;81.76465;0.43709;0.72638;2.18525;6.44434;0.20243467670475;1395.08108673613
1164.10852;9.79485;135.72363;81.69446;0.43712;0.74957;2.18587;6.37354;0.202390171146631;1394.60311388357
1164.10852;9.79485;135.72363;81.69446;0.43712;0.74957;2.18587;6.37354;0.202390171146631;1394.60311388357
1164.18359;9.78644;134.97168;81.62622;0.43715;0.77209;2.18647;6.30481;0.202346372799593;1394.13280977026
1164.19995;9.78461;134.80762;81.61145;0.43716;0.77698;2.1866;6.28979;0.202337206702542;1394.03439774663
1164.20007;9.78459;134.80664;81.61133;0.43716;0.77704;2.1866;6.28967;0.202337353505384;1394.03597612621
1164.25;9.779;134.306;81.566;0.43718;0.792;2.187;6.244;0.202306804126127;1393.70798613893
1164.33606;9.75937;134.74414;82.91406;0.43826;0.80852;2.18838;6.21472;0.197505458432562;1342.73870571043
1164.36328;9.75314;134.88281;83.33984;0.43861;0.81375;2.18881;6.20547;0.195934749108807;1326.33038130838
1164.36328;9.75314;134.88281;83.33984;0.43861;0.81375;2.18881;6.20547;0.195934749108807;1326.33038130838
1164.40002;9.74478;135.06982;83.91406;0.43907;0.8208;2.1894;6.19299;0.193766620121293;1303.89637262404
1164.4884;9.72464;135.52002;85.29883;0.44018;0.83777;2.19081;6.16293;0.188314024600878;1248.58066982333
1164.5;9.722;135.57899;85.479;0.44033;0.84;2.191;6.159;0.187580770043073;1241.26235001719
1164.59998;9.722;137.09961;89.63672;0.43841;0.84959;2.189;6.01672;0.168482487165534;1060.7057286837
1164.6001;9.722;137.10156;89.64062;0.43841;0.8496;2.189;6.0166;0.16846318682326;1060.53305871724
1164.6178;9.722;137.37109;90.37891;0.43807;0.8513;2.18864;5.99133;0.164688354757828;1027.14189969081
1164.6178;9.722;137.37109;90.37891;0.43807;0.8513;2.18864;5.99133;0.164688354757828;1027.14189969081
1164.64075;9.722;137.7207;91.33203;0.43763;0.85351;2.18818;5.95874;0.159620595956579;983.503689171262
1164.75;9.722;139.38699;95.876;0.43553;0.864;2.186;5.803;0.131966160013079;769.399700384505
1164.79321;9.72131;139.27612;95.89331;0.43287;0.8614;2.18082;5.78677;0.131823491221414;768.400421500971
1164.80005;9.7212;139.25854;95.89603;0.43245;0.86099;2.18001;5.78421;0.131800366685269;768.238554744045
1164.87244;9.72004;139.07251;95.92499;0.42799;0.85665;2.17131;5.75699;0.13156265441227;766.57626625025
1164.87244;9.72004;139.07251;95.92499;0.42799;0.85665;2.17131;5.75699;0.13156265441227;766.57626625025
1164.94556;9.71887;138.88477;95.95422;0.42348;0.85226;2.16254;5.72949;0.13132021962298;764.884044576432
1165;9.718;138.745;95.976;0.42012;0.849;2.156;5.709;0.131140011808106;763.628196343215
1165.09802;9.74268;140.01562;94.27734;0.41501;0.85213;2.14894;5.74783;0.142318055119366;844.78948484812
1165.12695;9.74997;140.39062;93.77539;0.4135;0.85306;2.14686;5.75928;0.145442328662568;868.660587668887
1165.12695;9.74997;140.39062;93.77539;0.4135;0.85306;2.14686;5.75928;0.145442328662568;868.660587668887
1165.19995;9.76837;141.33691;92.51172;0.4097;0.8554;2.1416;5.78818;0.152980496934505;928.390285089403
1165.20007;9.7684;141.33887;92.50977;0.40969;0.8554;2.14159;5.78824;0.152991278891771;928.477878425382
1165.25;9.781;141.98599;91.644;0.40709;0.857;2.138;5.808;0.15789830825232;968.983686732285
1165.25037;9.78105;141.99609;91.63867;0.40711;0.85718;2.13801;5.80786;0.157933216860995;969.276427646295
1165.38171;9.79787;145.16602;90.02148;0.41555;0.92236;2.14274;5.7627;0.168628202746887;1062.01088556291
1165.38171;9.79787;145.16602;90.02148;0.41555;0.92236;2.14274;5.7627;0.168628202746887;1062.01088556291
1165.40002;9.8002;145.60938;89.79688;0.41673;0.9314;2.1434;5.75638;0.170082284057296;1075.08804845314
1165.40283;9.80057;145.67578;89.76172;0.41691;0.9328;2.1435;5.75543;0.170307833965829;1077.12657224048
1165.5;9.813;148.022;88.566;0.42315;0.981;2.147;5.722;0.177904115086332;1147.35953805041
1165.55518;9.813;148.36035;88.6438;0.42859;10.01373;2.1534;5.53418;0.17807890103475;1149.01877367527
1165.59998;9.813;148.63525;88.70691;0.43301;10.04022;2.1586;5.38184;0.178218662268617;1150.34097741774
1165.6001;9.813;148.63574;88.70703;0.43301;10.04028;2.1586;5.38159;0.178218184489832;1150.33645567599
1165.63635;9.813;148.8584;88.75806;0.43659;10.06177;2.16281;5.2583;0.178330193295181;1151.39685499975
1165.63635;9.813;148.8584;88.75806;0.43659;10.06177;2.16281;5.2583;0.178330193295181;1151.39685499975
1165.70764;9.813;149.29541;88.8584;0.44362;10.10394;2.17108;5.01587;0.178544340526231;1153.42606440418
1165.75;9.813;149.55499;88.918;0.44779;10.129;2.176;4.872;0.17866644833182;1154.58421995928
1165.80005;9.813;148.99121;89.50391;0.44973;10.11819;2.17961;4.8786;0.175520627525813;1124.99976516414
1165.85999;9.813;148.31543;90.20508;0.45204;10.10526;2.18392;4.88651;0.17165493229428;1089.36502192532
1165.89099;9.813;147.9668;90.56836;0.45324;10.09856;2.18616;4.89059;0.169608206785099;1070.81920963946
1165.89099;9.813;147.9668;90.56836;0.45324;10.09856;2.18616;4.89059;0.169608206785099;1070.81920963946
1166;9.813;146.73801;91.845;0.45746;10.075;2.194;4.905;0.162166302753482;1005.26147255274
1166.01245;9.813;146.5293;91.9541;0.45842;10.07059;2.192;4.9198;0.161873626283289;1002.74331569924
1166.14551;9.813;144.30078;93.13086;0.46873;10.02322;2.17072;5.07788;0.158297080942373;972.338536900889
1166.14551;9.813;144.30078;93.13086;0.46873;10.02322;2.17072;5.07788;0.158297080942373;972.338536900889
1166.16479;9.813;143.97656;93.30176;0.47023;10.01636;2.16763;5.10083;0.157717070375304;967.47178716732
1166.19995;9.813;143.38867;93.6123;0.47295;10.00385;2.162;5.14258;0.156622641870526;958.337319504353
1166.20007;9.813;143.38672;93.61328;0.47297;10.00378;2.16199;5.1427;0.156620457584651;958.319152335809
1166.25;9.813;142.55;94.056;0.47684;0.986;2.154;5.202;0.154961522444443;944.589742847913
1166.31726;9.92078;141.36914;93.83643;0.48685;0.98116;2.14325;5.30591;0.159012325978964;978.359678180036
1166.40002;10.05359;139.91602;93.56641;0.49916;0.9752;2.13;5.43372;0.164040668560568;1021.49114698156
1166.40015;10.05371;139.91406;93.56592;0.49918;0.97519;2.12999;5.43384;0.164048225407272;1021.55697753021
1166.40015;10.05371;139.91406;93.56592;0.49918;0.97519;2.12999;5.43384;0.164048225407272;1021.55697753021
1166.4696;10.16516;138.69336;93.33911;0.50951;0.97019;2.11887;5.54114;0.168306173523069;1059.13184501995
1166.5;10.214;138.159;93.24;0.51403;0.968;2.114;5.588;0.17017919952507;1075.96553800078
1166.59998;10.46997;140.07422;92.4541;0.51981;0.9444;2.1116;5.70996;0.17725158181922;1141.20761136414
1166.6001;10.47021;140.07617;92.45312;0.51982;0.94437;2.1116;5.71008;0.17726049017552;1141.29146508696
1166.62195;10.52612;140.49414;92.28125;0.52108;0.93921;2.11107;5.73669;0.178794494534517;1155.79378092355
1166.65479;10.61035;141.125;92.02246;0.52298;0.93146;2.11029;5.77686;0.181095357139132;1177.78017282085
1166.65479;10.61035;141.125;92.02246;0.52298;0.93146;2.11029;5.77686;0.181095357139132;1177.78017282085
1166.75;10.854;142.94901;91.274;0.52849;0.909;2.108;5.893;0.187703334246338;1242.48721326009
1166.77441;10.84912;143.38867;91.16748;0.52444;0.90176;2.10957;5.893;0.187506650963162;1240.52763008693
1166.80005;10.84399;143.84766;91.05566;0.5202;0.89417;2.11121;5.893;0.187292379547295;1238.39515456776
1166.90955;10.8221;145.8125;90.57812;0.50206;0.86176;2.11822;5.893;0.186253485464024;1228.09046985454
1166.90955;10.8221;145.8125;90.57812;0.50206;0.86176;2.11822;5.893;0.186253485464024;1228.09046985454
1166.92676;10.81865;146.12109;90.50293;0.49921;0.85666;2.11932;5.893;0.186074280501383;1226.31875455449
1167;10.804;147.433;90.184;0.48708;0.835;2.124;5.893;0.185254069168721;1218.23149331942
1167.07922;10.66614;146.88477;90.03394;0.4767;0.83215;2.13161;5.87747;0.182998321776017;1196.17505313692
1167.16406;10.51855;146.29785;89.87305;0.46559;0.82909;2.13976;5.86086;0.180546352571072;1172.50647383421
1167.16406;10.51855;146.29785;89.87305;0.46559;0.82909;2.13976;5.86086;0.180546352571072;1172.50647383421
1167.19995;10.45605;146.0498;89.80493;0.46088;0.8278;2.1432;5.85382;0.179496237694398;1162.46748241703
1167.20007;10.45581;146.04883;89.80469;0.46086;0.8278;2.14321;5.85379;0.179492010981678;1162.42719387235
1167.23157;10.401;145.83105;89.74512;0.45674;0.82666;2.14623;5.84763;0.178566164134004;1153.62497535293
1167.25;10.369;145.70399;89.71;0.45432;0.826;2.148;5.844;0.178021161905588;1148.46481038289
1167.38403;10.2345;142.7793;84.55859;0.43736;0.826;2.14907;5.75555;0.197876541957549;1346.63546441023
1167.40002;10.21838;142.42969;83.94531;0.43535;0.826;2.1492;5.745;0.199831737510467;1367.28193406266
1167.4187;10.19971;142.02148;83.22656;0.43298;0.826;2.14935;5.73267;0.202023353458857;1390.66625479339
1167.4187;10.19971;142.02148;83.22656;0.43298;0.826;2.14935;5.73267;0.202023353458857;1390.66625479339
1167.5;10.118;140.248;80.1;0.42271;0.826;2.15;5.679;0.210448752708101;1482.93943910247
1167.53638;10.08899;139.81152;79.77637;0.4171;0.83081;2.14096;5.6272;0.211173921976226;1491.05758940605
1167.59998;10.03839;139.0498;79.21094;0.4073;0.8392;2.12518;5.53662;0.212398270077581;1504.82734097693
1167.6001;10.03827;139.04883;79.20996;0.40729;0.83922;2.12515;5.5365;0.212402676399756;1504.87704117341
1167.67322;9.9801;138.17285;78.55957;0.39601;0.84886;2.10703;5.43237;0.213741382885533;1520.02435314875
1167.67322;9.9801;138.17285;78.55957;0.39601;0.84886;2.10703;5.43237;0.213741382885533;1520.02435314875
1167.68884;9.96765;137.98535;78.4209;0.3936;0.85094;2.10315;5.41003;0.214018958506373;1523.17700261966
1167.75;9.919;137.25301;77.878;0.38418;0.859;2.088;5.323;0.215076516036862;1535.2260233441
1167.80005;9.94983;138.1875;77.28027;0.37704;0.88861;2.0824;5.13379;0.216078027296928;1546.69156768757
1167.84119;9.97516;138.95312;76.78809;0.37117;0.91296;2.07779;4.97852;0.216863470224235;1555.72077578117
1167.92798;10.02863;140.57227;75.75098;0.35876;0.96436;2.06807;4.65039;0.218394847141501;1573.41921964555
1167.92798;10.02863;140.57227;75.75098;0.35876;0.96436;2.06807;4.65039;0.218394847141501;1573.41921964555
1167.99365;10.06909;141.79688;74.96582;0.3494;10.00323;2.06071;4.40234;0.219464096972379;1585.86223740181
1168;10.073;141.916;74.89;0.34848;10.007;2.06;4.378;0.21955855482777;1586.96332392317
1168.146;10.4187;146.07031;72.4082;0.34848;10.1098;2.03897;3.87646;0.230789775765617;1721.26225389214
1168.18274;10.50586;147.11719;71.7832;0.34848;10.13568;2.03368;3.75024;0.233574390658526;1755.59597532718
1168.18274;10.50586;147.11719;71.7832;0.34848;10.13568;2.03368;3.75024;0.233574390658526;1755.59597532718
1168.19995;10.54663;147.60547;71.49023;0.34848;10.14783;2.0312;3.69092;0.234873242758088;1771.75137818905
1168.20007;10.54688;147.60938;71.48828;0.34848;10.14789;2.03119;3.69067;0.234881121882666;1771.84965381156
1168.25;10.665;149.035;70.638;0.34848;10.183;2.024;3.519;0.238632546462979;1819.01529975146
1168.29834;10.79443;150.59375;69.99121;0.34847;10.20544;2.02129;3.31543;0.241206423949858;1851.80824425756
1168.40002;11.06714;153.87109;68.63281;0.34845;10.25262;2.0156;2.88672;0.246550561199257;1921.01972404804
1168.43726;11.16675;155.07031;68.13477;0.34844;10.2699;2.01352;2.72949;0.248486769285882;1946.46967912991
1168.43726;11.16675;155.07031;68.13477;0.34844;10.2699;2.01352;2.72949;0.248486769285882;1946.46967912991
1168.45081;11.20312;155.50391;67.9541;0.34844;10.27618;2.01276;2.67236;0.249187959524572;1955.73538464992
1168.5;11.335;157.09;67.297;0.34843;10.299;2.01;2.465;0.251726101324873;1989.49334124289
1168.59998;11.47778;157.98242;66.94824;0.35106;10.39734;2.0084;1.91895;0.253918916779132;2018.93383726916
1168.6001;11.47791;157.9834;66.948;0.35106;10.39746;2.0084;1.91797;0.253919824412902;2018.94607593539
1168.60315;11.4823;158.01074;66.93726;0.35114;10.40039;2.00835;1.90137;0.25398711757273;2019.8535879226
1168.69189;11.60901;158.80371;66.62769;0.35347;10.48779;2.00693;1.41699;0.255932818826346;2046.19720815744
1168.69189;11.60901;158.80371;66.62769;0.35347;10.48779;2.00693;1.41699;0.255932818826346;2046.19720815744
1168.75;11.692;159.32201;66.425;0.355;10.545;2.006;1.1;0.25720805541406;2063.57220282252
1168.75562;11.6889;159.27148;66.26172;0.35535;10.54749;2.00578;1.07666;0.257709240945745;2070.42444956567
1168.80005;11.66418;158.86816;64.97266;0.35813;10.56738;2.004;0.89209;0.261627346319266;2124.45283924767
1168.90796;11.60419;157.88672;61.83984;0.36486;10.61572;1.99968;0.44385;0.270799119517134;2254.11401173332
1168.94641;11.58282;157.53809;60.72656;0.36726;10.63293;1.99814;0.28369;0.273954378015817;2299.75257720051
1168.94641;11.58282;157.53809;60.72656;0.36726;10.63293;1.99814;0.28369;0.273954378015817;2299.75257720051
1169;11.553;157.05;59.169;0.3706;10.657;1.996;0.061;0.278273081255147;2363.07658278063
1169.06042;11.46411;156.50684;58.63379;0.37325;10.66376;1.99286;-0.04712;0.280491023334036;2395.98263580138
1169.19995;11.25867;155.25391;57.39746;0.37937;10.67938;1.9856;-0.29663;0.285594250818082;2472.68767278654
1169.20007;11.25854;155.25293;57.39648;0.37937;10.6794;1.9856;-0.29688;0.285595701105004;2472.70966816139
1169.20117;11.25696;155.24316;57.38672;0.37942;10.67952;1.98554;-0.29883;0.285636933644709;2473.33505710783
1169.20117;11.25696;155.24316;57.38672;0.37942;10.67952;1.98554;-0.29883;0.285636933644709;2473.33505710783
1169.21277;11.23987;155.13867;57.28418;0.37993;10.68082;1.98494;-0.31958;0.286059073316936;2479.74299699291
1169.25;11.185;154.804;56.954;0.38156;10.685;1.983;-0.386;0.287415012255915;2500.38971529425
1169.36523;11.03345;155.10522;57.8291;0.38273;10.62646;1.99223;-0.41043;0.284720473497792;2459.45606701656
1169.40002;10.98767;155.19629;58.09375;0.38308;10.60876;1.995;-0.41782;0.28390296254661;2447.11321662891
1169.45581;10.91418;155.34229;58.51758;0.38364;10.58044;1.99947;-0.42964;0.28258301673308;2427.2594735655
1169.45581;10.91418;155.34229;58.51758;0.38364;10.58044;1.99947;-0.42964;0.28258301673308;2427.2594735655
1169.5;10.856;155.45799;58.853;0.38409;10.558;2.003;-0.439;0.28153766879387;2411.60169961433
1169.51758;10.81372;154.875;59.33008;0.3849;10.53857;2.00505;-0.42212;0.280313469242304;2393.33876630292
1169.59998;10.61572;152.14844;61.56641;0.38871;10.44751;2.0146;-0.34302;0.274457490943726;2307.07861354524
1169.6001;10.61548;152.14453;61.56836;0.38872;10.44739;2.01462;-0.3429;0.274451945570856;2306.99779174214
1169.67004;10.44727;149.82812;63.4668;0.39196;10.37024;2.02274;-0.27576;0.26929481828037;2232.54147133921
1169.71045;10.3501;148.49219;64.5625;0.39383;10.32556;2.02742;-0.23694;0.266236768042949;2189.05774715865
1169.71045;10.3501;148.49219;64.5625;0.39383;10.32556;2.02742;-0.23694;0.266236768042949;2189.05774715865
1169.75;10.255;147.18201;65.637;0.39566;10.282;2.032;-0.199;0.263175671539411;2146.02806065935
1169.80005;10.19495;145.71094;67.29297;0.39526;10.25372;2.0424;-0.10938;0.257009380314548;2060.85957396816
1169.82239;10.16821;145.05469;68.03516;0.39508;10.24115;2.04706;-0.06958;0.254207024885613;2022.82093037525
1169.96497;9.99707;140.86719;72.76172;0.39393;10.16071;2.07671;0.18555;0.235716854759286;1782.2924425788
1169.96497;9.99707;140.86719;72.76172;0.39393;10.16071;2.07671;0.18555;0.235716854759286;1782.2924425788
1169.97485;9.98523;140.57422;73.08984;0.39385;10.15515;2.07877;0.20312;0.234387002454239;1765.69297289404
1170;9.955;139.83501;73.925;0.39365;10.141;2.084;0.248;0.230978273215521;1723.57344796581
1170.1272;9.97993;135.23047;76.43555;0.40184;10.05756;2.0952;0.3894;0.222779633127613;1624.79482970358
1170.19995;9.99419;132.59766;77.87109;0.40652;10.00983;2.1016;0.47034;0.217822231001556;1566.79891691151
1170.20007;9.99422;132.58984;77.87305;0.40653;10.0097;2.10161;0.47046;0.217814796865798;1566.71292606149
1170.21948;9.99802;131.89062;78.25586;0.40778;0.99701;2.10332;0.49207;0.21645811299019;1551.05857445604
1170.21948;9.99802;131.89062;78.25586;0.40778;0.99701;2.10332;0.49207;0.21645811299019;1551.05857445604
1170.25;10.004;130.784;78.857;0.40975;0.977;2.106;0.526;0.214296014406584;1526.32980112662
1170.27954;10.03796;130.08594;79.64258;0.41147;0.96991;2.10352;0.55237;0.212220943131809;1502.83007936979
1170.40002;10.17676;127.24609;82.84766;0.41848;0.94098;2.0934;0.6604;0.202761205030409;1398.59788328135
1170.43201;10.21362;126.49219;83.69922;0.42034;0.93332;2.09071;0.68909;0.199953439622799;1368.57505809036
1170.47424;10.26233;125.49609;84.82227;0.4228;0.92319;2.08717;0.72693;0.196042335247093;1327.45220344132
1170.47424;10.26233;125.49609;84.82227;0.4228;0.92319;2.08717;0.72693;0.196042335247093;1327.45220344132
1170.5;10.292;124.89;85.508;0.4243;0.917;2.085;0.75;0.193532458532589;1301.49030103292
1170.58435;10.4978;125.21436;86.65723;0.42989;0.91565;2.08871;0.8114;0.189306299723552;1258.53133384229
1170.59998;10.53589;125.2749;86.86914;0.43093;0.9154;2.0894;0.82281;0.188495751676916;1250.40049678914
1170.6001;10.53613;125.27539;86.87109;0.43094;0.9154;2.0894;0.82288;0.188489066434943;1250.33358041303
1170.729;10.85059;125.771;88.62598;0.43949;0.91334;2.09507;0.91675;0.181344629865466;1180.17726807422
1170.729;10.85059;125.771;88.62598;0.43949;0.91334;2.09507;0.91675;0.181344629865466;1180.17726807422
1170.73682;10.86963;125.80127;88.73242;0.44001;0.91321;2.09542;0.92242;0.180885754264928;1175.76387885847
1170.75;10.902;125.852;88.912;0.44088;0.913;2.096;0.932;0.180104226201871;1168.27301121242
1170.80005;10.76807;126.18945;88.69092;0.4435;0.911;2.10081;0.9364;0.181356552144138;1180.29209399102
1170.88916;10.52979;126.78955;88.2959;0.44817;0.90743;2.10936;0.94424;0.183572806496464;1201.76650031129
1170.98352;10.2771;127.42529;87.87842;0.45312;0.90366;2.11842;0.95255;0.185884486167667;1224.44345034786
1170.98352;10.2771;127.42529;87.87842;0.45312;0.90366;2.11842;0.95255;0.185884486167667;1224.44345034786
1171;10.233;127.536;87.805;0.45398;0.903;2.12;0.954;0.186286632046864;1228.41736939872
1171.04163;10.16345;128.31055;87.3125;0.45119;0.8912;2.12482;1.15918;0.187697111136753;1242.42309582921
1171.19397;9.90881;131.15234;85.5127;0.44099;0.84793;2.14249;1.91016;0.192235437276762;1288.20422754859
1171.19995;9.8988;131.26367;85.44238;0.44058;0.84622;2.14319;1.93945;0.192390391968809;1289.78665980372
1171.20007;9.89856;131.26562;85.44141;0.44057;0.84619;2.1432;1.93994;0.192391562896298;1289.79862200314
1171.23816;9.83484;131.97656;84.99121;0.43803;0.83539;2.14761;2.12793;0.193380197515954;1299.92485896689
1171.23816;9.83484;131.97656;84.99121;0.43803;0.83539;2.14761;2.12793;0.193380197515954;1299.92485896689
1171.25;9.815;132.19901;84.852;0.43723;0.832;2.149;2.186;0.193669022358421;1302.89297867333
1171.34644;9.74939;132.68066;84.80066;0.43675;0.81042;2.16251;2.5752;0.19224780545163;1288.32963860257
1171.40002;9.71295;132.94824;84.77216;0.43648;0.7984;2.17;2.7915;0.191457486824254;1280.27757131866
1171.49268;9.64996;133.41064;84.7229;0.43602;0.77765;2.18298;3.16553;0.190085911464202;1266.38215901702
1171.49268;9.64996;133.41064;84.7229;0.43602;0.77765;2.18298;3.16553;0.190085911464202;1266.38215901702
1171.49878;9.64581;133.44092;84.71967;0.43599;0.77628;2.18384;3.19043;0.189994781320471;1265.46245951238
1171.5;9.645;133.44701;84.719;0.43598;0.776;2.184;3.195;0.189977171990046;1265.28479399764
1171.59998;9.6338;132.30078;87.16602;0.43681;0.7828;2.1924;3.42505;0.178340221684239;1151.48189955202
1171.6001;9.63379;132.2998;87.16992;0.43681;0.78281;2.19241;3.42529;0.178321229134658;1151.30204092977
1171.65125;9.62807;131.71289;88.42188;0.43724;0.78629;2.1967;3.54297;0.171990033608085;1092.41337731788
1171.74744;9.61729;130.61035;90.77539;0.43804;0.79282;2.20478;3.76416;0.159295391676434;980.749003774677
1171.74744;9.61729;130.61035;90.77539;0.43804;0.79282;2.20478;3.76416;0.159295391676434;980.749003774677
1171.75;9.617;130.58099;90.838;0.43806;0.793;2.205;3.77;0.158941631671936;977.759829284532
1171.80005;9.623;129.9043;91.85547;0.43955;0.80161;2.2036;3.87354;0.153759003624184;934.730026185531
1171.80359;9.62343;129.85645;91.92773;0.43966;0.80222;2.2035;3.88086;0.153381189574013;931.648928918432
1171.95605;9.64172;127.79297;95.02734;0.44419;0.82845;2.19923;4.19678;0.135659460139887;795.643578060085
1172;9.647;127.198;95.921;0.4455;0.836;2.198;4.288;0.129959552104506;755.444293485242
1172.0022;9.64825;127.1969;95.90674;0.44556;0.8362;2.19772;4.29053;0.130089516678636;756.341669220007
1172.0022;9.64825;127.1969;95.90674;0.44556;0.8362;2.19772;4.29053;0.130089516678636;756.341669220007
1172.1084;9.71198;127.14337;95.23389;0.44869;0.84554;2.18456;4.41333;0.136244246001794;799.865722221051
1172.19995;9.76691;127.09723;94.65381;0.45139;0.8536;2.1732;4.51917;0.141517835713985;838.758917063452
1172.20007;9.76697;127.09717;94.65283;0.4514;0.85361;2.17319;4.51929;0.141526854849009;838.826699032884
1172.25;9.797;127.072;94.337;0.45287;0.858;2.167;4.577;0.144385785326767;860.530279766783
1172.25671;9.797;127.15234;94.38867;0.45295;0.85719;2.16697;4.58008;0.144086447542026;858.237519718125
1172.25671;9.797;127.15234;94.38867;0.45295;0.85719;2.16697;4.58008;0.144086447542026;858.237519718125
1172.26074;9.797;127.20117;94.41992;0.453;0.8567;2.16696;4.58191;0.143904514945293;856.846342576861
1172.40002;9.797;128.86328;95.49414;0.45473;0.84;2.1664;4.64539;0.137437235495679;808.535033519233
1172.41321;9.797;129.02051;95.5957;0.45489;0.83841;2.16635;4.65143;0.136800951842687;803.901933701324
1172.5;9.797;130.05499;96.265;0.45597;0.828;2.166;4.691;0.132504741894165;773.181739881096
1172.51123;9.80255;130.03198;96.39941;0.45601;0.82715;2.16555;4.6951;0.131578282447377;766.685538739765
1172.51123;9.80255;130.03198;96.39941;0.45601;0.82715;2.16555;4.6951;0.131578282447377;766.685538739765
1172.56555;9.82928;129.92017;97.05371;0.45619;0.82302;2.16338;4.71487;0.126957430503851;734.965394529981
1172.59998;9.84619;129.84937;97.46777;0.45631;0.8204;2.162;4.72739;0.123940116236046;714.86477234054
1172.6001;9.84625;129.84912;97.46973;0.45631;0.8204;2.162;4.72745;0.123925077072844;714.765795945994
1172.71802;9.9043;129.60669;98.88867;0.4567;0.81143;2.15728;4.77036;0.112985135093409;645.949496608608
1172.75;9.92;129.541;99.274;0.45681;0.809;2.156;4.782;0.109845759974364;627.375254479692
1172.76587;9.94617;129.56091;99.43555;0.45703;0.80735;2.15498;4.80591;0.108569779748341;619.975456150944
1172.76587;9.94617;129.56091;99.43555;0.45703;0.80735;2.15498;4.80591;0.108569779748341;619.975456150944
1172.80005;10.00269;129.604;99.7832;0.45751;0.80379;2.15279;4.85742;0.105772371094782;604.05498547696
1172.87036;10.1189;129.69263;100.49609;0.45848;0.79649;2.14829;4.9635;0.0998043319970303;571.478970235772
1173;10.333;129.856;101.812;0.46028;0.783;2.14;5.159;0.0879154753907328;512.221571243141
1173.02051;10.36963;130.12305;101.94873;0.46002;0.77924;2.13984;5.21851;0.0865573045278886;505.929767928378
1173.02051;10.36963;130.12305;101.94873;0.46002;0.77924;2.13984;5.21851;0.0865573045278886;505.929767928378
1173.02283;10.37378;130.15234;101.96387;0.46;0.77881;2.13982;5.2251;0.0864071830488432;505.240333756194
1173.17517;10.64673;132.12793;102.98047;0.45809;0.75078;2.1386;5.66626;0.0759158542177422;460.023144215907
1173.19995;10.69116;132.44922;103.146;0.45778;0.74622;2.1384;5.73804;0.0741405465576161;452.94986329193
1173.20007;10.69141;132.45117;103.14648;0.45778;0.74619;2.1384;5.73853;0.0741355286271612;452.930107740343
1173.25;10.781;133.09801;103.48;0.45716;0.737;2.138;5.883;0.070498709285884;438.963673884155
1173.27527;10.78333;133.44043;103.00391;0.45628;0.73398;2.13891;5.90192;0.0756226742229785;458.843461390422
1173.27527;10.78333;133.44043;103.00391;0.45628;0.73398;2.13891;5.90192;0.0756226742229785;458.843461390422
1173.32764;10.78814;134.15137;102.01562;0.45446;0.72769;2.14079;5.9411;0.0857389953504161;502.186035906189
1173.40002;10.7948;135.13477;100.65234;0.45195;0.71901;2.1434;5.99524;0.0986346569326315;565.315782488789
1173.47998;10.80215;136.2207;99.14453;0.44917;0.70941;2.14628;6.05505;0.111622910329068;637.825087126557
1173.5;10.804;136.493;98.768;0.44847;0.707;2.147;6.07;0.114675703957662;656.168094729158
1173.52979;10.70093;136.47491;98.67896;0.44812;0.71426;2.14486;6.0426;0.115512965888593;661.285402690073
1173.52979;10.70093;136.47491;98.67896;0.44812;0.71426;2.14486;6.0426;0.115512965888593;661.285402690073
1173.59998;10.45801;136.43225;98.46851;0.44729;0.73138;2.13981;5.97827;0.117481588460999;673.464203181389
1173.6001;10.45752;136.43213;98.46826;0.44729;0.73141;2.13979;5.97827;0.117485063149696;673.485881217027
1173.63245;10.3457;136.41248;98.37134;0.44691;0.73932;2.13747;5.94861;0.118387220866854;679.135975651626
1173.75;9.939;136.341;98.019;0.44552;0.768;2.129;5.841;0.12164550897532;699.902140834928
1173.78442;9.91187;135.73633;97.84717;0.44598;0.7804;2.12749;5.79541;0.12309462244585;709.318943804695
1173.78442;9.91187;135.73633;97.84717;0.44598;0.7804;2.12749;5.79541;0.12309462244585;709.318943804695
1173.78479;9.91162;135.73047;97.84521;0.44599;0.78055;2.12747;5.79492;0.123112180041731;709.433722501357
1173.80005;9.8996;135.46289;97.76904;0.44619;0.78604;2.1268;5.77466;0.123750520315215;713.617837820669
1173.93726;9.79144;133.05078;97.0835;0.44803;0.83542;2.12076;5.59302;0.129406677255978;751.637454847102
1174;9.742;131.94901;96.77;0.44887;0.858;2.118;5.51;0.131937735008415;769.200967659922
1174.03894;9.69446;131.72803;96.47656;0.4475;0.87573;2.12157;5.30957;0.133575661495113;780.748145349942
1174.03894;9.69446;131.72803;96.47656;0.4475;0.87573;2.12157;5.30957;0.133575661495113;780.748145349942
1174.0896;9.63269;131.44043;96.0957;0.44572;0.8988;2.12624;5.0498;0.135621740645074;795.372891995806
1174.19995;9.49805;130.81445;95.26562;0.44184;0.94916;2.13639;4.4834;0.139795964635976;825.898389148429
1174.20007;9.49792;130.81348;95.26465;0.44184;0.94922;2.1364;4.48291;0.139801510583753;825.939561398763
1174.24194;9.44678;130.57617;94.9502;0.44036;0.96826;2.14025;4.26807;0.141281380859414;836.984244418466
1174.25;9.437;130.53;94.89;0.44008;0.972;2.141;4.227;0.141557954291308;839.061287867121
1174.2937;9.41095;130.33643;94.61084;0.44172;0.97305;2.14572;4.18079;0.143226715286933;851.679668072062
1174.2937;9.41095;130.33643;94.61084;0.44172;0.97305;2.14572;4.18079;0.143226715286933;851.679668072062
1174.39441;9.35089;129.89014;93.9668;0.4455;0.97547;2.1566;4.07397;0.146963598541754;880.472559591924
1174.40002;9.3476;129.86523;93.93066;0.44571;0.9756;2.1572;4.06812;0.14716933828356;882.079333147391
1174.5;9.288;129.422;93.291;0.44947;0.978;2.168;3.962;0.150723621545238;910.192196464458
1174.54675;9.29642;129.24365;93.30804;0.45091;0.96436;2.16781;4.0293;0.150868092977367;911.349030183042
1174.54846;9.29672;129.2373;93.30865;0.45097;0.96387;2.16781;4.03186;0.150874194521123;911.397912215736
1174.54846;9.29672;129.2373;93.30865;0.45097;0.96387;2.16781;4.03186;0.150874194521123;911.397912215736
1174.59998;9.306;129.04102;93.32742;0.45256;0.94882;2.1676;4.10596;0.151033634283023;912.675938341413
1174.6001;9.30602;129.04053;93.32745;0.45256;0.94876;2.1676;4.1062;0.151033344394422;912.673612933388
1174.69922;9.32385;128.6626;93.36353;0.45562;0.91983;2.1672;4.2489;0.151338550548383;915.123815449819
1174.75;9.333;128.46899;93.382;0.45718;0.905;2.167;4.322;0.15149235325461;916.360416177564
1174.80005;9.38684;128.87988;94.12695;0.45459;0.896;2.16219;4.40686;0.146860986578221;879.671615005616
1174.80298;9.39001;128.90332;94.16992;0.45443;0.89546;2.16191;4.41187;0.146586721287551;877.534661686312
1174.80298;9.39001;128.90332;94.16992;0.45443;0.89546;2.16191;4.41187;0.146586721287551;877.534661686312
1174.85156;9.44226;129.30176;94.89258;0.45191;0.88672;2.15725;4.49426;0.141910024667224;841.710709748399
1175;9.602;130.519;97.098;0.44421;0.86;2.143;4.746;0.126487935056711;731.80616230825
1175.00403;9.61377;130.61719;97.17773;0.4438;0.85953;2.14308;4.7627;0.125837777212066;727.450306117252
1175.05762;9.76953;131.91797;98.24414;0.43849;0.85332;2.14415;4.97998;0.116961978201921;670.230176852361
1175.05762;9.76953;131.91797;98.24414;0.43849;0.85332;2.14415;4.97998;0.116961978201921;670.230176852361
1175.15637;10.05688;134.3125;100.20898;0.4287;0.84186;2.14613;5.38037;0.0995203642433329;569.976090788493
1175.19995;10.18359;135.36914;101.07617;0.42438;0.83681;2.147;5.55713;0.0913228955323158;528.437731791412
1175.20007;10.18384;135.37109;101.07812;0.42436;0.83679;2.147;5.55762;0.0913029704569279;528.341114398074
1175.25;10.329;136.58099;102.071;0.41942;0.831;2.148;5.76;0.0814969332643429;483.349700053403
1175.30884;10.40198;137.61719;101.47363;0.41492;0.82251;2.15318;5.80969;0.0865332392185557;505.81904582707
1175.31213;10.40601;137.67578;101.44043;0.41467;0.82204;2.15347;5.81244;0.0868047103924282;507.068465300041
1175.31213;10.40601;137.67578;101.44043;0.41467;0.82204;2.15347;5.81244;0.0868047103924282;507.068465300041
1175.40002;10.51501;139.22266;100.54785;0.40795;0.80939;2.16121;5.88666;0.0937842637390061;540.534904851323
1175.46118;10.59082;140.30078;99.92773;0.40327;0.80058;2.16659;5.93823;0.0982865847389711;563.495763611613
1175.5;10.639;140.98399;99.533;0.40031;0.795;2.17;5.971;0.101015850102378;577.938460039813
1175.56689;10.57129;139.32422;98.82715;0.40051;0.79473;2.16572;5.90369;0.106671597627752;609.126775809424
1175.56689;10.57129;139.32422;98.82715;0.40051;0.79473;2.16572;5.90369;0.106671597627752;609.126775809424
1175.59998;10.53784;138.50391;98.47852;0.40061;0.7946;2.1636;5.87048;0.109387486733656;624.707090730006
1175.6001;10.53772;138.5;98.47656;0.40061;0.7946;2.1636;5.87036;0.109401785634013;624.790156105109
1175.61365;10.52393;138.16406;98.33398;0.40065;0.79455;2.16273;5.85681;0.110498020723882;631.19074919325
1175.75;10.386;134.78;96.894;0.40106;0.794;2.154;5.72;0.121123519662654;696.536891980496
1175.76599;10.35376;134.29297;96.88568;0.40178;0.79977;2.15362;5.69141;0.121236868557339;697.266340952666
1175.80005;10.28491;133.25;96.8681;0.40333;0.81204;2.1528;5.6311;0.121479812076549;698.832083527145
1175.82153;10.2417;132.59375;96.85706;0.4043;0.81976;2.15228;5.59277;0.121632083933158;699.815054905308
1175.82153;10.2417;132.59375;96.85706;0.4043;0.81976;2.15228;5.59277;0.121632083933158;699.815054905308
1175.91846;10.04639;129.625;96.80701;0.40871;0.85468;2.14996;5.42065;0.122323159023398;704.291666410839
1176;9.882;127.125;96.765;0.41241;0.884;2.148;5.276;0.122903295736968;708.069217834958
1176.0708;9.75342;126.24121;96.55054;0.41964;0.93695;2.14828;4.86133;0.125369102991734;724.324289983215
1176.07617;9.7439;126.17383;96.53418;0.42018;0.94098;2.1483;4.82959;0.125555737285726;725.567762424726
1176.07617;9.7439;126.17383;96.53418;0.42018;0.94098;2.1483;4.82959;0.125555737285726;725.567762424726
1176.19995;9.51904;124.62793;96.15942;0.43283;10.03351;2.1488;4.10498;0.129882009849517;754.914190268403
1176.20007;9.5188;124.62598;96.15918;0.43285;10.03363;2.1488;4.104;0.129886577993508;754.945698467139
1176.22314;9.47681;124.33789;96.08911;0.4352;10.0509;2.14889;3.96875;0.130695566206581;760.543066894572
1176.25;9.428;124.002;96.008;0.43795;10.071;2.149;3.812;0.131636769960358;767.098970013676
1176.33069;9.35889;124.02881;94.93066;0.44812;10.07713;2.15061;3.72327;0.140524609423068;831.326261119377
1176.33069;9.35889;124.02881;94.93066;0.44812;10.07713;2.15061;3.72327;0.140524609423068;831.326261119377
1176.37561;9.32043;124.0437;94.33105;0.45378;10.08055;2.15151;3.67383;0.145373681829972;868.136373709155
1176.40002;9.29956;124.05182;94.00488;0.45686;10.08241;2.152;3.64697;0.147983848632146;888.467546225109
1176.5;9.214;124.085;92.671;0.46947;10.09;2.154;3.537;0.158468774990418;973.782598496016
1176.52795;9.214;124.10828;92.92188;0.47217;10.08597;2.15623;3.5791;0.157235798314119;963.447074334061
1176.58533;9.214;124.15601;93.43848;0.47771;10.07771;2.16083;3.66565;0.154614688808701;941.743644520292
1176.58533;9.214;124.15601;93.43848;0.47771;10.07771;2.16083;3.66565;0.154614688808701;941.743644520292
1176.59998;9.214;124.16821;93.57031;0.47913;10.07559;2.16199;3.68774;0.153931181973875;936.144013858541
1176.6001;9.214;124.16827;93.57129;0.47914;10.07558;2.162;3.68787;0.153925835274928;936.100308811769
1176.68042;9.214;124.23511;94.29395;0.4869;10.06401;2.16843;3.80908;0.150039690065853;904.735680522791
1176.75;9.214;124.293;94.92;0.49362;10.054;2.174;3.914;0.146491366726953;876.798011160912
1176.80005;9.22641;124.50146;95.7207;0.49404;10.04037;2.171;4.04688;0.141216724855402;836.503870070686
1176.83276;9.2345;124.63721;96.24414;0.49431;10.03146;2.16904;4.13354;0.137624022002995;809.904314077185
1176.83997;9.2363;124.66748;96.35938;0.49437;10.02951;2.1686;4.15259;0.136818106141522;804.031620597859
1176.83997;9.2363;124.66748;96.35938;0.49437;10.02951;2.1686;4.15259;0.136818106141522;804.031620597859
1176.98523;9.27231;125.27148;98.68359;0.49558;0.98999;2.15989;4.53784;0.119230322602153;684.456569932732
1177;9.276;125.333;98.919;0.4957;0.986;2.159;4.577;0.117298522518487;672.324354220876
1177.09473;9.33588;128.42578;99.50293;0.48433;0.95831;2.15711;4.83569;0.111267384485116;635.722273476255
1177.09473;9.33588;128.42578;99.50293;0.48433;0.95831;2.15711;4.83569;0.111267384485116;635.722273476255
1177.13757;9.36298;129.82031;99.76709;0.47919;0.9458;2.15625;4.95264;0.108510324574864;619.633432051626
1177.19995;9.4024;131.85547;100.15137;0.47171;0.92758;2.155;5.12305;0.104466927367561;596.768261300204
1177.20007;9.40247;131.86328;100.15234;0.47169;0.92755;2.155;5.12354;0.10445671554149;596.711613194916
1177.25;9.434;133.49001;100.46;0.46571;0.913;2.154;5.26;0.101190900541897;578.879206424127
1177.29004;9.46515;134.00195;100.35107;0.46369;0.90292;2.15544;5.36108;0.101929808965395;582.864250742203
1177.34924;9.51105;134.75781;100.18994;0.46069;0.888;2.15757;5.51025;0.103000018630116;588.68745449346
1177.34924;9.51105;134.75781;100.18994;0.46069;0.888;2.15757;5.51025;0.103000018630116;588.68745449346
1177.40002;9.55048;135.40527;100.05176;0.45813;0.87521;2.1594;5.63818;0.103899214136236;593.62715394365
1177.44238;9.58331;135.94629;99.93652;0.45599;0.86453;2.16092;5.74487;0.10463522001383;597.70232814244
1177.5;9.628;136.681;99.78;0.45307;0.85;2.163;5.89;0.105612198118587;603.156164890226
1177.59485;9.67847;136.7121;99.81717;0.45693;0.82269;2.16452;5.98865;0.10568708425105;603.576222776038
1177.59998;9.68121;136.71381;99.81918;0.45713;0.8212;2.1646;5.99402;0.105690071452633;603.5929836126
1177.6001;9.68127;136.71384;99.81921;0.45714;0.82117;2.1646;5.99414;0.105691094256805;603.598724093541
1177.60388;9.68329;136.71509;99.82071;0.45729;0.82007;2.16466;5.99805;0.105693389734377;603.611604336583
1177.60388;9.68329;136.71509;99.82071;0.45729;0.82007;2.16466;5.99805;0.105693389734377;603.611604336583
1177.74719;9.75952;136.76208;99.87689;0.46312;0.77881;2.16695;6.14709;0.10580004477617;604.210393509417
1177.75;9.761;136.763;99.878;0.46323;0.778;2.167;6.15;0.105801105942506;604.216352707216
1177.80005;9.77921;136.23047;99.48438;0.46718;0.79544;2.165;6.10449;0.109831086253332;627.289721975799
1177.8584;9.80045;135.6084;99.02441;0.47179;0.81573;2.16266;6.05151;0.114487940728292;655.026335130219
1177.8584;9.80045;135.6084;99.02441;0.47179;0.81573;2.16266;6.05151;0.114487940728292;655.026335130219
1177.89966;9.81546;135.16895;98.69922;0.47505;0.83011;2.16101;6.01404;0.117747457376077;675.125426037443
1178;9.852;134.101;97.909;0.48299;0.865;2.157;5.923;0.125562952200278;725.616213765708
1178.052;9.92737;133.26758;96.97461;0.48466;0.89014;2.15617;5.81982;0.133177438913358;777.927939348755
1178.11316;10.01587;132.28711;95.87695;0.48662;0.91974;2.15519;5.69824;0.141688267170672;840.041548127782
1178.11316;10.01587;132.28711;95.87695;0.48662;0.91974;2.15519;5.69824;0.141688267170672;840.041548127782
1178.19995;10.1416;130.89648;94.31641;0.48941;0.96173;2.1538;5.52563;0.153053783515101;928.98743707493
1178.20007;10.14172;130.89453;94.31445;0.48941;0.96179;2.1538;5.52539;0.153066722725993;929.092607822169
1178.20435;10.14795;130.82617;94.23828;0.48955;0.96387;2.15373;5.51685;0.153601606929093;933.447961863421
1178.25;10.214;130.095;93.418;0.49101;0.986;2.153;5.426;0.159237843176335;980.265170787097
1178.35681;10.2187;129.93176;92.91309;0.48878;0.99284;2.14104;5.45633;0.163190252639247;1014.10199237185
1178.36792;10.21919;129.91479;92.86084;0.48855;0.99355;2.1398;5.45947;0.163596706295159;1017.62870886338
1178.36792;10.21919;129.91479;92.86084;0.48855;0.99355;2.1398;5.45947;0.163596706295159;1017.62870886338
1178.40002;10.2206;129.86572;92.70898;0.48788;0.9956;2.1362;5.4686;0.164774366251459;1027.89656103528
1178.5;10.225;129.713;92.237;0.4858;10.002;2.125;5.497;0.168407587847586;1060.0437286835
1178.50916;10.2246;129.86914;92.24756;0.48623;0.99774;2.12478;5.51758;0.168482494551874;1060.70824150574
1178.59998;10.2206;131.42188;92.35254;0.49044;0.95563;2.1226;5.72217;0.169206243531989;1067.19737915357
1178.6001;10.2206;131.42383;92.35266;0.49045;0.95557;2.1226;5.72241;0.169207861225067;1067.21191470717
1178.62244;10.21961;131.80469;92.37842;0.49149;0.94519;2.12206;5.77271;0.169385111389736;1068.80539294217
1178.62244;10.21961;131.80469;92.37842;0.49149;0.94519;2.12206;5.77271;0.169385111389736;1068.80539294217
1178.66162;10.21789;132.47461;92.42383;0.49331;0.927;2.12112;5.86108;0.169691408963959;1071.56293507734
1178.75;10.214;133.98599;92.526;0.49741;0.886;2.119;6.06;0.17037325007076;1077.71929920346
1178.80005;10.2122;134.69727;92.80322;0.49723;0.87497;2.118;6.22241;0.168791494553828;1063.47485522561
1178.81396;10.2117;134.89453;92.88037;0.49718;0.87192;2.11772;6.26733;0.168346229667235;1059.48900295767
1178.87695;10.20943;135.78906;93.22949;0.49695;0.85806;2.11646;6.47168;0.166302135016109;1041.32610733436
1178.87695;10.20943;135.78906;93.22949;0.49695;0.85806;2.11646;6.47168;0.166302135016109;1041.32610733436
1178.96643;10.20621;137.06055;93.72559;0.49663;0.83838;2.11467;6.76196;0.163317530463411;1015.20478120946
1179;10.205;137.53799;93.912;0.49651;0.831;2.114;6.871;0.162170512468665;1005.29188586284
1179.11877;10.2031;138.29102;95.39355;0.49986;0.81483;2.11685;6.92609;0.151960202206962;920.130454769396
1179.13159;10.20289;138.37207;95.55371;0.50023;0.8131;2.11716;6.93201;0.150804901838318;910.843052107262
1179.13159;10.20289;138.37207;95.55371;0.50023;0.8131;2.11716;6.93201;0.150804901838318;910.843052107262
1179.19995;10.2018;138.80518;96.40625;0.50216;0.8038;2.1188;6.96375;0.144465568300052;861.142966393131
1179.20007;10.2018;138.80615;96.4082;0.50216;0.80379;2.1188;6.96381;0.144450296311438;861.025811535831
1179.25;10.201;139.12199;97.03;0.50357;0.797;2.12;6.987;0.139622243622261;824.609603189525
1179.27124;10.20015;139.11588;97.04553;0.50266;0.79649;2.12154;6.98861;0.139229812008473;821.704014057882
1179.38623;10.19555;139.08276;97.1297;0.4977;0.79373;2.12981;6.99735;0.137111226221371;806.159119173499
1179.38623;10.19555;139.08276;97.1297;0.4977;0.79373;2.12981;6.99735;0.137111226221371;806.159119173499
1179.40002;10.195;139.07877;97.13977;0.4971;0.7934;2.13081;6.9984;0.136856648366735;804.307223120839
1179.42358;10.19406;139.07199;97.15704;0.49609;0.79283;2.1325;7.00019;0.136425347813753;801.177633673644
1179.5;10.191;139.05;97.213;0.49279;0.791;2.138;7.006;0.135024939945029;791.084148023224
1179.57605;10.18126;138.68164;96.66699;0.48862;0.7913;2.14043;7.00965;0.138452973456871;815.976104096912
1179.59998;10.17821;138.56543;96.49512;0.4873;0.7914;2.1412;7.0108;0.139492795035731;823.649904191889
1179.6001;10.17819;138.56494;96.49414;0.4873;0.7914;2.1412;7.01081;0.139500274209689;823.705308022866
1179.64099;10.17296;138.36719;96.20117;0.48505;0.79156;2.14251;7.01277;0.141232437947927;836.616712149688
1179.64099;10.17296;138.36719;96.20117;0.48505;0.79156;2.14251;7.01277;0.141232437947927;836.616712149688
1179.72839;10.16176;137.94336;95.57422;0.48026;0.79191;2.14531;7.01696;0.144777069986316;863.534724612355
1179.75;10.159;137.839;95.419;0.47907;0.792;2.146;7.018;0.145620290769179;870.036398557276
1179.80005;10.159;137.24414;95.87207;0.47804;0.7928;2.1462;7.0178;0.142013212898686;842.48853261316
1179.88086;10.159;136.28418;96.60449;0.47639;0.79409;2.14652;7.01748;0.136049248343114;798.456335900924
1179.89563;10.159;136.10938;96.73828;0.47608;0.79433;2.14658;7.01742;0.134939645237213;790.47249137513
1179.89563;10.159;136.10938;96.73828;0.47608;0.79433;2.14658;7.01742;0.134939645237213;790.47249137513
1180;10.159;134.87;97.684;0.47394;0.796;2.147;7.017;0.126930524624193;734.784218863051
1180.0332;10.14227;134.57812;98.06738;0.47256;0.80026;2.1498;7.00424;0.123358489102894;711.045879702176
1180.15015;10.08331;133.55176;99.41797;0.46771;0.81523;2.15961;6.95932;0.110433646175356;630.813824502315
1180.15015;10.08331;133.55176;99.41797;0.46771;0.81523;2.15961;6.95932;0.110433646175356;630.813824502315
1180.18555;10.06549;133.24121;99.82715;0.46624;0.81976;2.16259;6.94574;0.10640399765465;607.61347314081
1180.19995;10.05823;133.11426;99.99414;0.46565;0.82159;2.1638;6.94022;0.104745105001237;598.313103125911
1180.20007;10.05817;133.11328;99.99512;0.46564;0.82161;2.16381;6.94016;0.104734294513126;598.252974745321
1180.25;10.033;132.675;100.573;0.46357;0.828;2.168;6.921;0.0989157654624096;566.790676916832
1180.33801;9.92944;133.6875;100.81787;0.45595;0.84032;2.17293;6.86578;0.0955977403377657;549.65416465213
1180.40002;9.85645;134.40039;100.99072;0.45058;0.849;2.1764;6.82684;0.093267159593188;537.967020560125
1180.40479;9.85095;134.45508;101.00391;0.45016;0.84967;2.17667;6.82385;0.0930882203945707;537.081618696618
1180.40479;9.85095;134.45508;101.00391;0.45016;0.84967;2.17667;6.82385;0.0930882203945707;537.081618696618
1180.49036;9.75024;135.43945;101.24219;0.44276;0.86165;2.18146;6.77008;0.0898905501487822;521.546042852333
1180.5;9.739;135.55099;101.269;0.44192;0.863;2.182;6.764;0.0895310101021738;519.833210447048
1180.59998;9.64624;137.11523;100.66016;0.43773;0.8526;2.18759;6.67126;0.0944585432607589;543.905308084982
1180.6001;9.64612;137.11719;100.65918;0.43773;0.85259;2.1876;6.67114;0.0944669220286543;543.947338380131
1180.64282;9.60645;137.78516;100.39893;0.43594;0.84814;2.18999;6.63147;0.096491217494446;554.211017862353
1180.65942;9.59106;138.04492;100.29785;0.43525;0.84642;2.19093;6.61609;0.0972645596582621;558.189498653759
1180.65942;9.59106;138.04492;100.29785;0.43525;0.84642;2.19093;6.61609;0.0972645596582621;558.189498653759
1180.75;9.507;139.464;99.746;0.43145;0.837;2.196;6.532;0.101363259726951;579.805579533987
1180.79517;9.50682;139.47881;100.06348;0.43481;0.83971;2.19762;6.48987;0.0990079746657832;567.275035330975
1180.80005;9.5068;139.48042;100.09766;0.43517;0.84;2.1978;6.48535;0.0987498532362395;565.919693298921
1180.91418;9.50634;139.51787;100.89746;0.44366;0.84685;2.20191;6.37903;0.0924963242597126;534.16490496985
1180.91418;9.50634;139.51787;100.89746;0.44366;0.84685;2.20191;6.37903;0.0924963242597126;534.16490496985
1180.94763;9.50621;139.52882;101.13184;0.44615;0.84885;2.20311;6.34778;0.0905785827967562;524.842878125049
1181;9.506;139.54601;101.498;0.45004;0.852;2.205;6.299;0.0875007304946181;510.289868578825
1181.09998;9.5044;137.69727;100.97607;0.46089;0.87199;2.19501;6.27063;0.0939369700862104;541.296469794194
1181.1687;9.5033;136.42578;100.6167;0.46837;0.88574;2.18813;6.2511;0.0983783313882694;563.975505159233
1181.1687;9.5033;136.42578;100.6167;0.46837;0.88574;2.18813;6.2511;0.0983783313882694;563.975505159233
1181.19995;9.5028;135.84766;100.45361;0.47176;0.892;2.18501;6.24222;0.100395274208572;574.620539114539
1181.20007;9.5028;135.84375;100.45312;0.47177;0.89201;2.185;6.24219;0.100401047361569;574.651318724217
1181.25;9.502;134.91901;100.192;0.47719;0.902;2.18;6.228;0.103632551935546;592.157898243063
1181.25244;9.50098;134.90479;100.21289;0.47727;0.90198;2.17986;6.22412;0.103459089014139;591.204088253703
1181.40002;9.43723;134.06885;101.44922;0.48218;0.9008;2.171;5.98926;0.0927053101918481;535.193002421188
1181.40479;9.43515;134.04199;101.48828;0.48233;0.90076;2.17072;5.98157;0.0923467390306897;533.43118033738
1181.42334;9.42715;133.93701;101.64355;0.48295;0.90061;2.1696;5.95203;0.0909130637804958;526.45511086348
1181.42334;9.42715;133.93701;101.64355;0.48295;0.90061;2.1696;5.95203;0.0909130637804958;526.45511086348
1181.5;9.394;133.50301;102.285;0.4855;0.9;2.165;5.83;0.0847875359837638;497.878573454086
1181.55725;9.38896;134.03711;103.27734;0.4798;0.88832;2.16431;5.86548;0.0736347554581855;450.965605860876
1181.59998;9.3852;134.43652;104.01758;0.47555;0.87961;2.1638;5.89197;0.0649445935923203;418.989932105259
1181.6001;9.38519;134.4375;104.01953;0.47554;0.87958;2.1638;5.89209;0.0649212921456685;418.909584808627
1181.67786;9.37835;135.16309;105.36719;0.4678;0.86372;2.16286;5.94025;0.0481995461556202;368.684880356511
1181.67786;9.37835;135.16309;105.36719;0.4678;0.86372;2.16286;5.94025;0.0481995461556202;368.684880356511
1181.70959;9.37556;135.45898;105.91602;0.46464;0.85724;2.16248;5.95996;0.0410260785596909;351.690249777026
1181.75;9.372;135.836;106.616;0.46062;0.849;2.162;5.985;0.0315442857064167;333.420077224831
1181.80005;9.38684;136.2832;107.04297;0.45541;0.8324;2.1612;6.07495;0.0254965405878548;324.260567302566
1181.86206;9.40518;136.83594;107.57324;0.44897;0.8118;2.16021;6.18652;0.0178147100155494;315.426551541877
1181.93262;9.42609;137.46484;108.17578;0.44163;0.78839;2.15908;6.31323;0.00884097432112724;309.075355047209
1181.93262;9.42609;137.46484;108.17578;0.44163;0.78839;2.15908;6.31323;0.00884097432112724;309.075355047209
1182;9.446;138.06599;108.752;0.43463;0.766;2.158;6.434;0;307
1182.0144;9.45035;138.08569;108.53516;0.43347;0.76369;2.15863;6.44623;0.00334282873233032;307.296701772426
1182.16675;9.49603;138.29419;106.23438;0.42124;0.73932;2.16534;6.57538;0.0349867167740636;339.501085960153
1182.18738;9.50223;138.32239;105.92188;0.41959;0.73602;2.16624;6.5929;0.0387993624258851;346.970595223918
1182.18738;9.50223;138.32239;105.92188;0.41959;0.73602;2.16624;6.5929;0.0387993624258851;346.970595223918
1182.19995;9.50601;138.3396;105.73242;0.41858;0.73401;2.1668;6.60358;0.041058934640865;351.761718916403
1182.20007;9.50604;138.33972;105.73047;0.41857;0.73399;2.1668;6.60364;0.0410821645246461;351.812382823615
1182.25;9.521;138.408;104.977;0.41456;0.726;2.169;6.646;0.0497019956041527;372.590193903684
1182.31921;9.51492;137.80078;104.65039;0.41509;0.73845;2.17537;6.59778;0.0531803123669714;382.09189745545
1182.40002;9.5078;137.09082;104.26904;0.41572;0.75299;2.1828;6.54156;0.0571014316398847;393.573576428786
1182.44189;9.50412;136.72363;104.07178;0.41604;0.76053;2.18665;6.51239;0.0590711269042339;399.64924915539
1182.44189;9.50412;136.72363;104.07178;0.41604;0.76053;2.18665;6.51239;0.0590711269042339;399.64924915539
1182.47156;9.50151;136.46387;103.93164;0.41627;0.76587;2.18938;6.49176;0.0604475375601454;404.017178101446
1182.5;9.499;136.214;103.797;0.41649;0.771;2.192;6.472;0.0617519022403295;408.249318601047
1182.59998;9.45621;135.02539;103.46655;0.41801;0.8222;2.1872;6.28149;0.0653919825443174;420.537894361435
1182.6001;9.45615;135.02441;103.46606;0.41802;0.82227;2.1872;6.28125;0.0653977687205653;420.557988088819
1182.62402;9.44592;134.74023;103.38696;0.41838;0.83447;2.18605;6.23584;0.0662614860176889;423.577371198135
1182.69641;9.41492;133.87988;103.14795;0.41948;0.87158;2.18258;6.0979;0.0688550794611333;432.882144846204
1182.69641;9.41492;133.87988;103.14795;0.41948;0.87158;2.18258;6.0979;0.0688550794611333;432.882144846204
1182.75;9.392;133.244;102.971;0.4203;0.899;2.18;5.996;0.0707602758938273;439.944805809632
1182.77637;9.39147;133.42188;103.27344;0.41914;0.89678;2.18032;5.95654;0.0676071655763812;428.360615310207
1182.80005;9.391;133.58203;103.54492;0.4181;0.89479;2.1806;5.92114;0.0647343246506574;418.265758257621
1182.92883;9.38842;134.45166;105.02344;0.41244;0.88398;2.18215;5.72839;0.048323975836275;369.003681112165
1182.95105;9.38798;134.60156;105.27832;0.41146;0.88211;2.18241;5.69519;0.0453557300901891;361.620598942837
1182.95105;9.38798;134.60156;105.27832;0.41146;0.88211;2.18241;5.69519;0.0453557300901891;361.620598942837
1183;9.387;134.93201;105.841;0.40931;0.878;2.183;5.622;0.0386466590231974;346.656647130839
1183.08118;9.38667;135.05933;106.50977;0.40379;0.88676;2.17943;5.68304;0.0303339678730933;331.431522413107
1183.19995;9.3862;135.24548;107.48926;0.39572;0.8996;2.1742;5.7724;0.0175784354332679;315.204507666642
1183.20007;9.3862;135.24573;107.49023;0.39571;0.8996;2.1742;5.77246;0.0175653339327211;315.192282309446
1183.20569;9.38618;135.25452;107.53711;0.39532;0.90022;2.17395;5.77667;0.0169362989200225;314.616038124229
1183.20569;9.38618;135.25452;107.53711;0.39532;0.90022;2.17395;5.77667;0.0169362989200225;314.616038124229
1183.23364;9.38606;135.29834;107.76758;0.39342;0.90324;2.17272;5.79773;0.013818688894438;312.070207910216
1183.25;9.386;135.32401;107.902;0.39232;0.905;2.172;5.81;0.0119805738080997;310.811073529544
1183.38599;9.43005;135.36972;106.60449;0.39784;0.89956;2.17254;5.87366;0.0290712017225691;329.43975444257
1183.40002;9.4346;135.37442;106.4707;0.39841;0.899;2.1726;5.88025;0.0307577737722845;332.118976034758
1183.46045;9.45419;135.39474;105.89355;0.40086;0.89658;2.17284;5.90851;0.0378826151892597;345.10413065202
1183.46045;9.45419;135.39474;105.89355;0.40086;0.89658;2.17284;5.90851;0.0378826151892597;345.10413065202
1183.5;9.467;135.408;105.516;0.40247;0.895;2.173;5.927;0.0424162113173068;354.770073818272
1183.53845;9.47961;135.50415;104.47266;0.40448;0.89053;2.17285;5.89062;0.0543084868276966;385.311866090896
1183.59998;9.49982;135.6582;102.80469;0.40771;0.88341;2.1726;5.83252;0.0718534790353693;444.084317999649
1183.6001;9.49985;135.65869;102.80078;0.40772;0.88339;2.1726;5.83252;0.0718928789139094;444.234695869732
1183.6908;9.5296;135.88574;100.3418;0.41247;0.87286;2.17224;5.74683;0.0949534634616019;546.394298191901
1183.71509;9.53757;135.94653;99.68359;0.41375;0.87004;2.17214;5.72388;0.100639301853349;575.922669776544
1183.71509;9.53757;135.94653;99.68359;0.41375;0.87004;2.17214;5.72388;0.100639301853349;575.922669776544
1183.75;9.549;136.034;98.738;0.41558;0.866;2.172;5.691;0.108486323530647;619.494349894335
1183.80005;9.55821;136.20044;98.38477;0.41384;0.866;2.1696;5.6394;0.111172944531955;635.163593608061
1183.84314;9.56613;136.34399;98.08008;0.41234;0.866;2.16753;5.59497;0.113446292004205;648.721881721281
1183.9696;9.5894;136.76489;97.18555;0.40794;0.866;2.16146;5.46436;0.119893773796601;688.66771792008
1183.9696;9.5894;136.76489;97.18555;0.40794;0.866;2.16146;5.46436;0.119893773796601;688.66771792008
1183.99561;9.59419;136.85132;97.00195;0.40703;0.866;2.16021;5.43762;0.121176068354642;696.875441905045
1184;9.595;136.866;96.97;0.40688;0.866;2.16;5.433;0.121398491803049;698.308018643893
1184.14795;9.73108;136.50073;96.45459;0.40523;0.88315;2.16355;5.42117;0.124374172903535;717.726405695666
1184.19995;9.77893;136.37256;96.27344;0.40465;0.88919;2.1648;5.417;0.125388495787104;724.45302707538
1184.20007;9.77905;136.37207;96.27295;0.40465;0.88919;2.1648;5.41699;0.125391726322871;724.474538041843
1184.22412;9.80115;136.31274;96.18945;0.40438;0.89198;2.16538;5.41507;0.125853072441071;727.552173643932
1184.22412;9.80115;136.31274;96.18945;0.40438;0.89198;2.16538;5.41507;0.125853072441071;727.552173643932
1184.25;9.825;136.24899;96.099;0.40409;0.895;2.166;5.413;0.126350209490833;730.881222194762
1184.30042;9.825;135.20703;96.36621;0.40678;0.89863;2.16903;5.31299;0.124535249944018;718.791007130405
1184.40002;9.825;133.14648;96.89404;0.41208;0.9058;2.175;5.11475;0.120874528756358;694.937613891454
1184.45276;9.825;132.05664;97.17334;0.41489;0.9096;2.17817;5.01001;0.118896561886624;682.345241884643
1184.47888;9.825;131.51758;97.31201;0.41628;0.91148;2.17973;4.95801;0.11790437269365;676.106893153813
1184.47888;9.825;131.51758;97.31201;0.41628;0.91148;2.17973;4.95801;0.11790437269365;676.106893153813
1184.5;9.825;131.08;97.424;0.4174;0.913;2.181;4.916;0.117096193802241;671.06413447377
1184.59998;9.8326;129.68555;96.81348;0.41362;0.94617;2.1806;4.8876;0.120597248180113;693.159962030221
1184.6001;9.8326;129.68359;96.8125;0.41362;0.94623;2.1806;4.88754;0.120603666307966;693.201065865782
1184.60522;9.83299;129.61133;96.78125;0.41343;0.94791;2.18058;4.88611;0.120777919651925;694.317876412104
1184.73364;9.84275;127.82031;95.99756;0.40857;0.99057;2.18007;4.84964;0.124975138468441;721.705533963061
1184.73364;9.84275;127.82031;95.99756;0.40857;0.99057;2.18007;4.84964;0.124975138468441;721.705533963061
1184.75;9.844;127.592;95.898;0.40795;0.996;2.18;4.845;0.125486404360623;725.105560416268
1184.75757;9.84015;127.62061;95.79785;0.40827;0.9973;2.18012;4.84985;0.126186788539916;729.78578560152
1184.80005;9.81854;127.78418;95.22949;0.41005;10.00461;2.1808;4.87701;0.13010231919978;756.434964296206
1184.91003;9.7627;128.20801;93.75781;0.41467;10.02353;2.18256;4.94739;0.139842111268204;826.245485437736
1184.98816;9.72296;128.50879;92.71289;0.41795;10.03696;2.18381;4.99744;0.146432178582857;876.337561216732
1184.98816;9.72296;128.50879;92.71289;0.41795;10.03696;2.18381;4.99744;0.146432178582857;876.337561216732
1185;9.717;128.55499;92.554;0.41845;10.039;2.184;5.005;0.147412456246324;883.985839986811
1185.06238;9.72075;128.84033;92.63013;0.4201;10.02103;2.182;5.06616;0.147561023469645;885.149441050772
1185.19995;9.729;129.47021;92.79797;0.42373;0.98141;2.1776;5.20093;0.147869002250315;887.559904564233
1185.20007;9.72901;129.4707;92.7981;0.42373;0.98138;2.17759;5.20105;0.147869337100068;887.562533830467
1185.21484;9.72989;129.53809;92.81604;0.42412;0.97711;2.17712;5.21558;0.147901198078225;887.812729803764
1185.2428;9.73157;129.66602;92.85022;0.42486;0.96906;2.17623;5.24292;0.147959924774092;888.274035520402
1185.2428;9.73157;129.66602;92.85022;0.42486;0.96906;2.17623;5.24292;0.147959924774092;888.274035520402
1185.25;9.732;129.69901;92.859;0.42505;0.967;2.176;5.25;0.147974993950053;888.392435303895
1185.36719;9.8479;129.57996;94.04785;0.43273;0.9314;2.16428;5.29407;0.143362965577214;852.715957518349
1185.40002;9.88025;129.54663;94.38086;0.43488;0.92139;2.161;5.3064;0.141950209998456;842.013541040294
1185.49731;9.97644;129.44775;95.36719;0.44126;0.89182;2.15127;5.34299;0.137440363044935;808.558115319927
1185.49731;9.97644;129.44775;95.36719;0.44126;0.89182;2.15127;5.34299;0.137440363044935;808.558115319927
1185.5;9.979;129.44501;95.394;0.44144;0.891;2.151;5.344;0.137312264689785;807.623617214611
1185.51965;9.95837;129.28027;95.08203;0.44249;0.90063;2.15092;5.33591;0.139566754432075;824.197826653899
1185.59998;9.87378;128.60742;93.81055;0.44678;0.94019;2.1506;5.30283;0.148471203892012;892.298513931081
1185.6001;9.87366;128.60645;93.80859;0.44678;0.94025;2.1506;5.30276;0.148483348917919;892.394273678429
1185.672;9.7981;128.00488;92.66992;0.45062;0.97559;2.15031;5.27313;0.156093914726817;953.941624751563
1185.75;9.716;127.352;91.436;0.45478;10.014;2.15;5.241;0.163985341606607;1021.01428759417
1185.75208;9.71362;127.3125;91.42529;0.45479;10.01421;2.15025;5.24219;0.164013394187422;1021.25859768205
